{
"type": "FeatureCollection",
"name": "sudbury_railway_clipped",
"crs": { "type": "name", "properties": { "name": "urn:ogc:def:crs:OGC:1.3:CRS84" } },
"features": [
{"type":"Feature","properties":{"full_id":"w37226287","osm_id":"37226287","osm_type":"way","railway":"rail","covered":null,"tunnel":null,"railway:track_ref":null,"abandoned:electrified":null,"Source":null,"layer":null,"bridge":null,"railway:preferred_direction":null,"workrules":null,"railway:traffic_mode":null,"usage":null,"reporting_marks":null,"owner:wikipedia":null,"owner:wikidata":null,"owner":null,"operator:wikipedia":null,"operator:wikidata":null,"operator:short":null,"operator":null,"name":null,"maxspeed":null,"service":"spur","gauge":"1435","electrified":"no"},"geometry":{"type":"MultiLineString","coordinates":[[[-80.9147198,46.7080905],[-80.9188301,46.7090684],[-80.918928,46.7090941],[-80.9190797,46.7091307],[-80.9194446,46.7091865],[-80.9198639,46.7092236],[-80.920121,46.7092222],[-80.9206888,46.7091989],[-80.9210841,46.7091556],[-80.9216725,46.7090201],[-80.9221432,46.7088655],[-80.922442,46.70872],[-80.9227563,46.7085257],[-80.9232057,46.7081717],[-80.9236432,46.7076919]]]}},
{"type":"Feature","properties":{"full_id":"w80751645","osm_id":"80751645","osm_type":"way","railway":"rail","covered":null,"tunnel":null,"railway:track_ref":null,"abandoned:electrified":null,"Source":null,"layer":null,"bridge":null,"railway:preferred_direction":null,"workrules":null,"railway:traffic_mode":null,"usage":"main","reporting_marks":"CN","owner:wikipedia":"en:Canadian National Railway","owner:wikidata":"Q624798","owner":"Canadian National Railway","operator:wikipedia":"en:Canadian National Railway","operator:wikidata":"Q624798","operator:short":"CN","operator":"Canadian National Railway","name":"CN Bala Subdivision","maxspeed":"35 mph","service":null,"gauge":"1435","electrified":"no"},"geometry":{"type":"MultiLineString","coordinates":[[[-80.8223319,46.4803037],[-80.8228363,46.4810896],[-80.8231454,46.4815689],[-80.8234171,46.4819567],[-80.8236652,46.4822953],[-80.8239302,46.4825905],[-80.8242746,46.4828764],[-80.824677,46.4831608],[-80.825028,46.4833433],[-80.8254114,46.4835125],[-80.8261402,46.4837152],[-80.8268244,46.4838433],[-80.8273708,46.4839308],[-80.8278839,46.4839955],[-80.8285167,46.4841244],[-80.8292119,46.4842916],[-80.8299449,46.4845189],[-80.83041,46.4846965],[-80.8308391,46.4848928],[-80.8311004,46.4850268],[-80.8312693,46.4851133],[-80.8317108,46.4854049]]]}},
{"type":"Feature","properties":{"full_id":"w80751646","osm_id":"80751646","osm_type":"way","railway":"rail","covered":null,"tunnel":null,"railway:track_ref":null,"abandoned:electrified":null,"Source":null,"layer":null,"bridge":null,"railway:preferred_direction":null,"workrules":"CA-CROR","railway:traffic_mode":"mixed","usage":"main","reporting_marks":"CN;VIA","owner:wikipedia":null,"owner:wikidata":null,"owner":"Canadian National Railway","operator:wikipedia":null,"operator:wikidata":null,"operator:short":null,"operator":"Canadian National Railway;VIA Rail","name":"Ruel Subdivision","maxspeed":"25 mph","service":null,"gauge":"1435","electrified":"no"},"geometry":{"type":"MultiLineString","coordinates":[[[-80.9309317,46.7112815],[-80.9296359,46.7110743]]]}},
{"type":"Feature","properties":{"full_id":"w148528034","osm_id":"148528034","osm_type":"way","railway":"rail","covered":null,"tunnel":null,"railway:track_ref":null,"abandoned:electrified":null,"Source":null,"layer":null,"bridge":null,"railway:preferred_direction":null,"workrules":null,"railway:traffic_mode":null,"usage":"main","reporting_marks":"CPKC","owner:wikipedia":null,"owner:wikidata":null,"owner":null,"operator:wikipedia":null,"operator:wikidata":"Q117706368","operator:short":null,"operator":"Canadian Pacific Kansas City","name":"Parry Sound Subdivision","maxspeed":"45 mph","service":null,"gauge":"1435","electrified":"no"},"geometry":{"type":"MultiLineString","coordinates":[[[-80.820587,46.4026236],[-80.8188203,46.402155],[-80.816654,46.4015766],[-80.8162115,46.4014472],[-80.8157523,46.4013045],[-80.8152926,46.4011386],[-80.8148724,46.4009677],[-80.8144391,46.4007736],[-80.8140641,46.4005699],[-80.8136711,46.4003261],[-80.8133569,46.4000932]]]}},
{"type":"Feature","properties":{"full_id":"w148528037","osm_id":"148528037","osm_type":"way","railway":"rail","covered":null,"tunnel":null,"railway:track_ref":null,"abandoned:electrified":null,"Source":null,"layer":null,"bridge":null,"railway:preferred_direction":null,"workrules":null,"railway:traffic_mode":null,"usage":"main","reporting_marks":"CPKC","owner:wikipedia":null,"owner:wikidata":null,"owner":null,"operator:wikipedia":null,"operator:wikidata":"Q117706368","operator:short":null,"operator":"Canadian Pacific Kansas City","name":"Parry Sound Subdivision","maxspeed":"45 mph","service":null,"gauge":"1435","electrified":"no"},"geometry":{"type":"MultiLineString","coordinates":[[[-80.8576676,46.4828786],[-80.8575953,46.482625],[-80.8575537,46.4824316],[-80.8575256,46.482224],[-80.8575157,46.4819872],[-80.8575207,46.4817859],[-80.8575473,46.4815552],[-80.8575912,46.4813079],[-80.8576555,46.4810706],[-80.8577599,46.4808051],[-80.8578955,46.4805151],[-80.8580586,46.4802234],[-80.8584579,46.4795771],[-80.8595632,46.4776865],[-80.8600463,46.4768594],[-80.8603726,46.4763056],[-80.8606603,46.4758241],[-80.8615224,46.4744377],[-80.8619798,46.4736284],[-80.8623603,46.4729531],[-80.8624963,46.4726883],[-80.862621,46.4724407],[-80.8627258,46.4721778],[-80.8628019,46.4719287],[-80.8628648,46.471645],[-80.8629217,46.4713442],[-80.8629774,46.4710052],[-80.8630423,46.4706635],[-80.8631432,46.4703197],[-80.8632813,46.4699485],[-80.8634521,46.4695278],[-80.8638413,46.4686883],[-80.8642071,46.4679118],[-80.864401,46.4675134],[-80.8650017,46.466251],[-80.8652141,46.4657878],[-80.8654797,46.4652417],[-80.865627,46.4649535],[-80.8657814,46.4646731],[-80.8659618,46.4644142],[-80.8661685,46.4641697],[-80.8664136,46.4639323],[-80.8666694,46.4637078],[-80.8669668,46.4634679],[-80.8675022,46.4630807],[-80.8678662,46.4627718],[-80.868159,46.4624906],[-80.868391,46.4622096],[-80.8686011,46.4619204],[-80.8687723,46.4616287],[-80.86893,46.4613123],[-80.8690394,46.4610123],[-80.8690976,46.4607149],[-80.869132,46.4604258],[-80.8691478,46.4601194],[-80.8691445,46.4598779],[-80.8691077,46.4595595],[-80.8690617,46.4592717],[-80.8690047,46.4589762],[-80.8689224,46.4586563],[-80.86883,46.4583572],[-80.8684936,46.457335],[-80.8683886,46.4569335],[-80.8683121,46.4565964],[-80.868056,46.4555294],[-80.8676137,46.4538154],[-80.8671668,46.4520335],[-80.866917,46.4510727],[-80.8666453,46.450037],[-80.8664851,46.4494144],[-80.8663721,46.4489992],[-80.866281,46.4486899],[-80.8661859,46.4484192],[-80.8660539,46.4481155],[-80.8658943,46.4478127],[-80.8657097,46.4475085],[-80.8654871,46.4472131],[-80.8652708,46.4469419],[-80.8650392,46.446692],[-80.8647886,46.4464481],[-80.8645184,46.4462219],[-80.8641824,46.4459645],[-80.8638442,46.4457291],[-80.8634464,46.4454986],[-80.8630603,46.4452911],[-80.8626527,46.445098],[-80.8621357,46.4448985],[-80.8614608,46.4446662],[-80.8574495,46.4434313],[-80.8545542,46.4425494],[-80.8539309,46.4423543],[-80.8534541,46.4421901],[-80.8530262,46.4420283],[-80.8525789,46.4418492],[-80.8521932,46.4416914],[-80.851719,46.4414969],[-80.8511814,46.4412789],[-80.8496439,46.4406563],[-80.8478741,46.4399342],[-80.8454464,46.43897],[-80.8449962,46.4387941],[-80.8445452,46.4386305],[-80.8440792,46.4384519],[-80.8436063,46.4382704],[-80.8425952,46.4378825],[-80.8422513,46.4377381],[-80.8419173,46.4375796],[-80.8415769,46.4373901],[-80.8412697,46.4371967],[-80.8409841,46.4370032],[-80.8407122,46.4367976],[-80.840466,46.4365716],[-80.8402715,46.436367],[-80.8400441,46.4360911],[-80.8398642,46.4358343],[-80.839707,46.435566],[-80.8395827,46.4352994],[-80.8394999,46.4350417],[-80.8394424,46.4347876],[-80.8394068,46.4345091],[-80.8393975,46.4342506],[-80.8394171,46.4339661],[-80.8394639,46.4336636],[-80.8395271,46.433347],[-80.8397228,46.4323954],[-80.8398241,46.4318022],[-80.8398757,46.4315032],[-80.8399146,46.4312241],[-80.8399426,46.4309379],[-80.839957,46.4306701],[-80.8399669,46.430392],[-80.8399764,46.4300582],[-80.8399807,46.4297583],[-80.839968,46.4294633],[-80.8399414,46.4291749],[-80.8399074,46.4288801],[-80.8398623,46.4285806],[-80.8398032,46.4282596],[-80.8397058,46.4278151],[-80.8395818,46.4273879]]]}},
{"type":"Feature","properties":{"full_id":"w148528040","osm_id":"148528040","osm_type":"way","railway":"rail","covered":null,"tunnel":null,"railway:track_ref":null,"abandoned:electrified":null,"Source":null,"layer":null,"bridge":null,"railway:preferred_direction":null,"workrules":null,"railway:traffic_mode":null,"usage":"branch","reporting_marks":"CPKC","owner:wikipedia":null,"owner:wikidata":null,"owner":null,"operator:wikipedia":null,"operator:wikidata":"Q117706368","operator:short":null,"operator":"Canadian Pacific Kansas City","name":"Nickel Spur","maxspeed":null,"service":null,"gauge":"1435","electrified":"no"},"geometry":{"type":"MultiLineString","coordinates":[[[-81.0001705,46.4947263],[-80.99998,46.494621],[-80.9997664,46.4944999],[-80.9995592,46.4943586],[-80.9994162,46.4942547],[-80.9992518,46.4941283],[-80.9991077,46.4940054],[-80.9989708,46.4938753],[-80.9988133,46.4937156],[-80.998689,46.4935749],[-80.9985156,46.4933613],[-80.998385,46.493182],[-80.9983337,46.493118],[-80.9982749,46.4930438],[-80.9982465,46.493008],[-80.9978933,46.4925259],[-80.997477,46.4919876],[-80.9968678,46.491191],[-80.9964252,46.4906112],[-80.9959928,46.4900715],[-80.9956609,46.4896714],[-80.9954768,46.4894412],[-80.9954368,46.4893893],[-80.9952021,46.489084],[-80.9950907,46.4889454],[-80.9949221,46.4887489]]]}},
{"type":"Feature","properties":{"full_id":"w148528046","osm_id":"148528046","osm_type":"way","railway":"rail","covered":null,"tunnel":null,"railway:track_ref":null,"abandoned:electrified":null,"Source":null,"layer":null,"bridge":null,"railway:preferred_direction":null,"workrules":null,"railway:traffic_mode":null,"usage":"branch","reporting_marks":null,"owner:wikipedia":null,"owner:wikidata":null,"owner":null,"operator:wikipedia":null,"operator:wikidata":"Q117706368","operator:short":null,"operator":"Canadian Pacific Kansas City","name":"Cartier Subdivision","maxspeed":"35 mph","service":null,"gauge":"1435","electrified":"no"},"geometry":{"type":"MultiLineString","coordinates":[[[-80.8347141,46.4864421],[-80.8344017,46.4863792],[-80.8333277,46.4861362],[-80.8323967,46.4859094],[-80.8304448,46.485472]]]}},
{"type":"Feature","properties":{"full_id":"w148531050","osm_id":"148531050","osm_type":"way","railway":"rail","covered":null,"tunnel":null,"railway:track_ref":null,"abandoned:electrified":null,"Source":null,"layer":null,"bridge":null,"railway:preferred_direction":null,"workrules":null,"railway:traffic_mode":null,"usage":"branch","reporting_marks":"CN","owner:wikipedia":"en:Canadian National Railway","owner:wikidata":"Q624798","owner":"Canadian National Railway","operator:wikipedia":"en:Canadian National Railway","operator:wikidata":"Q624798","operator:short":"CN","operator":"Canadian National Railway","name":"Sudbury Spur","maxspeed":null,"service":null,"gauge":"1435","electrified":"no"},"geometry":{"type":"MultiLineString","coordinates":[[[-81.0216328,46.4959906],[-81.0208071,46.4960141],[-81.0201583,46.4960613],[-81.0198965,46.4960946],[-81.0196044,46.496136],[-81.019406,46.4961795],[-81.0187129,46.4964154],[-81.017979,46.4966755],[-81.0175439,46.4968069],[-81.0173205,46.496883],[-81.0171747,46.4969249],[-81.0168669,46.4969786],[-81.0163952,46.4970312],[-81.0154868,46.4970305],[-81.0153066,46.4970053],[-81.0145932,46.4968536],[-81.0141631,46.4967763],[-81.0140786,46.4967611],[-81.0134571,46.4966812],[-81.0132023,46.4966627],[-81.0129904,46.4966535],[-81.0127893,46.4966516],[-81.0126122,46.4966627],[-81.0123682,46.496683],[-81.0123363,46.4966871],[-81.012227,46.4967011],[-81.0120356,46.4967255],[-81.0119041,46.4967532],[-81.0116025,46.4968203],[-81.0113945,46.4968751],[-81.0110056,46.4970025],[-81.0102868,46.4972406],[-81.0098054,46.497389],[-81.0095573,46.4974567],[-81.0093964,46.4974954],[-81.0092301,46.4975305],[-81.0090236,46.4975675],[-81.0086776,46.4976118],[-81.0083414,46.4976529],[-81.0075038,46.4977483]]]}},
{"type":"Feature","properties":{"full_id":"w148531051","osm_id":"148531051","osm_type":"way","railway":"rail","covered":null,"tunnel":null,"railway:track_ref":null,"abandoned:electrified":null,"Source":null,"layer":null,"bridge":null,"railway:preferred_direction":null,"workrules":null,"railway:traffic_mode":null,"usage":"branch","reporting_marks":"CN","owner:wikipedia":"en:Canadian National Railway","owner:wikidata":"Q624798","owner":"Canadian National Railway","operator:wikipedia":"en:Canadian National Railway","operator:wikidata":"Q624798","operator:short":"CN","operator":"Canadian National Railway","name":"Sudbury Spur","maxspeed":null,"service":null,"gauge":"1435","electrified":"no"},"geometry":{"type":"MultiLineString","coordinates":[[[-80.8941745,46.5205223],[-80.8943386,46.5205917],[-80.8945744,46.520661],[-80.8949179,46.5207096],[-80.8953059,46.5207388],[-80.8964377,46.5207521],[-80.9010758,46.5207677],[-80.9026766,46.5207731],[-80.903624,46.5207875],[-80.9057835,46.5208204],[-80.9095931,46.5208286],[-80.9153869,46.5208556],[-80.9192023,46.5208552],[-80.9194342,46.5208584],[-80.924743,46.5208726],[-80.9255262,46.5208597],[-80.9259554,46.5208486],[-80.9263679,46.5208291],[-80.9267654,46.5208006],[-80.9271999,46.5207637],[-80.9275137,46.5207342],[-80.9281172,46.5206696],[-80.929174,46.5205386],[-80.9328464,46.51998],[-80.9329353,46.5199693],[-80.9330279,46.5199546],[-80.9440194,46.5182088],[-80.9441168,46.5181926],[-80.9442709,46.5181666],[-80.9443522,46.5181527],[-80.9449204,46.5180574],[-80.9464047,46.5178314],[-80.9472549,46.5177017]]]}},
{"type":"Feature","properties":{"full_id":"w148531052","osm_id":"148531052","osm_type":"way","railway":"rail","covered":null,"tunnel":null,"railway:track_ref":null,"abandoned:electrified":null,"Source":null,"layer":"1","bridge":"yes","railway:preferred_direction":null,"workrules":null,"railway:traffic_mode":null,"usage":"branch","reporting_marks":"CN","owner:wikipedia":"en:Canadian National Railway","owner:wikidata":"Q624798","owner":"Canadian National Railway","operator:wikipedia":"en:Canadian National Railway","operator:wikidata":"Q624798","operator:short":"CN","operator":"Canadian National Railway","name":"Sudbury Spur","maxspeed":null,"service":null,"gauge":"1435","electrified":"no"},"geometry":{"type":"MultiLineString","coordinates":[[[-81.0051564,46.4984515],[-81.0052229,46.4984149],[-81.0053516,46.4983503],[-81.0054925,46.4982845],[-81.0057271,46.498186],[-81.00588,46.4981269],[-81.0061174,46.4980445],[-81.0063159,46.497978],[-81.0065104,46.4979238],[-81.0066954,46.4978832],[-81.0068805,46.4978481],[-81.0075038,46.4977483]]]}},
{"type":"Feature","properties":{"full_id":"w148531053","osm_id":"148531053","osm_type":"way","railway":"rail","covered":null,"tunnel":null,"railway:track_ref":null,"abandoned:electrified":null,"Source":null,"layer":null,"bridge":null,"railway:preferred_direction":null,"workrules":null,"railway:traffic_mode":null,"usage":"branch","reporting_marks":"CN","owner:wikipedia":"en:Canadian National Railway","owner:wikidata":"Q624798","owner":"Canadian National Railway","operator:wikipedia":"en:Canadian National Railway","operator:wikidata":"Q624798","operator:short":"CN","operator":"Canadian National Railway","name":"Sudbury Spur","maxspeed":null,"service":null,"gauge":"1435","electrified":"no"},"geometry":{"type":"MultiLineString","coordinates":[[[-80.963601,46.5151073],[-80.9642901,46.5149506],[-80.9648263,46.5147979],[-80.9652579,46.5146657],[-80.9656409,46.5145323],[-80.966165,46.5143272],[-80.966563,46.514156],[-80.966822,46.5140263],[-80.9671533,46.5138704],[-80.9674904,46.5136886],[-80.9681008,46.5133015],[-80.9685084,46.513038],[-80.9690083,46.5126574],[-80.9706156,46.5114434],[-80.9724648,46.5100515],[-80.9733389,46.5094918],[-80.9736694,46.5093521],[-80.9741034,46.5092268],[-80.9746814,46.5091577],[-80.975408,46.5091424],[-80.9772639,46.509117],[-80.9798377,46.5091207],[-80.9818733,46.5090949],[-80.9843465,46.509097],[-80.984785,46.509102],[-80.9852571,46.509057]]]}},
{"type":"Feature","properties":{"full_id":"w148531736","osm_id":"148531736","osm_type":"way","railway":"rail","covered":null,"tunnel":null,"railway:track_ref":null,"abandoned:electrified":null,"Source":null,"layer":null,"bridge":null,"railway:preferred_direction":null,"workrules":null,"railway:traffic_mode":null,"usage":"main","reporting_marks":"CN","owner:wikipedia":"en:Canadian National Railway","owner:wikidata":"Q624798","owner":"Canadian National Railway","operator:wikipedia":"en:Canadian National Railway","operator:wikidata":"Q624798","operator:short":"CN","operator":"Canadian National Railway","name":"CN Bala Subdivision","maxspeed":"40 mph","service":null,"gauge":"1435","electrified":"no"},"geometry":{"type":"MultiLineString","coordinates":[[[-80.9438385,46.5866468],[-80.9438428,46.586503],[-80.9438353,46.5862607],[-80.9437874,46.5860157],[-80.9437052,46.5858066],[-80.9435938,46.5856035],[-80.9434178,46.5853528],[-80.9432019,46.5851045],[-80.9429627,46.5848502],[-80.9425017,46.584418],[-80.940204,46.5822561],[-80.9390738,46.5811965],[-80.9385484,46.5806705],[-80.9383299,46.5804157],[-80.9381983,46.5802228],[-80.9380579,46.5799817],[-80.9379543,46.5797507],[-80.937885,46.5795238],[-80.9378395,46.5792502],[-80.9378145,46.5790008],[-80.9377805,46.5782646],[-80.9377575,46.5772854],[-80.9377317,46.5761284],[-80.9377073,46.5752992],[-80.9376945,46.5749317],[-80.9376525,46.5745762],[-80.9375844,46.5742173],[-80.9374743,46.5738619],[-80.9373561,46.5735322],[-80.9372253,46.573252],[-80.937074,46.5729597],[-80.9368886,46.57265],[-80.9366798,46.5723584],[-80.9364696,46.5720949],[-80.9361952,46.5717912],[-80.9359368,46.5715393],[-80.9355937,46.5712271],[-80.9349718,46.570667],[-80.9346268,46.5703381],[-80.9343432,46.5700332],[-80.9341116,46.5697522],[-80.9338681,46.5694033],[-80.9336899,46.5691333],[-80.9335381,46.5688492],[-80.9333933,46.5685446],[-80.9332612,46.5681917],[-80.9331604,46.5678616],[-80.9330786,46.5674685],[-80.9330243,46.5670271],[-80.9329875,46.5665053],[-80.9329224,46.5656842],[-80.9328515,46.5647345],[-80.9327023,46.5626581]]]}},
{"type":"Feature","properties":{"full_id":"w167377676","osm_id":"167377676","osm_type":"way","railway":"rail","covered":null,"tunnel":null,"railway:track_ref":null,"abandoned:electrified":null,"Source":null,"layer":null,"bridge":null,"railway:preferred_direction":null,"workrules":null,"railway:traffic_mode":null,"usage":"main","reporting_marks":"CPKC","owner:wikipedia":null,"owner:wikidata":null,"owner":null,"operator:wikipedia":"en:Canadian Pacific Kansas City","operator:wikidata":"Q117706368","operator:short":null,"operator":"Canadian Pacific Kansas City","name":"Cartier Subdivision","maxspeed":"45 mph","service":null,"gauge":"1435","electrified":"no"},"geometry":{"type":"MultiLineString","coordinates":[[[-81.047724,46.5154913],[-81.0476077,46.5153713],[-81.0474803,46.5152386],[-81.0473436,46.5151088],[-81.0472172,46.5149905],[-81.0471024,46.5148851],[-81.0469804,46.5147777],[-81.0468505,46.514668],[-81.0467174,46.5145597],[-81.0465671,46.5144418],[-81.0463858,46.5143048],[-81.0462058,46.514176],[-81.0460443,46.5140653],[-81.0458793,46.5139572],[-81.0457215,46.5138591],[-81.045558,46.5137592],[-81.0453834,46.5136559],[-81.0451998,46.5135537],[-81.0450267,46.5134601],[-81.0448478,46.5133698],[-81.0446664,46.5132831],[-81.0444855,46.5131961],[-81.0443163,46.5131191],[-81.0441341,46.5130381],[-81.0439544,46.5129615],[-81.0437735,46.5128858],[-81.0435786,46.5128102],[-81.0433994,46.5127443],[-81.0432158,46.512678],[-81.0430172,46.5126108],[-81.0428466,46.5125557],[-81.0426623,46.5124972],[-81.0424702,46.5124432],[-81.0422571,46.5123882],[-81.0413954,46.5121742],[-81.0408131,46.5120308],[-81.0404688,46.5119381],[-81.0401846,46.5118515],[-81.0399014,46.5117525],[-81.0396668,46.5116619],[-81.0394516,46.5115722],[-81.0392123,46.5114648],[-81.0391353,46.511428],[-81.0389475,46.5113348],[-81.0387062,46.5112045],[-81.0385063,46.5110836],[-81.0383011,46.5109518],[-81.0380825,46.5108077],[-81.0378643,46.5106463],[-81.037655,46.5104762],[-81.0374297,46.5102855],[-81.0372495,46.5101182],[-81.0369587,46.5098378],[-81.0367456,46.5096401],[-81.0366498,46.5095505],[-81.0365044,46.5094168],[-81.0363653,46.5093038],[-81.0362077,46.5091867],[-81.0360199,46.5090559],[-81.0358405,46.5089349],[-81.0356561,46.5088185],[-81.0335673,46.50751],[-81.0324881,46.5068459],[-81.0322928,46.5067386],[-81.0320927,46.5066322]]]}},
{"type":"Feature","properties":{"full_id":"w168943324","osm_id":"168943324","osm_type":"way","railway":"rail","covered":null,"tunnel":null,"railway:track_ref":null,"abandoned:electrified":null,"Source":null,"layer":null,"bridge":null,"railway:preferred_direction":null,"workrules":null,"railway:traffic_mode":null,"usage":"branch","reporting_marks":null,"owner:wikipedia":null,"owner:wikidata":null,"owner":null,"operator:wikipedia":null,"operator:wikidata":"Q117706368","operator:short":null,"operator":"Canadian Pacific Kansas City","name":"Webbwood Subdivision","maxspeed":null,"service":null,"gauge":"1435","electrified":"no"},"geometry":{"type":"MultiLineString","coordinates":[[[-81.0051054,46.4858314],[-81.0050049,46.4860087],[-81.0046624,46.4865981],[-81.0044382,46.4869908],[-81.0040547,46.4876861],[-81.0038521,46.4880327],[-81.0037507,46.4881938],[-81.0036608,46.4883445],[-81.003524,46.4885357],[-81.003376,46.4887077],[-81.0032164,46.4888605],[-81.0030423,46.489007],[-81.0028301,46.4891767],[-81.0026402,46.4893189],[-81.0024002,46.489471],[-81.0021898,46.4895909],[-81.0019678,46.4897091],[-81.0017376,46.4898197],[-81.0015017,46.4899214],[-81.0012939,46.4900006],[-81.0010452,46.4900874],[-81.0008224,46.4901549],[-81.0005892,46.4902168],[-81.0003556,46.4902735],[-81.0001185,46.4903223],[-80.9998906,46.490362],[-80.9996634,46.4903967],[-80.999438,46.490424],[-80.9992057,46.4904437],[-80.9989687,46.4904578],[-80.9986803,46.4904639],[-80.9984284,46.4904632],[-80.9981528,46.4904565],[-80.9978893,46.4904389],[-80.9976526,46.4904131],[-80.997423,46.490384],[-80.9971921,46.4903495],[-80.9969416,46.4903063],[-80.9967492,46.4902665],[-80.9965719,46.490218],[-80.996393,46.4901584],[-80.9962558,46.4901059],[-80.9961176,46.4900424],[-80.9960125,46.4899842],[-80.9959206,46.4899203],[-80.9958215,46.4898287],[-80.9956609,46.4896714]]]}},
{"type":"Feature","properties":{"full_id":"w170807643","osm_id":"170807643","osm_type":"way","railway":"rail","covered":null,"tunnel":null,"railway:track_ref":null,"abandoned:electrified":null,"Source":null,"layer":null,"bridge":null,"railway:preferred_direction":null,"workrules":null,"railway:traffic_mode":null,"usage":null,"reporting_marks":"CPKC","owner:wikipedia":null,"owner:wikidata":null,"owner":null,"operator:wikipedia":"en:Canadian Pacific Kansas City","operator:wikidata":"Q117706368","operator:short":null,"operator":"Canadian Pacific Kansas City","name":null,"maxspeed":null,"service":"yard","gauge":"1435","electrified":"no"},"geometry":{"type":"MultiLineString","coordinates":[[[-80.9954768,46.4894412],[-80.9956843,46.4896621],[-80.9957936,46.4897652],[-80.9959035,46.4898579],[-80.9960443,46.4899528],[-80.9962105,46.4900406],[-80.9964256,46.490122],[-80.9966665,46.490199],[-80.9968965,46.4902521],[-80.9971246,46.4902945],[-80.9973655,46.4903294],[-80.9976364,46.4903632],[-80.997942,46.490395],[-80.998254,46.4904123],[-80.998573,46.4904213],[-80.998867,46.490419],[-80.9991556,46.4904073],[-80.9994238,46.4903818],[-80.9996897,46.4903516],[-81.0000095,46.4902994],[-81.0002696,46.4902481],[-81.0005177,46.4901922],[-81.0007496,46.4901292],[-81.0009763,46.4900604],[-81.0011976,46.4899857],[-81.0014283,46.4898968],[-81.0016589,46.4898005],[-81.0019106,46.4896831],[-81.002175,46.4895437],[-81.0024206,46.4893994],[-81.0026516,46.489244],[-81.0028755,46.489079],[-81.0031047,46.4888874],[-81.0032735,46.4887322],[-81.0034157,46.4885682],[-81.0034993,46.4884535],[-81.0036762,46.4881782],[-81.0038815,46.4878573],[-81.0039571,46.4877187],[-81.0041838,46.4873064],[-81.0044658,46.4867998]]]}},
{"type":"Feature","properties":{"full_id":"w170807699","osm_id":"170807699","osm_type":"way","railway":"rail","covered":null,"tunnel":null,"railway:track_ref":null,"abandoned:electrified":null,"Source":null,"layer":null,"bridge":null,"railway:preferred_direction":null,"workrules":null,"railway:traffic_mode":null,"usage":null,"reporting_marks":"CPKC","owner:wikipedia":null,"owner:wikidata":null,"owner":null,"operator:wikipedia":"en:Canadian Pacific Kansas City","operator:wikidata":"Q117706368","operator:short":null,"operator":"Canadian Pacific Kansas City","name":null,"maxspeed":null,"service":"yard","gauge":"1435","electrified":"no"},"geometry":{"type":"MultiLineString","coordinates":[[[-81.0036762,46.4881782],[-81.0034225,46.4884952],[-81.0032799,46.4886549],[-81.0031301,46.4888013],[-81.0029782,46.4889343],[-81.0027877,46.4890853],[-81.002623,46.4892066],[-81.002462,46.4893182],[-81.0022976,46.4894211],[-81.0021277,46.489518],[-81.0019686,46.4896036],[-81.0017957,46.4896877],[-81.0016121,46.4897727],[-81.0014294,46.4898512],[-81.0012328,46.4899259],[-81.0010245,46.4899981],[-81.0008091,46.4900644],[-81.000611,46.490122],[-81.0003883,46.4901784],[-81.0001939,46.4902232],[-80.9999979,46.4902596],[-80.9998153,46.4902906],[-80.9996262,46.4903192],[-80.9993959,46.4903453],[-80.9992044,46.4903608],[-80.9990093,46.490372],[-80.998827,46.4903779],[-80.9986547,46.4903786],[-80.9984384,46.4903767],[-80.9982161,46.4903691],[-80.9979738,46.490355],[-80.9977535,46.4903362],[-80.9975304,46.4903108],[-80.9972397,46.4902748],[-80.9969111,46.490225],[-80.9966604,46.4901791],[-80.9964256,46.490122]]]}},
{"type":"Feature","properties":{"full_id":"w170807825","osm_id":"170807825","osm_type":"way","railway":"rail","covered":null,"tunnel":null,"railway:track_ref":null,"abandoned:electrified":null,"Source":null,"layer":null,"bridge":null,"railway:preferred_direction":null,"workrules":null,"railway:traffic_mode":null,"usage":null,"reporting_marks":"CPKC","owner:wikipedia":null,"owner:wikidata":null,"owner":null,"operator:wikipedia":"en:Canadian Pacific Kansas City","operator:wikidata":"Q117706368","operator:short":null,"operator":"Canadian Pacific Kansas City","name":null,"maxspeed":null,"service":"yard","gauge":"1435","electrified":"no"},"geometry":{"type":"MultiLineString","coordinates":[[[-81.0038815,46.4878573],[-81.0036421,46.4881643],[-81.0035336,46.4882977],[-81.0034031,46.4884509],[-81.0032693,46.4885982],[-81.0030888,46.4887798],[-81.0029002,46.4889424],[-81.0027276,46.489076],[-81.0025683,46.4891979],[-81.0024147,46.4893027],[-81.0022549,46.4894032],[-81.002022,46.4895315],[-81.0018287,46.4896318],[-81.001632,46.4897235],[-81.0014141,46.4898178],[-81.0011973,46.4898991],[-81.0009646,46.4899793],[-81.0007373,46.4900461],[-81.0005414,46.4901016],[-81.000331,46.4901524],[-81.0000919,46.4901986],[-80.9998011,46.4902489],[-80.9995515,46.490283],[-80.9992954,46.49031],[-80.9991194,46.4903241],[-80.9989374,46.4903332],[-80.9987404,46.4903374],[-80.9985323,46.490337],[-80.9983019,46.4903321],[-80.9980721,46.4903209],[-80.9978318,46.4903012],[-80.9972958,46.4902578],[-80.9969111,46.490225]]]}},
{"type":"Feature","properties":{"full_id":"w170808068","osm_id":"170808068","osm_type":"way","railway":"rail","covered":null,"tunnel":null,"railway:track_ref":null,"abandoned:electrified":null,"Source":null,"layer":null,"bridge":null,"railway:preferred_direction":null,"workrules":null,"railway:traffic_mode":null,"usage":null,"reporting_marks":"CPKC","owner:wikipedia":null,"owner:wikidata":null,"owner":null,"operator:wikipedia":"en:Canadian Pacific Kansas City","operator:wikidata":"Q117706368","operator:short":null,"operator":"Canadian Pacific Kansas City","name":null,"maxspeed":null,"service":"yard","gauge":"1435","electrified":"no"},"geometry":{"type":"MultiLineString","coordinates":[[[-80.9994854,46.4897044],[-80.9980073,46.4899619],[-80.9977763,46.4899908],[-80.9976126,46.4900026],[-80.9974221,46.4900076],[-80.9972492,46.4899988],[-80.9970395,46.4899798],[-80.9968227,46.4899438],[-80.9966359,46.4899001],[-80.996457,46.4898504],[-80.9962984,46.4897885],[-80.9961432,46.4897193],[-80.9959812,46.4896254],[-80.9958349,46.4895254],[-80.9955954,46.4893278],[-80.9954051,46.4891741],[-80.9953629,46.4891394],[-80.9951627,46.4889699],[-80.9949221,46.4887489]]]}},
{"type":"Feature","properties":{"full_id":"w170811306","osm_id":"170811306","osm_type":"way","railway":"rail","covered":null,"tunnel":null,"railway:track_ref":null,"abandoned:electrified":null,"Source":null,"layer":null,"bridge":null,"railway:preferred_direction":null,"workrules":null,"railway:traffic_mode":null,"usage":null,"reporting_marks":null,"owner:wikipedia":null,"owner:wikidata":null,"owner":null,"operator:wikipedia":null,"operator:wikidata":null,"operator:short":null,"operator":"Canadian Pacific Kansas City","name":null,"maxspeed":null,"service":"yard","gauge":"1435","electrified":"no"},"geometry":{"type":"MultiLineString","coordinates":[[[-80.9951627,46.4889699],[-80.9953011,46.4890638],[-80.9954244,46.4891412],[-80.9956157,46.4892321],[-80.9957811,46.4893093],[-80.9959825,46.4893916],[-80.9961965,46.4894723],[-80.9964023,46.4895408],[-80.9966027,46.4895871],[-80.996795,46.4896195],[-80.9969688,46.4896386],[-80.9971812,46.4896506],[-80.9974121,46.4896491],[-80.997636,46.4896306],[-80.9979173,46.489588],[-80.9981831,46.4895289],[-80.9984201,46.4894659],[-80.9986362,46.4894037],[-80.9988375,46.4893416],[-80.9990777,46.4892412],[-80.9993256,46.4891161],[-80.9996999,46.4889232],[-81.0003101,46.4886395],[-81.0010812,46.4883105],[-81.0013548,46.4882066],[-81.0015215,46.4881471],[-81.0017082,46.488106],[-81.0019277,46.4880652],[-81.0021681,46.4880303],[-81.0024081,46.4879937],[-81.0025867,46.4879622],[-81.0029521,46.4878622],[-81.0030983,46.4878127],[-81.003422,46.4876898],[-81.0035779,46.4876202],[-81.0036983,46.4875514],[-81.0038045,46.4874822],[-81.0039166,46.4873915],[-81.0040451,46.4872784],[-81.004229,46.4871078],[-81.0043146,46.4870117],[-81.0043782,46.486921],[-81.0044658,46.4867998],[-81.0045903,46.4866029],[-81.0047364,46.4863783],[-81.0047951,46.4863028],[-81.004855,46.4862275],[-81.0050049,46.4860087]]]}},
{"type":"Feature","properties":{"full_id":"w170811564","osm_id":"170811564","osm_type":"way","railway":"rail","covered":null,"tunnel":null,"railway:track_ref":null,"abandoned:electrified":null,"Source":null,"layer":null,"bridge":null,"railway:preferred_direction":null,"workrules":null,"railway:traffic_mode":null,"usage":null,"reporting_marks":null,"owner:wikipedia":null,"owner:wikidata":null,"owner":null,"operator:wikipedia":null,"operator:wikidata":null,"operator:short":null,"operator":"Canadian Pacific Kansas City","name":null,"maxspeed":null,"service":"yard","gauge":"1435","electrified":"no"},"geometry":{"type":"MultiLineString","coordinates":[[[-81.004229,46.4871078],[-81.0040369,46.4873345],[-81.0039076,46.4874613],[-81.0038002,46.487543],[-81.003657,46.4876314],[-81.0034661,46.4877247],[-81.0032879,46.4877965],[-81.0021112,46.4881973]]]}},
{"type":"Feature","properties":{"full_id":"w170812095","osm_id":"170812095","osm_type":"way","railway":"rail","covered":null,"tunnel":null,"railway:track_ref":null,"abandoned:electrified":null,"Source":null,"layer":null,"bridge":null,"railway:preferred_direction":null,"workrules":null,"railway:traffic_mode":null,"usage":null,"reporting_marks":"CPKC","owner:wikipedia":null,"owner:wikidata":null,"owner":null,"operator:wikipedia":"en:Canadian Pacific Kansas City","operator:wikidata":"Q117706368","operator:short":null,"operator":"Canadian Pacific Kansas City","name":null,"maxspeed":null,"service":"yard","gauge":"1435","electrified":"no"},"geometry":{"type":"MultiLineString","coordinates":[[[-81.0017519,46.4883137],[-81.0014957,46.488411],[-80.9995433,46.4890972],[-80.9988375,46.4893416]]]}},
{"type":"Feature","properties":{"full_id":"w170812372","osm_id":"170812372","osm_type":"way","railway":"rail","covered":null,"tunnel":null,"railway:track_ref":null,"abandoned:electrified":null,"Source":null,"layer":null,"bridge":null,"railway:preferred_direction":null,"workrules":null,"railway:traffic_mode":null,"usage":null,"reporting_marks":"CPKC","owner:wikipedia":null,"owner:wikidata":null,"owner":null,"operator:wikipedia":"en:Canadian Pacific Kansas City","operator:wikidata":"Q117706368","operator:short":null,"operator":"Canadian Pacific Kansas City","name":null,"maxspeed":null,"service":"yard","gauge":"1435","electrified":"no"},"geometry":{"type":"MultiLineString","coordinates":[[[-80.9956843,46.4896621],[-80.9959266,46.4898399],[-80.9960789,46.4899217],[-80.9962331,46.4899908],[-80.9964339,46.4900507],[-80.9966709,46.4901059],[-80.9968997,46.4901437],[-80.9973085,46.4901845],[-80.9978493,46.4902308],[-80.9981076,46.4902463],[-80.9983721,46.4902548],[-80.998637,46.4902585],[-80.9989533,46.4902513],[-80.9992391,46.4902342],[-80.9995422,46.4902047],[-80.999809,46.4901677],[-81.0000859,46.4901165],[-81.0004165,46.4900481],[-81.0007217,46.489972],[-81.0010493,46.4898761],[-81.0013332,46.4897693],[-81.0016154,46.4896502],[-81.0019149,46.4894966],[-81.002163,46.4893562],[-81.0023801,46.489212],[-81.0025911,46.4890648],[-81.0027865,46.4889177],[-81.0029866,46.4887513],[-81.0031717,46.48857],[-81.0033885,46.4883364],[-81.003651,46.4880369],[-81.0038816,46.4877526],[-81.0040209,46.4875579],[-81.0041838,46.4873064]]]}},
{"type":"Feature","properties":{"full_id":"w170812557","osm_id":"170812557","osm_type":"way","railway":"rail","covered":null,"tunnel":null,"railway:track_ref":null,"abandoned:electrified":null,"Source":null,"layer":null,"bridge":null,"railway:preferred_direction":null,"workrules":null,"railway:traffic_mode":null,"usage":null,"reporting_marks":"CPKC","owner:wikipedia":null,"owner:wikidata":null,"owner":null,"operator:wikipedia":"en:Canadian Pacific Kansas City","operator:wikidata":"Q117706368","operator:short":null,"operator":"Canadian Pacific Kansas City","name":null,"maxspeed":null,"service":"yard","gauge":"1435","electrified":"no"},"geometry":{"type":"MultiLineString","coordinates":[[[-81.0038816,46.4877526],[-81.0036755,46.4879596],[-81.0033368,46.4882862],[-81.0031814,46.4884426],[-81.0030597,46.4885744],[-81.0029241,46.4887077],[-81.0027966,46.4888125],[-81.0026493,46.488915],[-81.002435,46.4890564],[-81.0021693,46.4892274],[-81.0019256,46.4893788],[-81.0017032,46.489492],[-81.001505,46.4895754],[-81.0013229,46.489646],[-81.0011289,46.4897015],[-81.0009469,46.4897395],[-81.0001405,46.4898798]]]}},
{"type":"Feature","properties":{"full_id":"w170812582","osm_id":"170812582","osm_type":"way","railway":"rail","covered":null,"tunnel":null,"railway:track_ref":null,"abandoned:electrified":null,"Source":null,"layer":null,"bridge":null,"railway:preferred_direction":null,"workrules":null,"railway:traffic_mode":null,"usage":null,"reporting_marks":"CPKC","owner:wikipedia":null,"owner:wikidata":null,"owner":null,"operator:wikipedia":"en:Canadian Pacific Kansas City","operator:wikidata":"Q117706368","operator:short":null,"operator":"Canadian Pacific Kansas City","name":null,"maxspeed":null,"service":"yard","gauge":"1435","electrified":"no"},"geometry":{"type":"MultiLineString","coordinates":[[[-81.0001052,46.4897894],[-81.001108,46.4896149],[-81.0013163,46.4895678],[-81.0014873,46.4895115],[-81.0016863,46.4894184],[-81.0019017,46.4893193],[-81.0021896,46.4891863],[-81.002435,46.4890564]]]}},
{"type":"Feature","properties":{"full_id":"w170812649","osm_id":"170812649","osm_type":"way","railway":"rail","covered":null,"tunnel":null,"railway:track_ref":null,"abandoned:electrified":null,"Source":null,"layer":null,"bridge":null,"railway:preferred_direction":null,"workrules":null,"railway:traffic_mode":null,"usage":null,"reporting_marks":"CPKC","owner:wikipedia":null,"owner:wikidata":null,"owner":null,"operator:wikipedia":"en:Canadian Pacific Kansas City","operator:wikidata":"Q117706368","operator:short":null,"operator":"Canadian Pacific Kansas City","name":null,"maxspeed":null,"service":"yard","gauge":"1435","electrified":"no"},"geometry":{"type":"MultiLineString","coordinates":[[[-81.000355,46.4896086],[-81.0014729,46.4894014],[-81.0016394,46.4893676],[-81.001792,46.4893274],[-81.0019612,46.4892759],[-81.0021896,46.4891863]]]}},
{"type":"Feature","properties":{"full_id":"w170812768","osm_id":"170812768","osm_type":"way","railway":"rail","covered":null,"tunnel":null,"railway:track_ref":null,"abandoned:electrified":null,"Source":null,"layer":null,"bridge":null,"railway:preferred_direction":null,"workrules":null,"railway:traffic_mode":null,"usage":null,"reporting_marks":"CPKC","owner:wikipedia":null,"owner:wikidata":null,"owner":null,"operator:wikipedia":"en:Canadian Pacific Kansas City","operator:wikidata":"Q117706368","operator:short":null,"operator":"Canadian Pacific Kansas City","name":null,"maxspeed":null,"service":"yard","gauge":"1435","electrified":"no"},"geometry":{"type":"MultiLineString","coordinates":[[[-80.9954244,46.4891412],[-80.9957885,46.4893451],[-80.995976,46.4894348],[-80.9961654,46.4895106],[-80.9963545,46.4895703],[-80.996552,46.4896195],[-80.9967945,46.4896599],[-80.9970162,46.4896822],[-80.9972058,46.4896919],[-80.9974151,46.4896888],[-80.9975949,46.4896739],[-80.9977791,46.4896528],[-80.9979778,46.489617],[-80.9981938,46.4895686],[-80.998405,46.4895115],[-80.998652,46.4894418],[-80.9988404,46.4893779],[-80.9991825,46.4892693],[-81.0008259,46.488715],[-81.0010446,46.4886388],[-81.0012862,46.4885474],[-81.0015194,46.4884542],[-81.0016928,46.4883843],[-81.0017879,46.4883479]]]}},
{"type":"Feature","properties":{"full_id":"w170812930","osm_id":"170812930","osm_type":"way","railway":"rail","covered":null,"tunnel":null,"railway:track_ref":null,"abandoned:electrified":null,"Source":null,"layer":null,"bridge":null,"railway:preferred_direction":null,"workrules":null,"railway:traffic_mode":null,"usage":null,"reporting_marks":"CPKC","owner:wikipedia":null,"owner:wikidata":null,"owner":null,"operator:wikipedia":"en:Canadian Pacific Kansas City","operator:wikidata":"Q117706368","operator:short":null,"operator":"Canadian Pacific Kansas City","name":null,"maxspeed":null,"service":"yard","gauge":"1435","electrified":"no"},"geometry":{"type":"MultiLineString","coordinates":[[[-81.0016186,46.4890558],[-81.0013064,46.4890995],[-81.0011098,46.489132],[-81.0000207,46.4893348],[-80.9989391,46.4895239],[-80.9978568,46.4897201],[-80.9976772,46.4897493],[-80.9975008,46.48977],[-80.9973339,46.4897821],[-80.9971588,46.4897846],[-80.9969787,46.4897769],[-80.996788,46.4897506],[-80.9966202,46.489717],[-80.9964395,46.4896665],[-80.9962866,46.489626],[-80.9961535,46.4895756],[-80.996077,46.4895472],[-80.9959893,46.4895059],[-80.995855,46.4894409],[-80.9956917,46.4893545],[-80.9955505,46.4892656],[-80.9954051,46.4891741]]]}},
{"type":"Feature","properties":{"full_id":"w170813017","osm_id":"170813017","osm_type":"way","railway":"rail","covered":null,"tunnel":null,"railway:track_ref":null,"abandoned:electrified":null,"Source":null,"layer":null,"bridge":null,"railway:preferred_direction":null,"workrules":null,"railway:traffic_mode":null,"usage":null,"reporting_marks":"CPKC","owner:wikipedia":null,"owner:wikidata":null,"owner":null,"operator:wikipedia":"en:Canadian Pacific Kansas City","operator:wikidata":"Q117706368","operator:short":null,"operator":"Canadian Pacific Kansas City","name":null,"maxspeed":null,"service":"yard","gauge":"1435","electrified":"no"},"geometry":{"type":"MultiLineString","coordinates":[[[-80.9998056,46.4891739],[-80.9993723,46.4892495],[-80.9988404,46.4893779]]]}},
{"type":"Feature","properties":{"full_id":"w170813145","osm_id":"170813145","osm_type":"way","railway":"rail","covered":null,"tunnel":null,"railway:track_ref":null,"abandoned:electrified":null,"Source":null,"layer":null,"bridge":null,"railway:preferred_direction":null,"workrules":null,"railway:traffic_mode":null,"usage":null,"reporting_marks":"CPKC","owner:wikipedia":null,"owner:wikidata":null,"owner":null,"operator:wikipedia":"en:Canadian Pacific Kansas City","operator:wikidata":"Q117706368","operator:short":null,"operator":"Canadian Pacific Kansas City","name":null,"maxspeed":null,"service":"yard","gauge":"1435","electrified":"no"},"geometry":{"type":"MultiLineString","coordinates":[[[-80.9964395,46.4896665],[-80.9966511,46.4897059],[-80.996819,46.4897299],[-80.9969838,46.4897417],[-80.9971574,46.4897448],[-80.9973282,46.4897413],[-80.9974878,46.4897297],[-80.9976557,46.4897133],[-80.9978005,46.489693],[-80.9979539,46.4896664],[-80.9981039,46.4896352],[-80.9982754,46.489593],[-80.9984655,46.4895448],[-80.9986419,46.489504],[-80.9988583,46.48946],[-80.9994609,46.4893474],[-80.9999791,46.4892507],[-81.0003903,46.4891755],[-81.0005491,46.4891514],[-81.0006995,46.4891312],[-81.0009006,46.4891129],[-81.00113,46.4890974],[-81.0016186,46.4890558],[-81.0018167,46.4890398],[-81.0020161,46.4890176],[-81.002145,46.4889901],[-81.0022784,46.4889532],[-81.0023995,46.4889129],[-81.0025301,46.488863],[-81.0026615,46.488806],[-81.0027673,46.4887533],[-81.0029223,46.4886548],[-81.0031814,46.4884426]]]}},
{"type":"Feature","properties":{"full_id":"w170814877","osm_id":"170814877","osm_type":"way","railway":"rail","covered":null,"tunnel":null,"railway:track_ref":null,"abandoned:electrified":null,"Source":null,"layer":null,"bridge":null,"railway:preferred_direction":null,"workrules":null,"railway:traffic_mode":null,"usage":null,"reporting_marks":null,"owner:wikipedia":null,"owner:wikidata":null,"owner":null,"operator:wikipedia":null,"operator:wikidata":null,"operator:short":null,"operator":"Canadian Pacific Kansas City","name":null,"maxspeed":null,"service":"yard","gauge":"1435","electrified":"no"},"geometry":{"type":"MultiLineString","coordinates":[[[-81.0020161,46.4890176],[-81.0018215,46.4890542],[-81.0016063,46.4890864],[-81.0013817,46.4891214],[-81.0011264,46.4891665],[-81.0000383,46.489376],[-80.9989236,46.4895683],[-80.997755,46.4897809],[-80.9975885,46.4898065],[-80.9974263,46.4898268],[-80.9972416,46.4898323],[-80.9970735,46.489824],[-80.996915,46.4898085],[-80.9967484,46.4897827],[-80.9965972,46.489745],[-80.9964612,46.4897024],[-80.9963143,46.4896501],[-80.996077,46.4895472]]]}},
{"type":"Feature","properties":{"full_id":"w170814952","osm_id":"170814952","osm_type":"way","railway":"rail","covered":null,"tunnel":null,"railway:track_ref":null,"abandoned:electrified":null,"Source":null,"layer":null,"bridge":null,"railway:preferred_direction":null,"workrules":null,"railway:traffic_mode":null,"usage":null,"reporting_marks":null,"owner:wikipedia":null,"owner:wikidata":null,"owner":null,"operator:wikipedia":null,"operator:wikidata":null,"operator:short":null,"operator":"Canadian Pacific Kansas City","name":null,"maxspeed":null,"service":"yard","gauge":"1435","electrified":"no"},"geometry":{"type":"MultiLineString","coordinates":[[[-80.9992029,46.4896583],[-80.9980479,46.4898584],[-80.9978876,46.4898848],[-80.9977397,46.4899014],[-80.9975978,46.4899128],[-80.9974535,46.4899168],[-80.9973065,46.4899131],[-80.9971314,46.4898994],[-80.9969659,46.4898767],[-80.9968167,46.4898482],[-80.9966842,46.4898191],[-80.9965568,46.4897833],[-80.9964382,46.4897463],[-80.9963139,46.4897004],[-80.9961673,46.4896348],[-80.9959894,46.4895398],[-80.9958482,46.4894576],[-80.9956917,46.4893545]]]}},
{"type":"Feature","properties":{"full_id":"w171293789","osm_id":"171293789","osm_type":"way","railway":"rail","covered":null,"tunnel":null,"railway:track_ref":null,"abandoned:electrified":null,"Source":null,"layer":null,"bridge":null,"railway:preferred_direction":null,"workrules":null,"railway:traffic_mode":null,"usage":null,"reporting_marks":"CPKC","owner:wikipedia":null,"owner:wikidata":null,"owner":null,"operator:wikipedia":"en:Canadian Pacific Kansas City","operator:wikidata":"Q117706368","operator:short":null,"operator":"Canadian Pacific Kansas City","name":null,"maxspeed":null,"service":"yard","gauge":"1435","electrified":"no"},"geometry":{"type":"MultiLineString","coordinates":[[[-81.0019256,46.4893788],[-81.0017644,46.4894797],[-81.0015899,46.4895751],[-81.0013697,46.489674],[-81.0011388,46.4897636],[-81.0009258,46.489836],[-81.0007061,46.4898992],[-81.0004401,46.4899593],[-80.9997159,46.4900978],[-80.9994183,46.4901435],[-80.9991769,46.4901707],[-80.998929,46.4901845],[-80.9986837,46.49019],[-80.9984718,46.4901845],[-80.9981293,46.490166],[-80.9970433,46.4900744],[-80.9968527,46.4900511],[-80.9967064,46.4900237],[-80.99656,46.4899908],[-80.9964145,46.4899481],[-80.9962885,46.4898909],[-80.9961603,46.4898275],[-80.9960397,46.4897505],[-80.9959424,46.4896748],[-80.9958535,46.4895955],[-80.9955954,46.4893278]]]}},
{"type":"Feature","properties":{"full_id":"w171293935","osm_id":"171293935","osm_type":"way","railway":"rail","covered":null,"tunnel":null,"railway:track_ref":null,"abandoned:electrified":null,"Source":null,"layer":null,"bridge":null,"railway:preferred_direction":null,"workrules":null,"railway:traffic_mode":null,"usage":null,"reporting_marks":"CPKC","owner:wikipedia":null,"owner:wikidata":null,"owner":null,"operator:wikipedia":"en:Canadian Pacific Kansas City","operator:wikidata":"Q117706368","operator:short":null,"operator":"Canadian Pacific Kansas City","name":null,"maxspeed":null,"service":"yard","gauge":"1435","electrified":"no"},"geometry":{"type":"MultiLineString","coordinates":[[[-80.9993533,46.4900161],[-80.9987064,46.4901282],[-80.9985745,46.4901459],[-80.9984315,46.4901598],[-80.9982976,46.4901639],[-80.9981293,46.490166]]]}},
{"type":"Feature","properties":{"full_id":"w171294109","osm_id":"171294109","osm_type":"way","railway":"rail","covered":null,"tunnel":null,"railway:track_ref":null,"abandoned:electrified":null,"Source":null,"layer":null,"bridge":null,"railway:preferred_direction":null,"workrules":null,"railway:traffic_mode":null,"usage":null,"reporting_marks":"CPKC","owner:wikipedia":null,"owner:wikidata":null,"owner":null,"operator:wikipedia":"en:Canadian Pacific Kansas City","operator:wikidata":"Q117706368","operator:short":null,"operator":"Canadian Pacific Kansas City","name":null,"maxspeed":null,"service":"yard","gauge":"1435","electrified":"no"},"geometry":{"type":"MultiLineString","coordinates":[[[-80.9970433,46.4900744],[-80.9972871,46.4900814],[-80.9974947,46.490085],[-80.9976402,46.4900849],[-80.997767,46.4900887],[-80.998015,46.4901011],[-80.9983524,46.4901098],[-80.9985029,46.4901052],[-80.9986434,46.4900922],[-80.9987744,46.4900717],[-80.9993352,46.4899698]]]}},
{"type":"Feature","properties":{"full_id":"w171294792","osm_id":"171294792","osm_type":"way","railway":"rail","covered":null,"tunnel":null,"railway:track_ref":null,"abandoned:electrified":null,"Source":null,"layer":null,"bridge":null,"railway:preferred_direction":null,"workrules":null,"railway:traffic_mode":null,"usage":null,"reporting_marks":"CPKC","owner:wikipedia":null,"owner:wikidata":null,"owner":null,"operator:wikipedia":"en:Canadian Pacific Kansas City","operator:wikidata":"Q117706368","operator:short":null,"operator":"Canadian Pacific Kansas City","name":null,"maxspeed":null,"service":"yard","gauge":"1435","electrified":"no"},"geometry":{"type":"MultiLineString","coordinates":[[[-80.9993195,46.4899296],[-80.9985348,46.4900638],[-80.9983901,46.490083],[-80.9982535,46.4900914],[-80.998015,46.4901011]]]}},
{"type":"Feature","properties":{"full_id":"w172340758","osm_id":"172340758","osm_type":"way","railway":"rail","covered":null,"tunnel":null,"railway:track_ref":null,"abandoned:electrified":null,"Source":null,"layer":null,"bridge":null,"railway:preferred_direction":null,"workrules":null,"railway:traffic_mode":null,"usage":"branch","reporting_marks":null,"owner:wikipedia":null,"owner:wikidata":null,"owner":null,"operator:wikipedia":null,"operator:wikidata":null,"operator:short":null,"operator":"Vale","name":null,"maxspeed":null,"service":null,"gauge":"1435","electrified":"no"},"geometry":{"type":"MultiLineString","coordinates":[[[-81.1812669,46.458984],[-81.1793358,46.4599485],[-81.1783165,46.4604104],[-81.1767881,46.4610592],[-81.1764068,46.4612566],[-81.1756343,46.4615818],[-81.1753285,46.4617259],[-81.175012,46.4619661],[-81.1746848,46.4622358],[-81.1745292,46.4623726],[-81.1739767,46.4630192],[-81.1734885,46.4636178],[-81.1727313,46.4645493],[-81.1720777,46.4653323],[-81.1714447,46.4658164],[-81.1713101,46.4659788],[-81.171214,46.4661082],[-81.1709995,46.4663373],[-81.1707902,46.4664814],[-81.1704952,46.4666514],[-81.1702109,46.4667844],[-81.169637,46.4669471],[-81.1694117,46.4669877],[-81.1692079,46.4670099],[-81.1688967,46.467032],[-81.1685695,46.4670468],[-81.1682155,46.4670468],[-81.1679848,46.4670579],[-81.167738,46.4671059],[-81.1674465,46.4671686],[-81.1671997,46.4672351],[-81.1669798,46.467309],[-81.1667885,46.4673978],[-81.1665828,46.4675085],[-81.1664023,46.4676306],[-81.1662092,46.4677821],[-81.1660429,46.4679484],[-81.1658873,46.4681405],[-81.1657567,46.4683214],[-81.1655923,46.4686097],[-81.1654421,46.4688868],[-81.1649735,46.4696995],[-81.1643995,46.4706416],[-81.1640186,46.4713067],[-81.1636289,46.471994],[-81.1631729,46.4727551],[-81.1630262,46.4730209],[-81.1628053,46.4733757],[-81.1626775,46.4735898],[-81.1621161,46.474569],[-81.1612506,46.4760503],[-81.1605443,46.4772437],[-81.1597826,46.4785403],[-81.159171,46.4795673],[-81.1590316,46.4798591],[-81.1589243,46.4802396],[-81.1589136,46.4804427],[-81.1589297,46.4807272],[-81.158994,46.481067],[-81.1592408,46.4818612],[-81.159509,46.4827477],[-81.1595466,46.4829583],[-81.159568,46.4832057],[-81.1595573,46.4835086],[-81.1595251,46.4836748],[-81.1594715,46.483878],[-81.1593534,46.484144],[-81.159171,46.4844282],[-81.1589707,46.4846757],[-81.1587258,46.4849084],[-81.1584396,46.4851189],[-81.1579962,46.4853774],[-81.1567571,46.4859795],[-81.1555857,46.4865446],[-81.1531449,46.4877007],[-81.152605,46.4879518],[-81.1511352,46.4887607],[-81.14895,46.4900164],[-81.1477717,46.4906701],[-81.1466398,46.4913275],[-81.1451734,46.492188],[-81.144773,46.4923986],[-81.1442043,46.4925684],[-81.1436357,46.492694],[-81.142831,46.4928307],[-81.1418064,46.4929895],[-81.1410661,46.4931261],[-81.140222,46.4933551],[-81.1396607,46.4935286],[-81.1391403,46.4937576],[-81.1385931,46.4940124],[-81.138146,46.4942451],[-81.1378402,46.4943891],[-81.1373969,46.4945405],[-81.1370624,46.4946218],[-81.1367102,46.4947289],[-81.136483,46.4948286],[-81.1361684,46.495028],[-81.1357124,46.4953382],[-81.1353672,46.4955266],[-81.1349883,46.4956927],[-81.1345698,46.4957961],[-81.1342158,46.4958515],[-81.1338081,46.4958478],[-81.1331858,46.4957998],[-81.1325904,46.495774],[-81.1321129,46.4957481],[-81.1314907,46.4957555],[-81.1310454,46.4957666],[-81.1269845,46.4958885],[-81.1255182,46.4959439],[-81.1251553,46.4959771],[-81.1246867,46.4960546],[-81.1242916,46.4961728],[-81.1239,46.4963685],[-81.1236371,46.4965384],[-81.1233797,46.4967489],[-81.1232115,46.4969298],[-81.1225946,46.4976943],[-81.1218704,46.4985584],[-81.1215056,46.4989461],[-81.1211802,46.4992932],[-81.1208511,46.4995886],[-81.1205185,46.4998619],[-81.120084,46.5001794],[-81.1196388,46.5004453],[-81.1192686,46.5006004],[-81.1188199,46.5007666],[-81.1183747,46.5008663],[-81.1178704,46.5009327],[-81.1172481,46.5009549],[-81.1165239,46.50087],[-81.1160036,46.5007629],[-81.1155959,46.500641],[-81.1151131,46.5004195],[-81.114725,46.5001831],[-81.1143352,46.4998545],[-81.1139793,46.4994631],[-81.1135609,46.4989904],[-81.1131497,46.4985657],[-81.1129083,46.4983663],[-81.1125972,46.4981226],[-81.112345,46.4979601],[-81.1119749,46.4977681],[-81.1116673,46.4976204],[-81.1111845,46.4974431],[-81.1105372,46.4972511],[-81.1094,46.4969409],[-81.1083807,46.4966824],[-81.1077029,46.4965162],[-81.1072113,46.4964645],[-81.1065944,46.4964645],[-81.1061491,46.4965089],[-81.1057093,46.4965827],[-81.1053123,46.4966787],[-81.1050816,46.4967744],[-81.1047901,46.4969262],[-81.1044969,46.4970886],[-81.1042555,46.4972733],[-81.10388,46.4975761],[-81.103483,46.4980598],[-81.1027803,46.4989572],[-81.1021991,46.4996772],[-81.101981,46.4999542],[-81.1016841,46.5003345],[-81.1014553,46.5005893],[-81.1010905,46.5009549],[-81.1006613,46.5013463],[-81.1002215,46.5017008],[-81.0998728,46.5019556],[-81.0993256,46.5022953],[-81.0986156,46.5026756],[-81.0965557,46.5036467],[-81.0959412,46.5039238],[-81.0951306,46.5042892],[-81.0941739,46.5047655],[-81.0934121,46.5050978],[-81.0929634,46.5052492],[-81.0923768,46.5054264],[-81.0916062,46.5055704],[-81.0911931,46.5056405],[-81.0908391,46.5056812],[-81.0902847,46.5057107],[-81.089321,46.5057698],[-81.0886217,46.5058067],[-81.0869713,46.5059064],[-81.0861238,46.505947],[-81.0843194,46.5060578],[-81.0839493,46.5060836],[-81.0835435,46.5061205],[-81.0832323,46.5061611],[-81.0828979,46.5062165],[-81.0825725,46.5062978],[-81.0822989,46.5063679],[-81.0819878,46.5064676],[-81.0817249,46.5065636],[-81.0807789,46.5069439],[-81.0800011,46.5072651],[-81.0796631,46.5073759],[-81.0792501,46.5074755],[-81.0789086,46.5075235],[-81.0785473,46.5075272],[-81.0780699,46.5074977],[-81.0776265,46.5074239],[-81.0771598,46.5072836],[-81.0757007,46.5067888],[-81.0747566,46.5064417],[-81.0741289,46.5062571],[-81.0736944,46.5061833],[-81.0732527,46.5061574],[-81.0724587,46.5061648],[-81.0717471,46.5061722],[-81.0709803,46.506139],[-81.0682451,46.5059469],[-81.0675653,46.5058991],[-81.065728,46.505768],[-81.0645076,46.5056941],[-81.0642527,46.5056683],[-81.0639631,46.505624],[-81.0636761,46.5055557],[-81.0634534,46.5054966],[-81.0632764,46.5054301],[-81.0630663,46.5053352],[-81.0627105,46.5051643],[-81.0616885,46.5046474],[-81.060503,46.5040289],[-81.0595374,46.5035415],[-81.0586603,46.5030929],[-81.0584484,46.5029803],[-81.0582607,46.5028677],[-81.057963,46.5026683],[-81.0577082,46.5024984],[-81.0574202,46.5022797],[-81.0571744,46.5020922],[-81.0569884,46.5019326],[-81.0566835,46.5016621],[-81.056308,46.5012928],[-81.0557063,46.5006716],[-81.0555024,46.5004796],[-81.055329,46.5003346],[-81.0550876,46.5001426],[-81.0547121,46.499897],[-81.0543473,46.4996902],[-81.0539531,46.4995001],[-81.0534247,46.499308],[-81.0530265,46.499164],[-81.0524859,46.4989757],[-81.0522391,46.4988926],[-81.0520831,46.4988412],[-81.051987,46.4988095],[-81.0512726,46.498565],[-81.050493,46.4983018],[-81.049919,46.4980987],[-81.0494134,46.497926],[-81.0488756,46.4977368],[-81.0482252,46.4975002],[-81.0480003,46.4974184]]]}},
{"type":"Feature","properties":{"full_id":"w185073532","osm_id":"185073532","osm_type":"way","railway":"rail","covered":null,"tunnel":null,"railway:track_ref":null,"abandoned:electrified":null,"Source":null,"layer":null,"bridge":null,"railway:preferred_direction":null,"workrules":null,"railway:traffic_mode":null,"usage":"branch","reporting_marks":"CN","owner:wikipedia":"en:Canadian National Railway","owner:wikidata":"Q624798","owner":"Canadian National Railway","operator:wikipedia":"en:Canadian National Railway","operator:wikidata":"Q624798","operator:short":"CN","operator":"Canadian National Railway","name":"CN Algo Subdivision","maxspeed":null,"service":null,"gauge":"1435","electrified":"no"},"geometry":{"type":"MultiLineString","coordinates":[[[-80.9476989,46.5176299],[-80.9479943,46.5175822],[-80.9493391,46.5173779],[-80.9528866,46.5168123],[-80.9529773,46.5167926],[-80.9559155,46.5163394],[-80.9592703,46.5158104],[-80.9597707,46.515728],[-80.9625352,46.5153015],[-80.963288,46.5151699]]]}},
{"type":"Feature","properties":{"full_id":"w185073534","osm_id":"185073534","osm_type":"way","railway":"rail","covered":null,"tunnel":null,"railway:track_ref":null,"abandoned:electrified":null,"Source":null,"layer":null,"bridge":null,"railway:preferred_direction":null,"workrules":null,"railway:traffic_mode":null,"usage":"branch","reporting_marks":"CN","owner:wikipedia":"en:Canadian National Railway","owner:wikidata":"Q624798","owner":"Canadian National Railway","operator:wikipedia":"en:Canadian National Railway","operator:wikidata":"Q624798","operator:short":"CN","operator":"Canadian National Railway","name":"Sudbury Spur","maxspeed":null,"service":null,"gauge":"1435","electrified":"no"},"geometry":{"type":"MultiLineString","coordinates":[[[-80.98561,46.50901],[-80.9856741,46.5090001],[-80.9858681,46.5089703],[-80.98646,46.5088336],[-80.9865307,46.5088119],[-80.9866229,46.5087836],[-80.9867917,46.5087269],[-80.9868791,46.5086994],[-80.9869271,46.5086843],[-80.9872477,46.5085446],[-80.9877075,46.5083102],[-80.9888529,46.5077185],[-80.9889419,46.5076724],[-80.9898215,46.5072165],[-80.9921852,46.5059809],[-80.9923133,46.5059139],[-80.9960828,46.5039331],[-80.9969339,46.5035242],[-80.9980792,46.5029712],[-80.9981568,46.5029376],[-80.9988612,46.5025842],[-80.9991755,46.5024225],[-80.9994798,46.5022407],[-80.9997914,46.5020537],[-81.0001992,46.5017647],[-81.0005295,46.5015017],[-81.0007135,46.5013245],[-81.001003,46.5010537],[-81.0011834,46.5008607],[-81.0013748,46.5006419]]]}},
{"type":"Feature","properties":{"full_id":"w185073539","osm_id":"185073539","osm_type":"way","railway":"rail","covered":null,"tunnel":null,"railway:track_ref":null,"abandoned:electrified":null,"Source":null,"layer":"1","bridge":"yes","railway:preferred_direction":null,"workrules":null,"railway:traffic_mode":null,"usage":"branch","reporting_marks":"CN","owner:wikipedia":"en:Canadian National Railway","owner:wikidata":"Q624798","owner":"Canadian National Railway","operator:wikipedia":"en:Canadian National Railway","operator:wikidata":"Q624798","operator:short":"CN","operator":"Canadian National Railway","name":"Sudbury Spur","maxspeed":null,"service":null,"gauge":"1435","electrified":"no"},"geometry":{"type":"MultiLineString","coordinates":[[[-80.9852571,46.509057],[-80.98561,46.50901]]]}},
{"type":"Feature","properties":{"full_id":"w185073541","osm_id":"185073541","osm_type":"way","railway":"rail","covered":null,"tunnel":null,"railway:track_ref":null,"abandoned:electrified":null,"Source":null,"layer":null,"bridge":"yes","railway:preferred_direction":null,"workrules":null,"railway:traffic_mode":null,"usage":"branch","reporting_marks":"CN","owner:wikipedia":"en:Canadian National Railway","owner:wikidata":"Q624798","owner":"Canadian National Railway","operator:wikipedia":"en:Canadian National Railway","operator:wikidata":"Q624798","operator:short":"CN","operator":"Canadian National Railway","name":null,"maxspeed":null,"service":null,"gauge":"1435","electrified":"no"},"geometry":{"type":"MultiLineString","coordinates":[[[-80.963288,46.5151699],[-80.963601,46.5151073]]]}},
{"type":"Feature","properties":{"full_id":"w185073542","osm_id":"185073542","osm_type":"way","railway":"rail","covered":null,"tunnel":null,"railway:track_ref":null,"abandoned:electrified":null,"Source":null,"layer":"1","bridge":"yes","railway:preferred_direction":null,"workrules":null,"railway:traffic_mode":null,"usage":"branch","reporting_marks":"CN","owner:wikipedia":"en:Canadian National Railway","owner:wikidata":"Q624798","owner":"Canadian National Railway","operator:wikipedia":"en:Canadian National Railway","operator:wikidata":"Q624798","operator:short":"CN","operator":"Canadian National Railway","name":"CN Algo Subdivision","maxspeed":null,"service":null,"gauge":"1435","electrified":"no"},"geometry":{"type":"MultiLineString","coordinates":[[[-80.9472549,46.5177017],[-80.9476989,46.5176299]]]}},
{"type":"Feature","properties":{"full_id":"w200937247","osm_id":"200937247","osm_type":"way","railway":"rail","covered":null,"tunnel":null,"railway:track_ref":null,"abandoned:electrified":null,"Source":null,"layer":"1","bridge":"yes","railway:preferred_direction":null,"workrules":null,"railway:traffic_mode":null,"usage":"branch","reporting_marks":null,"owner:wikipedia":null,"owner:wikidata":null,"owner":null,"operator:wikipedia":null,"operator:wikidata":"Q2962343","operator:short":null,"operator":"Ottawa Valley Railway","name":"OVR Cartier Subdivision","maxspeed":null,"service":null,"gauge":"1435","electrified":"no"},"geometry":{"type":"MultiLineString","coordinates":[[[-80.7823824,46.4878322],[-80.7815825,46.4876664]]]}},
{"type":"Feature","properties":{"full_id":"w200937249","osm_id":"200937249","osm_type":"way","railway":"rail","covered":null,"tunnel":null,"railway:track_ref":null,"abandoned:electrified":null,"Source":null,"layer":null,"bridge":null,"railway:preferred_direction":null,"workrules":null,"railway:traffic_mode":null,"usage":"branch","reporting_marks":null,"owner:wikipedia":null,"owner:wikidata":null,"owner":null,"operator:wikipedia":null,"operator:wikidata":"Q2962343","operator:short":null,"operator":"Ottawa Valley Railway","name":"OVR Cartier Subdivision","maxspeed":null,"service":null,"gauge":"1435","electrified":"no"},"geometry":{"type":"MultiLineString","coordinates":[[[-80.7815825,46.4876664],[-80.7805658,46.4874696],[-80.7799601,46.4874194],[-80.7794077,46.487389],[-80.7788108,46.4873967],[-80.7781936,46.4874501],[-80.7777713,46.4874888],[-80.7768509,46.4876528],[-80.7760901,46.4878489],[-80.7751821,46.4882023],[-80.7743955,46.4885744]]]}},
{"type":"Feature","properties":{"full_id":"w204215928","osm_id":"204215928","osm_type":"way","railway":"rail","covered":null,"tunnel":null,"railway:track_ref":null,"abandoned:electrified":null,"Source":null,"layer":null,"bridge":null,"railway:preferred_direction":"forward","workrules":null,"railway:traffic_mode":null,"usage":"main","reporting_marks":"CN","owner:wikipedia":"en:Canadian National Railway","owner:wikidata":"Q624798","owner":"Canadian National Railway","operator:wikipedia":"en:Canadian National Railway","operator:wikidata":"Q624798","operator:short":"CN","operator":"Canadian National Railway","name":"CN Bala Subdivision","maxspeed":"40 mph","service":null,"gauge":"1435","electrified":"no"},"geometry":{"type":"MultiLineString","coordinates":[[[-80.8137716,46.3835785],[-80.8138329,46.3835357],[-80.8151199,46.3826378],[-80.8170521,46.3813247],[-80.8178241,46.3807836],[-80.8193822,46.3797322],[-80.8202397,46.3790577],[-80.8205584,46.3786899],[-80.820845,46.3782998],[-80.8210052,46.377933],[-80.8211099,46.3775433],[-80.8211561,46.3772077],[-80.8211046,46.3767395],[-80.8206165,46.3749706]]]}},
{"type":"Feature","properties":{"full_id":"w204215929","osm_id":"204215929","osm_type":"way","railway":"rail","covered":null,"tunnel":null,"railway:track_ref":null,"abandoned:electrified":null,"Source":"Esri","layer":"1","bridge":"yes","railway:preferred_direction":null,"workrules":null,"railway:traffic_mode":null,"usage":"main","reporting_marks":"CN","owner:wikipedia":"en:Canadian National Railway","owner:wikidata":"Q624798","owner":"Canadian National Railway","operator:wikipedia":"en:Canadian National Railway","operator:wikidata":"Q624798","operator:short":"CN","operator":"Canadian National Railway","name":"CN Bala Subdivision","maxspeed":"40 mph","service":null,"gauge":"1435","electrified":"no"},"geometry":{"type":"MultiLineString","coordinates":[[[-80.8088507,46.3864304],[-80.8094838,46.3861827]]]}},
{"type":"Feature","properties":{"full_id":"w204215930","osm_id":"204215930","osm_type":"way","railway":"rail","covered":null,"tunnel":null,"railway:track_ref":null,"abandoned:electrified":null,"Source":null,"layer":"1","bridge":"yes","railway:preferred_direction":null,"workrules":null,"railway:traffic_mode":null,"usage":"main","reporting_marks":"CPKC","owner:wikipedia":null,"owner:wikidata":null,"owner":null,"operator:wikipedia":null,"operator:wikidata":"Q117706368","operator:short":null,"operator":"Canadian Pacific Kansas City","name":"Parry Sound Subdivision","maxspeed":"45 mph","service":null,"gauge":"1435","electrified":"no"},"geometry":{"type":"MultiLineString","coordinates":[[[-80.812083,46.3864131],[-80.8123092,46.3858044]]]}},
{"type":"Feature","properties":{"full_id":"w204215931","osm_id":"204215931","osm_type":"way","railway":"rail","covered":null,"tunnel":null,"railway:track_ref":null,"abandoned:electrified":null,"Source":null,"layer":null,"bridge":null,"railway:preferred_direction":"backward","workrules":null,"railway:traffic_mode":null,"usage":"main","reporting_marks":"CPKC","owner:wikipedia":null,"owner:wikidata":null,"owner":null,"operator:wikipedia":null,"operator:wikidata":"Q117706368","operator:short":null,"operator":"Canadian Pacific Kansas City","name":"Parry Sound Subdivision","maxspeed":"45 mph","service":null,"gauge":"1435","electrified":"no"},"geometry":{"type":"MultiLineString","coordinates":[[[-80.8131899,46.3831258],[-80.8131984,46.3830772],[-80.8132613,46.3827192],[-80.8132764,46.3824012],[-80.8132639,46.3820744],[-80.8132418,46.381781],[-80.8131939,46.3814752],[-80.8131274,46.3811978],[-80.8130428,46.3808925],[-80.8129082,46.3805645],[-80.8127784,46.380284],[-80.8126071,46.379953],[-80.8124227,46.3796639],[-80.8122576,46.3794277],[-80.8120551,46.3791805],[-80.8118114,46.3789008],[-80.8108218,46.3778127],[-80.8106027,46.3775499],[-80.8104119,46.3773094],[-80.8102111,46.3770509],[-80.8100246,46.3767765],[-80.8091055,46.3753991],[-80.8087769,46.374924],[-80.8070104,46.3722511],[-80.8068307,46.3719309],[-80.8067033,46.3716496],[-80.8065929,46.3713066]]]}},
{"type":"Feature","properties":{"full_id":"w205690206","osm_id":"205690206","osm_type":"way","railway":"rail","covered":null,"tunnel":null,"railway:track_ref":null,"abandoned:electrified":"contact_line","Source":null,"layer":null,"bridge":null,"railway:preferred_direction":null,"workrules":null,"railway:traffic_mode":null,"usage":"branch","reporting_marks":null,"owner:wikipedia":null,"owner:wikidata":null,"owner":null,"operator:wikipedia":null,"operator:wikidata":null,"operator:short":null,"operator":"Vale","name":null,"maxspeed":null,"service":null,"gauge":"1435","electrified":"no"},"geometry":{"type":"MultiLineString","coordinates":[[[-81.0585073,46.4686013],[-81.0586541,46.4684051],[-81.059102,46.4678064]]]}},
{"type":"Feature","properties":{"full_id":"w205690207","osm_id":"205690207","osm_type":"way","railway":"rail","covered":null,"tunnel":null,"railway:track_ref":null,"abandoned:electrified":"contact_line","Source":null,"layer":"1","bridge":"yes","railway:preferred_direction":null,"workrules":null,"railway:traffic_mode":null,"usage":"branch","reporting_marks":null,"owner:wikipedia":null,"owner:wikidata":null,"owner":null,"operator:wikipedia":null,"operator:wikidata":null,"operator:short":null,"operator":"Vale","name":null,"maxspeed":null,"service":null,"gauge":"1435","electrified":"no"},"geometry":{"type":"MultiLineString","coordinates":[[[-81.0650685,46.4777572],[-81.0648003,46.4775097]]]}},
{"type":"Feature","properties":{"full_id":"w205690209","osm_id":"205690209","osm_type":"way","railway":"rail","covered":null,"tunnel":null,"railway:track_ref":null,"abandoned:electrified":"contact_line","Source":null,"layer":null,"bridge":null,"railway:preferred_direction":null,"workrules":null,"railway:traffic_mode":null,"usage":"branch","reporting_marks":null,"owner:wikipedia":null,"owner:wikidata":null,"owner":null,"operator:wikipedia":null,"operator:wikidata":null,"operator:short":null,"operator":"Vale","name":null,"maxspeed":null,"service":null,"gauge":"1435","electrified":"no"},"geometry":{"type":"MultiLineString","coordinates":[[[-81.0578036,46.4904259],[-81.0578601,46.4903627],[-81.0580992,46.4900762],[-81.0582131,46.4899277],[-81.058315,46.4897743],[-81.0584285,46.489576],[-81.0586838,46.4890994],[-81.0587938,46.4889147],[-81.0589199,46.4887042],[-81.0589931,46.4886028],[-81.0591138,46.4884708],[-81.0592184,46.4883803],[-81.0593437,46.4882785],[-81.0599069,46.4878298],[-81.0601357,46.4876601],[-81.0602771,46.487562],[-81.060648,46.4873443],[-81.0608707,46.4872121],[-81.061096,46.4870784],[-81.0613399,46.4868863],[-81.0614874,46.4866998],[-81.0616229,46.4864761],[-81.0619327,46.4859064],[-81.0620534,46.4857191],[-81.0621714,46.4855585],[-81.0625672,46.485061],[-81.0629814,46.484552],[-81.0633758,46.4840681],[-81.063593,46.4837855],[-81.0642026,46.4829559],[-81.0644892,46.4825814],[-81.0650468,46.4818592],[-81.0657552,46.4810817],[-81.0658567,46.480907],[-81.0659473,46.4806992],[-81.0659874,46.480565],[-81.0660315,46.4803992],[-81.0660624,46.4802364],[-81.0660942,46.4800685],[-81.0660989,46.4798507],[-81.0660959,46.4796564],[-81.0660691,46.4794409],[-81.0660103,46.4792293],[-81.06591,46.4789178],[-81.0658385,46.4787468],[-81.0657372,46.4785647],[-81.0656183,46.4783904],[-81.065505,46.4782304],[-81.0653441,46.4780438],[-81.0651891,46.4778771],[-81.0650685,46.4777572]]]}},
{"type":"Feature","properties":{"full_id":"w205690210","osm_id":"205690210","osm_type":"way","railway":"rail","covered":null,"tunnel":null,"railway:track_ref":null,"abandoned:electrified":"contact_line","Source":null,"layer":"1","bridge":"yes","railway:preferred_direction":null,"workrules":null,"railway:traffic_mode":null,"usage":"branch","reporting_marks":null,"owner:wikipedia":null,"owner:wikidata":null,"owner":null,"operator:wikipedia":null,"operator:wikidata":null,"operator:short":null,"operator":"Vale","name":null,"maxspeed":null,"service":null,"gauge":"1435","electrified":"no"},"geometry":{"type":"MultiLineString","coordinates":[[[-81.0581323,46.4691358],[-81.0585073,46.4686013]]]}},
{"type":"Feature","properties":{"full_id":"w205690211","osm_id":"205690211","osm_type":"way","railway":"rail","covered":null,"tunnel":null,"railway:track_ref":null,"abandoned:electrified":"contact_line","Source":null,"layer":null,"bridge":null,"railway:preferred_direction":null,"workrules":null,"railway:traffic_mode":null,"usage":"branch","reporting_marks":null,"owner:wikipedia":null,"owner:wikidata":null,"owner":null,"operator:wikipedia":null,"operator:wikidata":null,"operator:short":null,"operator":"Vale","name":null,"maxspeed":null,"service":null,"gauge":"1435","electrified":"no"},"geometry":{"type":"MultiLineString","coordinates":[[[-81.0648003,46.4775097],[-81.0644447,46.4771844],[-81.0641356,46.4769936],[-81.0637827,46.4767762],[-81.0627725,46.4762131],[-81.061663,46.475602],[-81.0604871,46.4752759],[-81.0603154,46.475218],[-81.0601541,46.4751481],[-81.0596478,46.4748715],[-81.0582393,46.4739723],[-81.057333,46.4734349],[-81.0570002,46.4731595],[-81.0566622,46.4728085],[-81.0564662,46.4724458],[-81.0563886,46.4719403],[-81.0563978,46.471762],[-81.0564364,46.4715987],[-81.056496,46.4714347],[-81.056759,46.4710372],[-81.0574457,46.4701172],[-81.0581323,46.4691358]]]}},
{"type":"Feature","properties":{"full_id":"w205880328","osm_id":"205880328","osm_type":"way","railway":"rail","covered":null,"tunnel":null,"railway:track_ref":null,"abandoned:electrified":"contact_line","Source":null,"layer":null,"bridge":null,"railway:preferred_direction":null,"workrules":null,"railway:traffic_mode":null,"usage":null,"reporting_marks":null,"owner:wikipedia":null,"owner:wikidata":null,"owner":null,"operator:wikipedia":null,"operator:wikidata":null,"operator:short":null,"operator":"Vale","name":null,"maxspeed":null,"service":"spur","gauge":"1435","electrified":"no"},"geometry":{"type":"MultiLineString","coordinates":[[[-81.0842287,46.4476656],[-81.0836708,46.4481091],[-81.0834374,46.4482865],[-81.0832255,46.4483919],[-81.0828889,46.4485249],[-81.0827738,46.4485687],[-81.0825053,46.4486709],[-81.0822988,46.4487615],[-81.0822737,46.4487775],[-81.0821245,46.4488724],[-81.0817865,46.4491218],[-81.0813842,46.4494397],[-81.0811748,46.4496024],[-81.0804631,46.450167],[-81.0801261,46.450471],[-81.0798149,46.4507722],[-81.0794501,46.4511621],[-81.0786589,46.4519993],[-81.0781412,46.4525333],[-81.0778596,46.452792],[-81.0774339,46.453154],[-81.0771479,46.4533972],[-81.0768001,46.4536901],[-81.0760008,46.4543757],[-81.0753061,46.4550113],[-81.0750889,46.4552072],[-81.0747777,46.4554807],[-81.074463,46.4557477],[-81.0742886,46.4558936],[-81.0739489,46.4561791],[-81.073493,46.4565542],[-81.0729958,46.4569561],[-81.0721938,46.4575677],[-81.0717629,46.4578698],[-81.070842,46.4584805],[-81.0699658,46.4589933],[-81.069298,46.4593702],[-81.0689949,46.4595439],[-81.0687401,46.4596898],[-81.0682027,46.459979],[-81.0677155,46.4602238],[-81.0669054,46.4606395],[-81.0658352,46.4611975],[-81.0651754,46.4615172],[-81.0645853,46.4618128],[-81.0635705,46.4623163]]]}},
{"type":"Feature","properties":{"full_id":"w205880331","osm_id":"205880331","osm_type":"way","railway":"rail","covered":null,"tunnel":null,"railway:track_ref":null,"abandoned:electrified":"contact_line","Source":null,"layer":"1","bridge":"yes","railway:preferred_direction":null,"workrules":null,"railway:traffic_mode":null,"usage":"branch","reporting_marks":null,"owner:wikipedia":null,"owner:wikidata":null,"owner":null,"operator:wikipedia":null,"operator:wikidata":null,"operator:short":null,"operator":"Vale","name":null,"maxspeed":null,"service":null,"gauge":"1435","electrified":"no"},"geometry":{"type":"MultiLineString","coordinates":[[[-81.0617797,46.4640908],[-81.0613657,46.4646534]]]}},
{"type":"Feature","properties":{"full_id":"w205880336","osm_id":"205880336","osm_type":"way","railway":"rail","covered":null,"tunnel":null,"railway:track_ref":null,"abandoned:electrified":"contact_line","Source":null,"layer":null,"bridge":null,"railway:preferred_direction":null,"workrules":null,"railway:traffic_mode":null,"usage":"branch","reporting_marks":null,"owner:wikipedia":null,"owner:wikidata":null,"owner":null,"operator:wikipedia":null,"operator:wikidata":null,"operator:short":null,"operator":"Vale","name":null,"maxspeed":null,"service":null,"gauge":"1435","electrified":"no"},"geometry":{"type":"MultiLineString","coordinates":[[[-81.0613657,46.4646534],[-81.0611467,46.4649832],[-81.0605352,46.4657868],[-81.0599174,46.4666284],[-81.0594006,46.4673719],[-81.059102,46.4678064]]]}},
{"type":"Feature","properties":{"full_id":"w205880342","osm_id":"205880342","osm_type":"way","railway":"rail","covered":null,"tunnel":null,"railway:track_ref":null,"abandoned:electrified":null,"Source":null,"layer":null,"bridge":null,"railway:preferred_direction":null,"workrules":null,"railway:traffic_mode":null,"usage":null,"reporting_marks":null,"owner:wikipedia":null,"owner:wikidata":null,"owner":null,"operator:wikipedia":null,"operator:wikidata":null,"operator:short":null,"operator":"Vale","name":null,"maxspeed":null,"service":"siding","gauge":"1435","electrified":"no"},"geometry":{"type":"MultiLineString","coordinates":[[[-81.0577082,46.5024984],[-81.0574426,46.5022529],[-81.0568257,46.5017304],[-81.0561498,46.5010602],[-81.0557609,46.500654],[-81.0555677,46.5004731],[-81.0553469,46.5002821],[-81.0551788,46.50015],[-81.0549562,46.4999912],[-81.0546692,46.4998139],[-81.0543849,46.4996625],[-81.0540979,46.4995259],[-81.0538645,46.4994299],[-81.0534247,46.499308]]]}},
{"type":"Feature","properties":{"full_id":"w205880344","osm_id":"205880344","osm_type":"way","railway":"rail","covered":null,"tunnel":null,"railway:track_ref":null,"abandoned:electrified":"contact_line","Source":null,"layer":null,"bridge":null,"railway:preferred_direction":null,"workrules":null,"railway:traffic_mode":null,"usage":null,"reporting_marks":null,"owner:wikipedia":null,"owner:wikidata":null,"owner":null,"operator:wikipedia":null,"operator:wikidata":null,"operator:short":null,"operator":"Vale","name":null,"maxspeed":null,"service":"spur","gauge":"1435","electrified":"no"},"geometry":{"type":"MultiLineString","coordinates":[[[-80.98709,46.5401309],[-80.9872413,46.5399805],[-80.9873325,46.5399085],[-80.9874666,46.5398347],[-80.9876785,46.5397185],[-80.987774,46.5396789],[-80.9879709,46.539617],[-80.9882981,46.5395229],[-80.9893307,46.539272],[-80.9899315,46.539141],[-80.9904653,46.5390377],[-80.9906557,46.5389953],[-80.9908703,46.5389325],[-80.9910742,46.5388661],[-80.9911184,46.5388502],[-80.9913735,46.5387583],[-80.9915757,46.5386724],[-80.9917785,46.538583],[-80.9920022,46.5384713],[-80.9925896,46.5381521],[-80.9933084,46.5377444],[-80.9937966,46.5374694],[-80.9939254,46.5373864],[-80.9940514,46.5372905],[-80.9945664,46.536868],[-80.9955025,46.5363274],[-80.995929,46.5360912],[-80.9962991,46.5358882],[-80.9972701,46.5353162],[-80.9976509,46.5350967],[-80.997895,46.5349454],[-80.9981954,46.534735],[-80.9983751,46.5345671],[-80.9987292,46.5341926],[-81.0000163,46.5329911],[-81.0005896,46.5323207],[-81.0011475,46.5317395],[-81.0013996,46.5314719],[-81.0014919,46.5313528],[-81.0017215,46.5309552],[-81.0019495,46.5304921],[-81.0021624,46.5301017],[-81.0023475,46.5297474],[-81.0024832,46.5295141],[-81.0026388,46.529324],[-81.002951,46.5290185],[-81.0033038,46.5286762],[-81.0036532,46.5283114],[-81.0037921,46.5281825],[-81.0042401,46.5278219],[-81.0049374,46.5271834],[-81.0052647,46.5268494],[-81.0054481,46.5266823],[-81.0057807,46.526435],[-81.0063681,46.5260032],[-81.0066471,46.5257817],[-81.0069169,46.5255428],[-81.0074356,46.5250417],[-81.0077594,46.5247391],[-81.0081786,46.5243496],[-81.0084672,46.5240738],[-81.0086469,46.5238856],[-81.0087784,46.5237472],[-81.0089028,46.5235893],[-81.0090047,46.5234417],[-81.0091174,46.5232368],[-81.0092826,46.5229185],[-81.0094366,46.5226167],[-81.0095734,46.52241],[-81.0098174,46.5221073],[-81.0104478,46.5212842],[-81.010709,46.520935],[-81.0109965,46.5205654],[-81.0111505,46.5204094],[-81.0112862,46.5203089],[-81.0114509,46.5201898],[-81.011695,46.520055],[-81.011923,46.5199443],[-81.012151,46.5198483],[-81.0124326,46.5197468],[-81.0128269,46.5196674],[-81.0130951,46.5196139],[-81.0139132,46.5195032],[-81.014581,46.5194146],[-81.01486,46.5193758],[-81.0151604,46.5193149],[-81.0153643,46.5192559],[-81.0156019,46.5191591],[-81.0158551,46.5190399],[-81.0162869,46.5187871],[-81.0168303,46.5184577],[-81.0174108,46.5180894],[-81.0176431,46.517952],[-81.0178453,46.5178495],[-81.0181162,46.517735],[-81.018312,46.5176649],[-81.0188753,46.5175154],[-81.0198891,46.5172791],[-81.0212061,46.5169487],[-81.0217479,46.5168103],[-81.0221288,46.5166977],[-81.0224265,46.5165778],[-81.0227055,46.5164522],[-81.0229549,46.5163083],[-81.0231791,46.5161432],[-81.023317,46.5160277],[-81.023493,46.5158534],[-81.0239087,46.5153421],[-81.0245428,46.5145012],[-81.0250095,46.5139143],[-81.025208,46.513654],[-81.0254172,46.5134491],[-81.02568,46.5132461],[-81.0258812,46.5131058],[-81.0263989,46.5128215],[-81.0269315,46.5125309],[-81.0271901,46.5123841],[-81.0274573,46.5122226],[-81.0276836,46.5120813],[-81.0279465,46.5118801],[-81.0281788,46.5116689],[-81.0283612,46.5114732],[-81.028616,46.5111188],[-81.0288386,46.5107865],[-81.0290784,46.5104458],[-81.0293616,46.5100223],[-81.0297023,46.5094777],[-81.0299474,46.5091149],[-81.0302629,46.5086378],[-81.030692,46.5079344],[-81.0310139,46.5074397],[-81.0312483,46.5071064],[-81.0313894,46.506884],[-81.0315449,46.5066607],[-81.0316935,46.5064953]]]}},
{"type":"Feature","properties":{"full_id":"w205880348","osm_id":"205880348","osm_type":"way","railway":"rail","covered":null,"tunnel":null,"railway:track_ref":null,"abandoned:electrified":null,"Source":null,"layer":null,"bridge":null,"railway:preferred_direction":null,"workrules":null,"railway:traffic_mode":null,"usage":"branch","reporting_marks":"CPKC","owner:wikipedia":null,"owner:wikidata":null,"owner":null,"operator:wikipedia":"en:Canadian Pacific Kansas City","operator:wikidata":"Q117706368","operator:short":null,"operator":"Canadian Pacific Kansas City","name":"Nickel Spur","maxspeed":null,"service":null,"gauge":"1435","electrified":"no"},"geometry":{"type":"MultiLineString","coordinates":[[[-81.0001705,46.4947263],[-81.0010066,46.4951255],[-81.0011143,46.4951758],[-81.0025204,46.4958318],[-81.0034951,46.4962849],[-81.0038769,46.4964759],[-81.0042427,46.4966669],[-81.0046033,46.4968861],[-81.0052431,46.4972948],[-81.0061637,46.4979099],[-81.0064371,46.4981036],[-81.0071027,46.4985548],[-81.0072019,46.4986202],[-81.0073588,46.4987236],[-81.00776,46.4989291],[-81.0081004,46.4990888],[-81.0084709,46.4992419],[-81.0088363,46.4993702],[-81.009168,46.4994728],[-81.0095393,46.4995652],[-81.0103026,46.4997264],[-81.0106228,46.4997916],[-81.0110241,46.4998607],[-81.0113386,46.4999002],[-81.0116572,46.499917],[-81.01196,46.4999174],[-81.0123072,46.4999122],[-81.0126492,46.4998885],[-81.0129528,46.4998516],[-81.0132169,46.4997977],[-81.0134796,46.4997324],[-81.0137342,46.4996522],[-81.0140075,46.4995574],[-81.0142743,46.4994531],[-81.0145309,46.4993102],[-81.015343,46.4987932],[-81.0181392,46.496829],[-81.0188988,46.4964164],[-81.0194529,46.4962363],[-81.020176,46.4961178],[-81.0216328,46.4959906]]]}},
{"type":"Feature","properties":{"full_id":"w205936815","osm_id":"205936815","osm_type":"way","railway":"rail","covered":null,"tunnel":null,"railway:track_ref":null,"abandoned:electrified":"contact_line","Source":null,"layer":null,"bridge":null,"railway:preferred_direction":null,"workrules":null,"railway:traffic_mode":null,"usage":null,"reporting_marks":null,"owner:wikipedia":null,"owner:wikidata":null,"owner":null,"operator:wikipedia":null,"operator:wikidata":null,"operator:short":null,"operator":"Vale","name":null,"maxspeed":null,"service":"spur","gauge":"1435","electrified":"no"},"geometry":{"type":"MultiLineString","coordinates":[[[-81.0104478,46.5212842],[-81.0102453,46.5214728],[-81.0097465,46.5220809],[-81.0095013,46.522385],[-81.0093617,46.522596],[-81.0092066,46.5229],[-81.0090417,46.5232177],[-81.0089305,46.5234199],[-81.0088309,46.5235641],[-81.008709,46.5237187],[-81.0085795,46.5238552],[-81.0084008,46.5240424],[-81.0081141,46.5243164],[-81.0077594,46.5247391]]]}},
{"type":"Feature","properties":{"full_id":"w205936816","osm_id":"205936816","osm_type":"way","railway":"rail","covered":null,"tunnel":null,"railway:track_ref":null,"abandoned:electrified":"contact_line","Source":null,"layer":null,"bridge":null,"railway:preferred_direction":null,"workrules":null,"railway:traffic_mode":null,"usage":null,"reporting_marks":null,"owner:wikipedia":null,"owner:wikidata":null,"owner":null,"operator:wikipedia":null,"operator:wikidata":null,"operator:short":null,"operator":"Vale","name":null,"maxspeed":null,"service":"spur","gauge":"1435","electrified":"no"},"geometry":{"type":"MultiLineString","coordinates":[[[-81.0036532,46.5283114],[-81.0033602,46.5287131],[-81.0031226,46.5289632],[-81.0027364,46.5293322],[-81.0026227,46.5294956],[-81.0024832,46.5297447],[-81.0021533,46.5303574],[-81.0019505,46.5307568],[-81.0016743,46.5312587],[-81.0015804,46.5313989],[-81.0014211,46.5316029],[-81.0010142,46.5320195],[-81.000662,46.5324001],[-81.0002205,46.5328806],[-81.0001078,46.5330356],[-80.9999201,46.5332534],[-80.9996948,46.533484],[-80.9991895,46.533974],[-80.9986916,46.5344435],[-80.9984009,46.5347287],[-80.9982464,46.5348421],[-80.9977341,46.5351465],[-80.9974095,46.5353329],[-80.9966773,46.5357646],[-80.9962347,46.5360174],[-80.9959826,46.5361207],[-80.9955025,46.5363274]]]}},
{"type":"Feature","properties":{"full_id":"w205936817","osm_id":"205936817","osm_type":"way","railway":"rail","covered":null,"tunnel":null,"railway:track_ref":null,"abandoned:electrified":"contact_line","Source":null,"layer":null,"bridge":null,"railway:preferred_direction":null,"workrules":null,"railway:traffic_mode":null,"usage":null,"reporting_marks":null,"owner:wikipedia":null,"owner:wikidata":null,"owner":null,"operator:wikipedia":null,"operator:wikidata":null,"operator:short":null,"operator":"Canadian Pacific Kansas City","name":null,"maxspeed":null,"service":"spur","gauge":"1435","electrified":"no"},"geometry":{"type":"MultiLineString","coordinates":[[[-81.0389762,46.5113025],[-81.0387585,46.5111731],[-81.0385667,46.5110319],[-81.0381909,46.510761],[-81.0378975,46.51054],[-81.0377057,46.5103942],[-81.0375193,46.5102317],[-81.0373369,46.5100619],[-81.0367978,46.5095413],[-81.0366891,46.5094306],[-81.0366248,46.5093502],[-81.0365583,46.5092454],[-81.0365123,46.5091514],[-81.036475,46.5090415],[-81.0364449,46.5089199],[-81.0364297,46.5088068],[-81.0364243,46.5087036],[-81.036427,46.5086055],[-81.0364338,46.5084868],[-81.0364499,46.5083874],[-81.0364742,46.5082659],[-81.0365136,46.5081343],[-81.0365642,46.5080108],[-81.0366127,46.5079075],[-81.036675,46.5077974],[-81.0367288,46.5077091],[-81.0368256,46.5075804],[-81.0369373,46.50745],[-81.037299,46.50709],[-81.037782,46.5066247],[-81.0387127,46.5057071],[-81.0390621,46.5053723],[-81.0391492,46.5052955],[-81.0392354,46.5052269],[-81.0393223,46.505154],[-81.0394809,46.5050448],[-81.0396353,46.5049554],[-81.0398075,46.5048553],[-81.0399717,46.5047664],[-81.0401185,46.5046921],[-81.04051,46.5045218]]]}},
{"type":"Feature","properties":{"full_id":"w205936818","osm_id":"205936818","osm_type":"way","railway":"rail","covered":null,"tunnel":null,"railway:track_ref":null,"abandoned:electrified":"contact_line","Source":null,"layer":null,"bridge":null,"railway:preferred_direction":null,"workrules":null,"railway:traffic_mode":null,"usage":null,"reporting_marks":null,"owner:wikipedia":null,"owner:wikidata":null,"owner":null,"operator:wikipedia":null,"operator:wikidata":null,"operator:short":null,"operator":"Canadian Pacific Kansas City","name":null,"maxspeed":null,"service":"spur","gauge":"1435","electrified":"no"},"geometry":{"type":"MultiLineString","coordinates":[[[-81.0381909,46.510761],[-81.0380423,46.5106406],[-81.0373798,46.5100397],[-81.0368434,46.5095192],[-81.0367415,46.5094111],[-81.0366718,46.5093281],[-81.0366141,46.5092386],[-81.0365671,46.5091426],[-81.0365255,46.5090337],[-81.0364974,46.5089072],[-81.036488,46.5088112],[-81.0364813,46.5087124],[-81.0364839,46.5086137],[-81.036492,46.5084919],[-81.0365081,46.5083912],[-81.0365335,46.5082749],[-81.0365685,46.5081522],[-81.0366181,46.5080239],[-81.0366663,46.507915],[-81.036716,46.5078189],[-81.0367764,46.5077258],[-81.0368716,46.5075965],[-81.0369828,46.5074784],[-81.0373369,46.5071082],[-81.0378197,46.506643],[-81.0387504,46.5057255],[-81.0390991,46.5053914],[-81.039185,46.5053157],[-81.0392708,46.5052474],[-81.0393566,46.5051754],[-81.0395122,46.5050683],[-81.0396651,46.5049797],[-81.0398367,46.50488],[-81.0400003,46.5047914],[-81.0401827,46.5046917],[-81.04051,46.5045218]]]}},
{"type":"Feature","properties":{"full_id":"w205936819","osm_id":"205936819","osm_type":"way","railway":"rail","covered":null,"tunnel":null,"railway:track_ref":null,"abandoned:electrified":"contact_line","Source":null,"layer":null,"bridge":null,"railway:preferred_direction":null,"workrules":null,"railway:traffic_mode":null,"usage":null,"reporting_marks":null,"owner:wikipedia":null,"owner:wikidata":null,"owner":null,"operator:wikipedia":null,"operator:wikidata":null,"operator:short":null,"operator":"Vale","name":null,"maxspeed":null,"service":"spur","gauge":"1435","electrified":"no"},"geometry":{"type":"MultiLineString","coordinates":[[[-80.9999201,46.5332534],[-81.0002232,46.5329821],[-81.0005048,46.5327441],[-81.000832,46.5325208],[-81.0011539,46.5321666],[-81.0014704,46.5318289],[-81.0017359,46.5315244],[-81.0018271,46.5313768],[-81.001913,46.5312292],[-81.0019961,46.531041],[-81.0020256,46.5308435],[-81.0020337,46.5307107],[-81.0020633,46.5305826],[-81.0021533,46.5303574]]]}},
{"type":"Feature","properties":{"full_id":"w205936820","osm_id":"205936820","osm_type":"way","railway":"rail","covered":null,"tunnel":null,"railway:track_ref":null,"abandoned:electrified":"contact_line","Source":null,"layer":null,"bridge":null,"railway:preferred_direction":null,"workrules":null,"railway:traffic_mode":null,"usage":null,"reporting_marks":null,"owner:wikipedia":null,"owner:wikidata":null,"owner":null,"operator:wikipedia":null,"operator:wikidata":null,"operator:short":null,"operator":"Vale","name":null,"maxspeed":null,"service":"spur","gauge":"1435","electrified":"no"},"geometry":{"type":"MultiLineString","coordinates":[[[-80.9987292,46.5341926],[-80.9989947,46.5339693],[-80.9991852,46.5338531],[-80.9996948,46.533484]]]}},
{"type":"Feature","properties":{"full_id":"w205936821","osm_id":"205936821","osm_type":"way","railway":"rail","covered":null,"tunnel":null,"railway:track_ref":null,"abandoned:electrified":"contact_line","Source":null,"layer":null,"bridge":null,"railway:preferred_direction":null,"workrules":null,"railway:traffic_mode":null,"usage":null,"reporting_marks":null,"owner:wikipedia":null,"owner:wikidata":null,"owner":null,"operator:wikipedia":null,"operator:wikidata":null,"operator:short":null,"operator":"Vale","name":"Slag Dump","maxspeed":null,"service":"spur","gauge":"1435","electrified":"no"},"geometry":{"type":"MultiLineString","coordinates":[[[-81.0292772,46.4904092],[-81.0292035,46.4902528],[-81.0290946,46.4898577],[-81.0290425,46.4895972],[-81.0290275,46.4894643],[-81.0290409,46.4893184],[-81.0290865,46.4891319],[-81.029167,46.4889565],[-81.0294567,46.4885964],[-81.0297088,46.4883157],[-81.030374,46.4876749],[-81.0313181,46.4868161],[-81.0318063,46.4863489],[-81.032178,46.4859979],[-81.0324382,46.4857597],[-81.0325669,46.4856101],[-81.0326968,46.485444],[-81.0328003,46.485274],[-81.0328647,46.485093],[-81.032914,46.4848733],[-81.0329489,46.4846406],[-81.0329559,46.4844337],[-81.0328808,46.4839313],[-81.0327531,46.483418],[-81.0326941,46.4830597],[-81.0326984,46.4828232],[-81.0327316,46.4826017],[-81.0327799,46.4824354],[-81.0328738,46.4822712],[-81.0329746,46.4821417],[-81.0330953,46.4820161],[-81.0333217,46.4818611],[-81.0335202,46.4817503],[-81.0337589,46.4816543],[-81.0342406,46.4815045],[-81.0348371,46.4813293],[-81.0358714,46.4810502],[-81.0364937,46.4808802],[-81.0381953,46.4804205],[-81.0389157,46.4802301],[-81.0399537,46.4799586],[-81.0416446,46.4795155],[-81.0420861,46.4794045],[-81.0425743,46.4793066],[-81.0435865,46.4791609],[-81.0440559,46.4790999],[-81.0444314,46.4790501],[-81.0446754,46.4790205],[-81.0449517,46.4789725],[-81.0451636,46.4789374],[-81.0453782,46.4788783],[-81.0456035,46.4787896],[-81.0458422,46.4786567],[-81.0461442,46.4784267],[-81.0465868,46.4780684],[-81.0476178,46.4772363],[-81.0477965,46.4770783],[-81.0479574,46.4769213],[-81.0480711,46.476804],[-81.0483928,46.4763958],[-81.0486494,46.4760532],[-81.0488881,46.4757521],[-81.0490017,46.4755849],[-81.0490651,46.4754326],[-81.0491268,46.4752275],[-81.0491456,46.4750871],[-81.049156,46.4750045],[-81.0491402,46.4747953],[-81.0491036,46.474606],[-81.0490446,46.47446],[-81.0488971,46.4742236],[-81.0487942,46.4740749],[-81.048645,46.4739336],[-81.0485099,46.473807],[-81.0483392,46.4736879],[-81.048165,46.4735882],[-81.048003,46.4735096],[-81.0477841,46.4734274],[-81.0475186,46.4733517],[-81.0472584,46.4732926],[-81.047024,46.4732547],[-81.0467944,46.4732298],[-81.046392,46.4731873]]]}},
{"type":"Feature","properties":{"full_id":"w205938212","osm_id":"205938212","osm_type":"way","railway":"rail","covered":null,"tunnel":null,"railway:track_ref":null,"abandoned:electrified":"contact_line","Source":null,"layer":null,"bridge":null,"railway:preferred_direction":null,"workrules":null,"railway:traffic_mode":null,"usage":null,"reporting_marks":null,"owner:wikipedia":null,"owner:wikidata":null,"owner":null,"operator:wikipedia":null,"operator:wikidata":null,"operator:short":null,"operator":"Vale","name":null,"maxspeed":null,"service":"spur","gauge":"1435","electrified":"no"},"geometry":{"type":"MultiLineString","coordinates":[[[-81.0641356,46.4769936],[-81.0637502,46.4768031],[-81.0635705,46.4767329],[-81.0633462,46.4766618],[-81.0629519,46.4765916],[-81.0627113,46.4765626],[-81.0626461,46.4765547],[-81.062394,46.4765473],[-81.0617073,46.4765436],[-81.0609885,46.4765399],[-81.0606398,46.4765325],[-81.0603657,46.4765114],[-81.0600712,46.476442],[-81.0597347,46.4763446],[-81.0596832,46.4763297],[-81.0593309,46.4762277],[-81.0591681,46.4761813],[-81.058942,46.4761169],[-81.0586899,46.4760781],[-81.0584714,46.4760597],[-81.0582354,46.4760505],[-81.0579577,46.4760393],[-81.0574951,46.4760283],[-81.0573462,46.4760319],[-81.0571772,46.4760467],[-81.0570512,46.4760615],[-81.0568929,46.4761077],[-81.056736,46.4761613],[-81.0565965,46.4762241],[-81.0564189,46.4763271]]]}},
{"type":"Feature","properties":{"full_id":"w205938213","osm_id":"205938213","osm_type":"way","railway":"rail","covered":null,"tunnel":null,"railway:track_ref":null,"abandoned:electrified":"contact_line","Source":null,"layer":null,"bridge":null,"railway:preferred_direction":null,"workrules":null,"railway:traffic_mode":null,"usage":null,"reporting_marks":null,"owner:wikipedia":null,"owner:wikidata":null,"owner":null,"operator:wikipedia":null,"operator:wikidata":null,"operator:short":null,"operator":"Vale","name":null,"maxspeed":null,"service":"spur","gauge":"1435","electrified":"no"},"geometry":{"type":"MultiLineString","coordinates":[[[-81.0348371,46.4813293],[-81.0352287,46.4811907],[-81.0354674,46.4810818],[-81.0356418,46.4809876],[-81.0357759,46.4809026],[-81.0359448,46.4807899],[-81.036095,46.4806662],[-81.0362962,46.4804649],[-81.0365001,46.4802654],[-81.0366985,46.4800548],[-81.0369721,46.4797113],[-81.0374925,46.4790076],[-81.0381539,46.4780961],[-81.0386941,46.4773859],[-81.0392332,46.476647],[-81.0395846,46.4761649],[-81.0397203,46.4759756],[-81.0399483,46.4757281],[-81.0404456,46.475306],[-81.0409552,46.4749052],[-81.0412771,46.4746817],[-81.0417223,46.4744065],[-81.0420281,46.4742421],[-81.0423489,46.4741155],[-81.0431332,46.4738652],[-81.0439137,46.4736528],[-81.0449893,46.4733443],[-81.0453245,46.4732538],[-81.0455767,46.4732113],[-81.0458395,46.4731836],[-81.046392,46.4731873],[-81.0471511,46.4732187],[-81.0474515,46.4732243],[-81.0482212,46.4731903],[-81.0484089,46.4731836],[-81.049514,46.4731614],[-81.0505976,46.47313],[-81.0509678,46.47313],[-81.0513755,46.4731559],[-81.0518207,46.4732021],[-81.0520675,46.4732427],[-81.0524054,46.4733166],[-81.0532181,46.4735253],[-81.0544815,46.4738523],[-81.0555597,46.4741165],[-81.0562705,46.4743086],[-81.0566397,46.4744074],[-81.0571207,46.474521],[-81.0578771,46.4746909],[-81.0586121,46.4748479],[-81.05917,46.4749735],[-81.0597242,46.4751075],[-81.0600578,46.4752007],[-81.0602616,46.4752635],[-81.0605245,46.475391],[-81.060723,46.4755406],[-81.0608839,46.4757364],[-81.0609912,46.4758657],[-81.0610766,46.4759821],[-81.0610958,46.4761372],[-81.0610666,46.4763569],[-81.0610153,46.4764605],[-81.0609885,46.4765399],[-81.0609241,46.4766507],[-81.0608463,46.4767486],[-81.0607467,46.4768362],[-81.0606958,46.4768834],[-81.0605933,46.4769786],[-81.0603045,46.4771956]]]}},
{"type":"Feature","properties":{"full_id":"w205938215","osm_id":"205938215","osm_type":"way","railway":"rail","covered":null,"tunnel":null,"railway:track_ref":null,"abandoned:electrified":"contact_line","Source":null,"layer":null,"bridge":null,"railway:preferred_direction":null,"workrules":null,"railway:traffic_mode":null,"usage":null,"reporting_marks":null,"owner:wikipedia":null,"owner:wikidata":null,"owner":null,"operator:wikipedia":null,"operator:wikidata":null,"operator:short":null,"operator":"Vale","name":null,"maxspeed":null,"service":"spur","gauge":"1435","electrified":"no"},"geometry":{"type":"MultiLineString","coordinates":[[[-81.062394,46.4765473],[-81.0621194,46.4765685],[-81.0618325,46.4765999],[-81.0615947,46.4766526],[-81.0612906,46.4767403],[-81.0609554,46.4768916],[-81.0608571,46.4769351],[-81.060604,46.4770469],[-81.0603045,46.4771956],[-81.0598986,46.4774662],[-81.0596393,46.4776371],[-81.0593148,46.477844],[-81.0582982,46.4784941],[-81.0580032,46.4787121],[-81.0576192,46.478991]]]}},
{"type":"Feature","properties":{"full_id":"w205938216","osm_id":"205938216","osm_type":"way","railway":"rail","covered":null,"tunnel":null,"railway:track_ref":null,"abandoned:electrified":"contact_line","Source":null,"layer":null,"bridge":null,"railway:preferred_direction":null,"workrules":null,"railway:traffic_mode":null,"usage":null,"reporting_marks":null,"owner:wikipedia":null,"owner:wikidata":null,"owner":null,"operator:wikipedia":null,"operator:wikidata":null,"operator:short":null,"operator":"Vale","name":null,"maxspeed":null,"service":"spur","gauge":"1435","electrified":"no"},"geometry":{"type":"MultiLineString","coordinates":[[[-81.0580032,46.4787121],[-81.0581507,46.4785458],[-81.0585423,46.4782706],[-81.0589142,46.4780573],[-81.0593148,46.477844]]]}},
{"type":"Feature","properties":{"full_id":"w205938813","osm_id":"205938813","osm_type":"way","railway":"rail","covered":null,"tunnel":null,"railway:track_ref":null,"abandoned:electrified":"contact_line","Source":null,"layer":null,"bridge":null,"railway:preferred_direction":null,"workrules":null,"railway:traffic_mode":null,"usage":"branch","reporting_marks":null,"owner:wikipedia":null,"owner:wikidata":null,"owner":null,"operator:wikipedia":null,"operator:wikidata":null,"operator:short":null,"operator":"Vale","name":null,"maxspeed":null,"service":null,"gauge":"1435","electrified":"no"},"geometry":{"type":"MultiLineString","coordinates":[[[-81.0416553,46.5039052],[-81.0424787,46.5034788],[-81.0428102,46.5033025],[-81.0431117,46.5031335],[-81.0434121,46.50296],[-81.0436337,46.5028041],[-81.0438788,46.5026258],[-81.0444276,46.50218],[-81.0448799,46.5018393],[-81.0455096,46.5013648],[-81.0464527,46.5006366],[-81.0473807,46.4999368],[-81.0476768,46.4997105],[-81.0478646,46.4995573],[-81.0479987,46.4994336],[-81.0482131,46.4992176],[-81.0484026,46.4990081],[-81.0487683,46.498636],[-81.0490795,46.4983036],[-81.0494134,46.497926],[-81.0497065,46.4976231],[-81.0498395,46.4974791],[-81.0503751,46.4969171],[-81.0504731,46.4968121],[-81.0506892,46.4965911],[-81.0507768,46.4964996],[-81.0510296,46.4962334],[-81.0531191,46.4940365],[-81.0535563,46.4935933],[-81.0537199,46.4934548],[-81.0539371,46.4933034],[-81.0545567,46.4928381],[-81.0557691,46.4919702],[-81.0567641,46.4912399],[-81.0572188,46.4908983],[-81.057611,46.4905957],[-81.0578036,46.4904259]]]}},
{"type":"Feature","properties":{"full_id":"w205938814","osm_id":"205938814","osm_type":"way","railway":"rail","covered":null,"tunnel":null,"railway:track_ref":null,"abandoned:electrified":"contact_line","Source":null,"layer":"1","bridge":"yes","railway:preferred_direction":null,"workrules":null,"railway:traffic_mode":null,"usage":"branch","reporting_marks":null,"owner:wikipedia":null,"owner:wikidata":null,"owner":null,"operator:wikipedia":null,"operator:wikidata":null,"operator:short":null,"operator":"Vale","name":null,"maxspeed":null,"service":"spur","gauge":"1435","electrified":"no"},"geometry":{"type":"MultiLineString","coordinates":[[[-81.0316935,46.5064953],[-81.031825,46.5063606]]]}},
{"type":"Feature","properties":{"full_id":"w206021566","osm_id":"206021566","osm_type":"way","railway":"rail","covered":null,"tunnel":null,"railway:track_ref":null,"abandoned:electrified":"contact_line","Source":null,"layer":null,"bridge":null,"railway:preferred_direction":null,"workrules":null,"railway:traffic_mode":null,"usage":null,"reporting_marks":null,"owner:wikipedia":null,"owner:wikidata":null,"owner":null,"operator:wikipedia":null,"operator:wikidata":null,"operator:short":null,"operator":"Vale","name":"Slag Dump","maxspeed":null,"service":"spur","gauge":"1435","electrified":"no"},"geometry":{"type":"MultiLineString","coordinates":[[[-81.0329559,46.4844337],[-81.0329782,46.4847334],[-81.0329891,46.4848807],[-81.0329918,46.4854033],[-81.0330079,46.4858521],[-81.0330294,46.486251],[-81.0329666,46.4865889],[-81.0329301,46.4867644],[-81.032788,46.4872169],[-81.0326217,46.4876527],[-81.0323508,46.4883877],[-81.0320868,46.4892814],[-81.0319125,46.4899462]]]}},
{"type":"Feature","properties":{"full_id":"w206021567","osm_id":"206021567","osm_type":"way","railway":"rail","covered":null,"tunnel":null,"railway:track_ref":null,"abandoned:electrified":"contact_line","Source":null,"layer":null,"bridge":null,"railway:preferred_direction":null,"workrules":null,"railway:traffic_mode":null,"usage":null,"reporting_marks":null,"owner:wikipedia":null,"owner:wikidata":null,"owner":null,"operator:wikipedia":null,"operator:wikidata":null,"operator:short":null,"operator":"Vale","name":null,"maxspeed":null,"service":"spur","gauge":"1435","electrified":"no"},"geometry":{"type":"MultiLineString","coordinates":[[[-81.0554285,46.4792484],[-81.0541991,46.4791527],[-81.0520286,46.4789563],[-81.0516606,46.4789221],[-81.0512434,46.4788674],[-81.0508396,46.4787825],[-81.0504473,46.4786989],[-81.0500748,46.4786141],[-81.0499165,46.4785975],[-81.0497816,46.4785916],[-81.0496421,46.4785934],[-81.0494705,46.4786008],[-81.0490287,46.4786326],[-81.0475991,46.4787674],[-81.0464833,46.4788635],[-81.0461,46.4789056],[-81.0455982,46.4789448],[-81.0451529,46.478978],[-81.0446754,46.4790205]]]}},
{"type":"Feature","properties":{"full_id":"w206021568","osm_id":"206021568","osm_type":"way","railway":"rail","covered":null,"tunnel":null,"railway:track_ref":null,"abandoned:electrified":"contact_line","Source":null,"layer":null,"bridge":null,"railway:preferred_direction":null,"workrules":null,"railway:traffic_mode":null,"usage":null,"reporting_marks":null,"owner:wikipedia":null,"owner:wikidata":null,"owner":null,"operator:wikipedia":null,"operator:wikidata":null,"operator:short":null,"operator":"Vale","name":"Slag Dump","maxspeed":null,"service":"spur","gauge":"1435","electrified":"no"},"geometry":{"type":"MultiLineString","coordinates":[[[-81.0329782,46.4847334],[-81.0330991,46.4850377],[-81.0332375,46.4852943],[-81.0333931,46.4854919],[-81.0336033,46.4856601],[-81.0338689,46.485841],[-81.0341452,46.4859408],[-81.0344659,46.4860349],[-81.0348211,46.4860811],[-81.0351338,46.4860976],[-81.0353618,46.4860773],[-81.0357518,46.4859962],[-81.0369561,46.4857432]]]}},
{"type":"Feature","properties":{"full_id":"w206021569","osm_id":"206021569","osm_type":"way","railway":"rail","covered":null,"tunnel":null,"railway:track_ref":null,"abandoned:electrified":"contact_line","Source":null,"layer":null,"bridge":null,"railway:preferred_direction":null,"workrules":null,"railway:traffic_mode":null,"usage":null,"reporting_marks":null,"owner:wikipedia":null,"owner:wikidata":null,"owner":null,"operator:wikipedia":null,"operator:wikidata":null,"operator:short":null,"operator":"Vale","name":"Slag Dump","maxspeed":null,"service":"spur","gauge":"1435","electrified":"no"},"geometry":{"type":"MultiLineString","coordinates":[[[-81.0339896,46.4900109],[-81.0341387,46.4898391],[-81.0342954,46.4895973],[-81.0343651,46.4894422],[-81.0344391,46.4892482],[-81.0345035,46.4889989],[-81.0345287,46.4888106],[-81.0345073,46.4885668],[-81.0344536,46.4883969],[-81.0344295,46.48824],[-81.0343088,46.4880036],[-81.0340958,46.4877616],[-81.0337616,46.4874089],[-81.0333861,46.4869546],[-81.0331865,46.4867588],[-81.0331061,46.4866351],[-81.0330454,46.4865114],[-81.0330294,46.486251]]]}},
{"type":"Feature","properties":{"full_id":"w206021570","osm_id":"206021570","osm_type":"way","railway":"rail","covered":null,"tunnel":null,"railway:track_ref":null,"abandoned:electrified":"contact_line","Source":null,"layer":null,"bridge":null,"railway:preferred_direction":null,"workrules":null,"railway:traffic_mode":null,"usage":null,"reporting_marks":null,"owner:wikipedia":null,"owner:wikidata":null,"owner":null,"operator:wikipedia":null,"operator:wikidata":null,"operator:short":null,"operator":"Vale","name":"Slag Dump","maxspeed":null,"service":"spur","gauge":"1435","electrified":"no"},"geometry":{"type":"MultiLineString","coordinates":[[[-81.0297866,46.4905372],[-81.0298606,46.4902823],[-81.0299099,46.4899149],[-81.0299421,46.4897044],[-81.0300457,46.4891909],[-81.0301235,46.4887643],[-81.0301959,46.4885612],[-81.0302897,46.4884005],[-81.0304668,46.4881143],[-81.0308541,46.4876878],[-81.0311974,46.4873148],[-81.0315879,46.4867717],[-81.0319028,46.4863397],[-81.032178,46.4859979]]]}},
{"type":"Feature","properties":{"full_id":"w206595349","osm_id":"206595349","osm_type":"way","railway":"rail","covered":null,"tunnel":null,"railway:track_ref":null,"abandoned:electrified":"contact_line","Source":null,"layer":null,"bridge":null,"railway:preferred_direction":null,"workrules":null,"railway:traffic_mode":null,"usage":null,"reporting_marks":null,"owner:wikipedia":null,"owner:wikidata":null,"owner":null,"operator:wikipedia":null,"operator:wikidata":null,"operator:short":null,"operator":"Vale","name":null,"maxspeed":null,"service":"spur","gauge":"1435","electrified":"no"},"geometry":{"type":"MultiLineString","coordinates":[[[-81.0487141,46.4785657],[-81.0490199,46.478453],[-81.0492299,46.47835],[-81.0493881,46.4782613],[-81.0495195,46.4781764]]]}},
{"type":"Feature","properties":{"full_id":"w206595350","osm_id":"206595350","osm_type":"way","railway":"rail","covered":null,"tunnel":null,"railway:track_ref":null,"abandoned:electrified":"contact_line","Source":null,"layer":null,"bridge":null,"railway:preferred_direction":null,"workrules":null,"railway:traffic_mode":null,"usage":null,"reporting_marks":null,"owner:wikipedia":null,"owner:wikidata":null,"owner":null,"operator:wikipedia":null,"operator:wikidata":null,"operator:short":null,"operator":"Vale","name":null,"maxspeed":null,"service":"spur","gauge":"1435","electrified":"no"},"geometry":{"type":"MultiLineString","coordinates":[[[-81.0475991,46.4787674],[-81.048224,46.4786621],[-81.0484807,46.4786248],[-81.0487141,46.4785657],[-81.0493962,46.4783758],[-81.0495509,46.4783385],[-81.0497119,46.4783237],[-81.0498224,46.4783241],[-81.0500203,46.4783274],[-81.0504817,46.4783625],[-81.0507955,46.4783792],[-81.051145,46.4783814],[-81.0517646,46.4783611]]]}},
{"type":"Feature","properties":{"full_id":"w206595351","osm_id":"206595351","osm_type":"way","railway":"rail","covered":null,"tunnel":null,"railway:track_ref":null,"abandoned:electrified":"contact_line","Source":null,"layer":null,"bridge":null,"railway:preferred_direction":null,"workrules":null,"railway:traffic_mode":null,"usage":null,"reporting_marks":null,"owner:wikipedia":null,"owner:wikidata":null,"owner":null,"operator:wikipedia":null,"operator:wikidata":null,"operator:short":null,"operator":"Vale","name":null,"maxspeed":null,"service":"spur","gauge":"1435","electrified":"no"},"geometry":{"type":"MultiLineString","coordinates":[[[-81.0440559,46.4790999],[-81.0442571,46.4790943],[-81.044426,46.4790943],[-81.0446299,46.4791054],[-81.0447559,46.4791239],[-81.0449348,46.4791771],[-81.0453184,46.4793119],[-81.045464,46.4793492],[-81.045684,46.4793751],[-81.0458691,46.4793806],[-81.046117,46.4793736],[-81.0464404,46.4793511],[-81.0471799,46.4793119],[-81.047465,46.4793049],[-81.0478458,46.4793307],[-81.0483877,46.4793695],[-81.049339,46.4794449],[-81.0507346,46.4795616],[-81.051281,46.4796],[-81.0515465,46.4796259],[-81.0516291,46.4796377],[-81.0518442,46.4796684],[-81.0520596,46.4797038],[-81.0522975,46.479794],[-81.0524914,46.4799015],[-81.0527355,46.4801047],[-81.053272,46.4806496],[-81.0534508,46.4808261],[-81.0536504,46.4810109]]]}},
{"type":"Feature","properties":{"full_id":"w206595893","osm_id":"206595893","osm_type":"way","railway":"rail","covered":null,"tunnel":null,"railway:track_ref":null,"abandoned:electrified":"contact_line","Source":null,"layer":null,"bridge":null,"railway:preferred_direction":null,"workrules":null,"railway:traffic_mode":null,"usage":null,"reporting_marks":null,"owner:wikipedia":null,"owner:wikidata":null,"owner":null,"operator:wikipedia":null,"operator:wikidata":null,"operator:short":null,"operator":"Vale","name":null,"maxspeed":null,"service":"spur","gauge":"1435","electrified":"no"},"geometry":{"type":"MultiLineString","coordinates":[[[-81.0534508,46.4808261],[-81.0532371,46.4806661],[-81.0527945,46.4803281],[-81.0526014,46.4801914],[-81.0523385,46.4800788],[-81.0521481,46.4800178],[-81.0519577,46.4799735],[-81.0517565,46.4799421],[-81.0514937,46.4799236],[-81.0512335,46.4799236],[-81.0509894,46.4799421],[-81.0488705,46.480125]]]}},
{"type":"Feature","properties":{"full_id":"w206595894","osm_id":"206595894","osm_type":"way","railway":"rail","covered":null,"tunnel":null,"railway:track_ref":null,"abandoned:electrified":"contact_line","Source":null,"layer":null,"bridge":null,"railway:preferred_direction":null,"workrules":null,"railway:traffic_mode":null,"usage":null,"reporting_marks":null,"owner:wikipedia":null,"owner:wikidata":null,"owner":null,"operator:wikipedia":null,"operator:wikidata":null,"operator:short":null,"operator":"Vale","name":null,"maxspeed":null,"service":"spur","gauge":"1435","electrified":"no"},"geometry":{"type":"MultiLineString","coordinates":[[[-81.0465047,46.4804205],[-81.0480658,46.4802709],[-81.050943,46.4800212],[-81.0512067,46.4799975],[-81.0513569,46.479992],[-81.0515706,46.4800027],[-81.0517297,46.4800197],[-81.0519282,46.4800455],[-81.0521151,46.4800821],[-81.0522715,46.480125],[-81.0524209,46.4801874],[-81.0525424,46.4802469],[-81.0526524,46.4803041],[-81.0528508,46.4804463]]]}},
{"type":"Feature","properties":{"full_id":"w206598822","osm_id":"206598822","osm_type":"way","railway":"rail","covered":null,"tunnel":null,"railway:track_ref":null,"abandoned:electrified":"contact_line","Source":null,"layer":null,"bridge":null,"railway:preferred_direction":null,"workrules":null,"railway:traffic_mode":null,"usage":null,"reporting_marks":null,"owner:wikipedia":null,"owner:wikidata":null,"owner":null,"operator:wikipedia":null,"operator:wikidata":null,"operator:short":null,"operator":"Vale","name":null,"maxspeed":null,"service":"spur","gauge":"1435","electrified":"no"},"geometry":{"type":"MultiLineString","coordinates":[[[-81.0825053,46.4486709],[-81.0827521,46.4485328],[-81.082905,46.4484473],[-81.0831303,46.448281],[-81.0835501,46.4479539]]]}},
{"type":"Feature","properties":{"full_id":"w206598823","osm_id":"206598823","osm_type":"way","railway":"rail","covered":null,"tunnel":null,"railway:track_ref":null,"abandoned:electrified":"contact_line","Source":null,"layer":null,"bridge":null,"railway:preferred_direction":null,"workrules":null,"railway:traffic_mode":null,"usage":null,"reporting_marks":null,"owner:wikipedia":null,"owner:wikidata":null,"owner":null,"operator:wikipedia":null,"operator:wikidata":null,"operator:short":null,"operator":"Vale","name":null,"maxspeed":null,"service":"spur","gauge":"1435","electrified":"no"},"geometry":{"type":"MultiLineString","coordinates":[[[-81.076465,46.456665],[-81.0766286,46.4563583],[-81.0768744,46.455907],[-81.0769156,46.4557301],[-81.0769264,46.4555588],[-81.0769056,46.4553912],[-81.0768566,46.455178],[-81.0767709,46.4548967],[-81.0767283,46.4546937],[-81.0767118,46.4545049],[-81.0767259,46.4543464],[-81.0767655,46.4541803],[-81.0768769,46.4539031],[-81.0770015,46.4536863],[-81.0771302,46.4534997],[-81.0774339,46.453154]]]}},
{"type":"Feature","properties":{"full_id":"w206598826","osm_id":"206598826","osm_type":"way","railway":"rail","covered":null,"tunnel":null,"railway:track_ref":null,"abandoned:electrified":"contact_line","Source":null,"layer":null,"bridge":null,"railway:preferred_direction":null,"workrules":null,"railway:traffic_mode":null,"usage":null,"reporting_marks":null,"owner:wikipedia":null,"owner:wikidata":null,"owner":null,"operator:wikipedia":null,"operator:wikidata":null,"operator:short":null,"operator":"Vale","name":null,"maxspeed":null,"service":"spur","gauge":"1435","electrified":"no"},"geometry":{"type":"MultiLineString","coordinates":[[[-81.0820091,46.4487541],[-81.0817892,46.4490313],[-81.0815934,46.4492309],[-81.0813842,46.4494397]]]}},
{"type":"Feature","properties":{"full_id":"w206614752","osm_id":"206614752","osm_type":"way","railway":"rail","covered":null,"tunnel":null,"railway:track_ref":null,"abandoned:electrified":null,"Source":null,"layer":"1","bridge":"yes","railway:preferred_direction":null,"workrules":null,"railway:traffic_mode":null,"usage":"branch","reporting_marks":"HCRY","owner:wikipedia":null,"owner:wikidata":null,"owner":null,"operator:wikipedia":null,"operator:wikidata":null,"operator:short":null,"operator":"Huron Central Railway","name":"Webbwood Subdivision","maxspeed":null,"service":null,"gauge":"1435","electrified":"no"},"geometry":{"type":"MultiLineString","coordinates":[[[-81.2824078,46.394276],[-81.2817616,46.3943352]]]}},
{"type":"Feature","properties":{"full_id":"w206614753","osm_id":"206614753","osm_type":"way","railway":"rail","covered":null,"tunnel":null,"railway:track_ref":null,"abandoned:electrified":null,"Source":null,"layer":"1","bridge":"yes","railway:preferred_direction":null,"workrules":null,"railway:traffic_mode":null,"usage":"branch","reporting_marks":"HCRY","owner:wikipedia":null,"owner:wikidata":null,"owner":null,"operator:wikipedia":null,"operator:wikidata":null,"operator:short":null,"operator":"Huron Central Railway","name":"Webbwood Subdivision","maxspeed":null,"service":null,"gauge":"1435","electrified":"no"},"geometry":{"type":"MultiLineString","coordinates":[[[-81.2976317,46.387505],[-81.2971057,46.3876776]]]}},
{"type":"Feature","properties":{"full_id":"w206614754","osm_id":"206614754","osm_type":"way","railway":"rail","covered":null,"tunnel":null,"railway:track_ref":null,"abandoned:electrified":null,"Source":null,"layer":null,"bridge":null,"railway:preferred_direction":null,"workrules":null,"railway:traffic_mode":null,"usage":"branch","reporting_marks":"HCRY","owner:wikipedia":null,"owner:wikidata":null,"owner":null,"operator:wikipedia":null,"operator:wikidata":null,"operator:short":null,"operator":"Huron Central Railway","name":"Webbwood Subdivision","maxspeed":null,"service":null,"gauge":"1435","electrified":"no"},"geometry":{"type":"MultiLineString","coordinates":[[[-81.2971057,46.3876776],[-81.2956305,46.3881438],[-81.2949975,46.3883362],[-81.2945791,46.3884287],[-81.2941392,46.388499],[-81.2937476,46.3885434],[-81.2931149,46.3885891],[-81.2927984,46.3886113],[-81.2926428,46.3886335],[-81.2923368,46.3886729],[-81.2920581,46.3887297],[-81.2917952,46.3887926],[-81.2914945,46.3888801],[-81.2912317,46.3889542],[-81.2909796,46.389043],[-81.2907864,46.389117],[-81.2904056,46.3892946],[-81.2901376,46.3894365],[-81.2898426,46.3896104],[-81.2894671,46.3898472],[-81.2890055,46.3901345],[-81.2885339,46.390454],[-81.2881257,46.3907376],[-81.2878414,46.3909781],[-81.2876053,46.3912001],[-81.2871553,46.3916454],[-81.286275,46.3925617],[-81.2858136,46.3930168],[-81.2855889,46.393192],[-81.2853845,46.3933313],[-81.2851377,46.3934793],[-81.284891,46.3936051],[-81.2846764,46.393716],[-81.2844355,46.3938061],[-81.2842311,46.3938899],[-81.2839849,46.3939689],[-81.2837489,46.3940355],[-81.2834426,46.3941119],[-81.2831373,46.3941761],[-81.2827457,46.3942427],[-81.2824078,46.394276]]]}},
{"type":"Feature","properties":{"full_id":"w206614757","osm_id":"206614757","osm_type":"way","railway":"rail","covered":null,"tunnel":null,"railway:track_ref":null,"abandoned:electrified":null,"Source":null,"layer":null,"bridge":null,"railway:preferred_direction":null,"workrules":null,"railway:traffic_mode":null,"usage":null,"reporting_marks":null,"owner:wikipedia":null,"owner:wikidata":null,"owner":null,"operator:wikipedia":null,"operator:wikidata":null,"operator:short":null,"operator":"Huron Central Railway","name":null,"maxspeed":null,"service":"siding","gauge":"1435","electrified":"no"},"geometry":{"type":"MultiLineString","coordinates":[[[-81.3227637,46.3777933],[-81.3219524,46.3779066],[-81.3205588,46.3782363],[-81.3187561,46.3786347],[-81.3178059,46.3788458],[-81.3169812,46.3790411],[-81.3154404,46.3794059],[-81.3135981,46.3798196],[-81.313074,46.3799686],[-81.3125241,46.3801411],[-81.3107247,46.3807919],[-81.3095059,46.3812431],[-81.3093151,46.3813424],[-81.3089453,46.3815065]]]}},
{"type":"Feature","properties":{"full_id":"w206614758","osm_id":"206614758","osm_type":"way","railway":"rail","covered":null,"tunnel":null,"railway:track_ref":null,"abandoned:electrified":null,"Source":null,"layer":null,"bridge":null,"railway:preferred_direction":null,"workrules":null,"railway:traffic_mode":null,"usage":"branch","reporting_marks":"HCRY","owner:wikipedia":null,"owner:wikidata":null,"owner":null,"operator:wikipedia":null,"operator:wikidata":null,"operator:short":null,"operator":"Huron Central Railway","name":"Webbwood Subdivision","maxspeed":null,"service":null,"gauge":"1435","electrified":"no"},"geometry":{"type":"MultiLineString","coordinates":[[[-81.2817616,46.3943352],[-81.2814851,46.3943424],[-81.2811471,46.3943387],[-81.280875,46.3943273]]]}},
{"type":"Feature","properties":{"full_id":"w206614760","osm_id":"206614760","osm_type":"way","railway":"rail","covered":null,"tunnel":null,"railway:track_ref":null,"abandoned:electrified":null,"Source":null,"layer":"1","bridge":"yes","railway:preferred_direction":null,"workrules":null,"railway:traffic_mode":null,"usage":"branch","reporting_marks":"HCRY","owner:wikipedia":null,"owner:wikidata":null,"owner":null,"operator:wikipedia":null,"operator:wikidata":null,"operator:short":null,"operator":"Huron Central Railway","name":"Webbwood Subdivision","maxspeed":null,"service":null,"gauge":"1435","electrified":"no"},"geometry":{"type":"MultiLineString","coordinates":[[[-81.280875,46.3943273],[-81.2800868,46.394253]]]}},
{"type":"Feature","properties":{"full_id":"w206614761","osm_id":"206614761","osm_type":"way","railway":"rail","covered":null,"tunnel":null,"railway:track_ref":null,"abandoned:electrified":null,"Source":null,"layer":null,"bridge":null,"railway:preferred_direction":null,"workrules":null,"railway:traffic_mode":null,"usage":"branch","reporting_marks":"HCRY","owner:wikipedia":null,"owner:wikidata":null,"owner":null,"operator:wikipedia":null,"operator:wikidata":null,"operator:short":null,"operator":"Huron Central Railway","name":"Webbwood Subdivision","maxspeed":null,"service":null,"gauge":"1435","electrified":"no"},"geometry":{"type":"MultiLineString","coordinates":[[[-81.2800868,46.394253],[-81.2799664,46.3942451],[-81.2796934,46.3941909],[-81.2793447,46.3941169],[-81.2787117,46.3939726],[-81.2781806,46.3938098],[-81.2774296,46.3936063],[-81.2772037,46.3935459],[-81.2769677,46.3935015],[-81.2766356,46.3934362],[-81.2763132,46.3933905],[-81.2760134,46.3933585],[-81.2757291,46.3933437],[-81.2723602,46.3933585],[-81.2677785,46.3933646],[-81.2641848,46.3933808],[-81.26375,46.3933844],[-81.2630258,46.3934177],[-81.2623016,46.3934695],[-81.2616085,46.39356],[-81.2610023,46.3936562],[-81.2604026,46.3937914],[-81.2597524,46.3939855],[-81.2590336,46.3942519],[-81.2584918,46.3944738],[-81.2578856,46.3947365],[-81.2572955,46.3949807],[-81.2567108,46.3952286],[-81.2554995,46.3957486],[-81.2543301,46.3962443],[-81.2522165,46.3971508],[-81.2514386,46.3974652],[-81.250016,46.3980736],[-81.249206,46.3984103],[-81.2474743,46.3991522],[-81.2464015,46.3996072],[-81.2449316,46.4002176],[-81.2441377,46.4005025],[-81.2431506,46.4007873],[-81.2422065,46.401013],[-81.2402431,46.4014236],[-81.2382572,46.4018396],[-81.2374901,46.4019839],[-81.2369654,46.4020636],[-81.2363206,46.4021467],[-81.2354033,46.4022206],[-81.2308554,46.4025408],[-81.228274,46.4027237],[-81.2258171,46.4029124],[-81.2249545,46.4029699],[-81.2222605,46.4031011],[-81.221532,46.4031179],[-81.2211715,46.4030974],[-81.2207799,46.4030715],[-81.2204755,46.4030291],[-81.2201107,46.4029625],[-81.2195904,46.4028256],[-81.2154155,46.401736],[-81.2127816,46.4010517],[-81.2116671,46.4007799],[-81.2105607,46.4005966],[-81.2099076,46.4004951],[-81.2095053,46.400447],[-81.2091445,46.4004302],[-81.2087113,46.4004248],[-81.208368,46.4004359],[-81.2079496,46.4004914],[-81.207161,46.4006135],[-81.2059366,46.4008112],[-81.2050152,46.4009612],[-81.2027456,46.4013445],[-81.1987949,46.4019926],[-81.1890529,46.403655],[-81.1864495,46.4041786],[-81.1798288,46.4054147],[-81.1768305,46.4060255],[-81.1759078,46.4061513],[-81.1746273,46.4062482],[-81.1739015,46.4062918],[-81.1727283,46.4064331],[-81.1716125,46.4067586],[-81.1679675,46.4080947],[-81.1669464,46.4085013],[-81.1633946,46.4099208],[-81.1625964,46.4102731],[-81.1618904,46.4106227],[-81.1593226,46.4123042],[-81.1558729,46.414611],[-81.1542196,46.4157091],[-81.1531059,46.4163936],[-81.1523782,46.4167991],[-81.1505685,46.4176782],[-81.1484662,46.4184792],[-81.1475304,46.4187732],[-81.1463572,46.4190855],[-81.1445451,46.4194772],[-81.1420861,46.419981],[-81.1399212,46.4204],[-81.1377074,46.4208636],[-81.1371049,46.4210194],[-81.1364207,46.4212256],[-81.1358628,46.4214356],[-81.1353371,46.4216542],[-81.1341266,46.422266],[-81.1334649,46.422733],[-81.1327817,46.4232979],[-81.1320761,46.4240038],[-81.130762,46.4252634],[-81.1302479,46.4256646],[-81.1297018,46.4260181],[-81.1273945,46.4273837],[-81.1264482,46.4279335],[-81.1241151,46.4292797],[-81.1221029,46.4304701],[-81.1213241,46.4309262],[-81.1207902,46.431217],[-81.1201571,46.4315498],[-81.1197215,46.4317567],[-81.1188949,46.4321146],[-81.1175744,46.4326616],[-81.1163826,46.4331523],[-81.1150372,46.4336984],[-81.1147177,46.4338436],[-81.1142823,46.4340894],[-81.1140348,46.434246],[-81.1138476,46.4343752],[-81.1136548,46.4345332],[-81.1134484,46.4347238],[-81.1132542,46.4349253],[-81.1130163,46.4351888],[-81.1128482,46.4354121],[-81.1125611,46.4358111],[-81.112346,46.4361468],[-81.1105055,46.4388044],[-81.1098232,46.4396404],[-81.1093458,46.4401431],[-81.1087241,46.4407921],[-81.1071469,46.4424333],[-81.1054298,46.4442093],[-81.1041053,46.4455309],[-81.1035957,46.4459856],[-81.1033489,46.446163],[-81.1028339,46.4464624],[-81.102313,46.4467265],[-81.1010149,46.4472625],[-81.1000761,46.4476062],[-81.0990086,46.4479684],[-81.0981824,46.4482863],[-81.0972759,46.4487483],[-81.0965254,46.4492863],[-81.0956182,46.4500641],[-81.0902651,46.4553253],[-81.0880764,46.4574577],[-81.0867031,46.4586291],[-81.0857643,46.4592943],[-81.0846593,46.4598597],[-81.0836722,46.4603475],[-81.0823671,46.4608232],[-81.0817047,46.4610282],[-81.0811052,46.4612029]]]}},
{"type":"Feature","properties":{"full_id":"w206614898","osm_id":"206614898","osm_type":"way","railway":"rail","covered":null,"tunnel":null,"railway:track_ref":null,"abandoned:electrified":null,"Source":null,"layer":null,"bridge":null,"railway:preferred_direction":null,"workrules":null,"railway:traffic_mode":null,"usage":"branch","reporting_marks":"HCRY","owner:wikipedia":null,"owner:wikidata":null,"owner":null,"operator:wikipedia":null,"operator:wikidata":null,"operator:short":null,"operator":"Huron Central Railway","name":"Webbwood Subdivision","maxspeed":null,"service":null,"gauge":"1435","electrified":"no"},"geometry":{"type":"MultiLineString","coordinates":[[[-81.3423117,46.380358],[-81.3419579,46.3802113],[-81.3415878,46.3800966],[-81.3411103,46.3799707],[-81.3401125,46.3797561],[-81.3366629,46.3790738]]]}},
{"type":"Feature","properties":{"full_id":"w206614900","osm_id":"206614900","osm_type":"way","railway":"rail","covered":null,"tunnel":null,"railway:track_ref":null,"abandoned:electrified":null,"Source":null,"layer":null,"bridge":null,"railway:preferred_direction":null,"workrules":null,"railway:traffic_mode":null,"usage":"branch","reporting_marks":"HCRY","owner:wikipedia":null,"owner:wikidata":null,"owner":null,"operator:wikipedia":null,"operator:wikidata":null,"operator:short":null,"operator":"Huron Central Railway","name":"Webbwood Subdivision","maxspeed":null,"service":null,"gauge":"1435","electrified":"no"},"geometry":{"type":"MultiLineString","coordinates":[[[-81.3364913,46.3790368],[-81.3340507,46.3785903],[-81.3302847,46.3778081],[-81.3282891,46.3774344],[-81.3276617,46.3773579],[-81.3271038,46.3773172],[-81.3265084,46.3773061],[-81.3260846,46.3773098],[-81.3258164,46.3773209],[-81.3252367,46.3773455],[-81.3248132,46.3773912],[-81.3244267,46.3774344],[-81.3240139,46.3775134],[-81.323209,46.3776823],[-81.3227637,46.3777933],[-81.3205807,46.3782832],[-81.318778,46.3786816],[-81.3178285,46.3788925],[-81.317007,46.3790902],[-81.315463,46.3794526],[-81.3136228,46.3798658],[-81.3131024,46.3800138],[-81.3125555,46.3801854],[-81.3107582,46.3808354],[-81.3089453,46.3815065],[-81.3073199,46.3821097],[-81.3068153,46.3823157],[-81.3063218,46.3825377],[-81.3058926,46.3827597],[-81.305453,46.3830386],[-81.3049753,46.3833592],[-81.3045462,46.383696],[-81.3041548,46.3840451],[-81.3034465,46.3846988],[-81.3031246,46.3849689],[-81.302792,46.3852428],[-81.3024648,46.3854833],[-81.3021164,46.3857029],[-81.301714,46.3859397],[-81.3013439,46.3861359],[-81.300952,46.386327],[-81.3004639,46.386549],[-81.3000347,46.3867303],[-81.299568,46.3868931],[-81.2988009,46.3871373],[-81.2976317,46.387505]]]}},
{"type":"Feature","properties":{"full_id":"w206614901","osm_id":"206614901","osm_type":"way","railway":"rail","covered":null,"tunnel":null,"railway:track_ref":null,"abandoned:electrified":null,"Source":null,"layer":"1","bridge":"yes","railway:preferred_direction":null,"workrules":null,"railway:traffic_mode":null,"usage":"branch","reporting_marks":"HCRY","owner:wikipedia":null,"owner:wikidata":null,"owner":null,"operator:wikipedia":null,"operator:wikidata":null,"operator:short":null,"operator":"Huron Central Railway","name":"Webbwood Subdivision","maxspeed":null,"service":null,"gauge":"1435","electrified":"no"},"geometry":{"type":"MultiLineString","coordinates":[[[-81.3431059,46.3807516],[-81.3423117,46.380358]]]}},
{"type":"Feature","properties":{"full_id":"w206614902","osm_id":"206614902","osm_type":"way","railway":"rail","covered":null,"tunnel":null,"railway:track_ref":null,"abandoned:electrified":null,"Source":null,"layer":"1","bridge":"yes","railway:preferred_direction":null,"workrules":null,"railway:traffic_mode":null,"usage":"branch","reporting_marks":"HCRY","owner:wikipedia":null,"owner:wikidata":null,"owner":null,"operator:wikipedia":null,"operator:wikidata":null,"operator:short":null,"operator":"Huron Central Railway","name":"Webbwood Subdivision","maxspeed":null,"service":null,"gauge":"1435","electrified":"no"},"geometry":{"type":"MultiLineString","coordinates":[[[-81.3366629,46.3790738],[-81.3364913,46.3790368]]]}},
{"type":"Feature","properties":{"full_id":"w207271569","osm_id":"207271569","osm_type":"way","railway":"rail","covered":null,"tunnel":null,"railway:track_ref":null,"abandoned:electrified":null,"Source":null,"layer":null,"bridge":null,"railway:preferred_direction":null,"workrules":null,"railway:traffic_mode":null,"usage":null,"reporting_marks":null,"owner:wikipedia":null,"owner:wikidata":null,"owner":null,"operator:wikipedia":null,"operator:wikidata":null,"operator:short":null,"operator":"Huron Central Railway","name":null,"maxspeed":null,"service":"spur","gauge":"1435","electrified":"no"},"geometry":{"type":"MultiLineString","coordinates":[[[-81.4549863,46.3828721],[-81.4565473,46.3829831],[-81.4580279,46.3831126],[-81.4612358,46.383379],[-81.4624803,46.3834789],[-81.4629417,46.3835011],[-81.4637517,46.3834937]]]}},
{"type":"Feature","properties":{"full_id":"w207271571","osm_id":"207271571","osm_type":"way","railway":"rail","covered":null,"tunnel":null,"railway:track_ref":null,"abandoned:electrified":null,"Source":null,"layer":null,"bridge":null,"railway:preferred_direction":null,"workrules":null,"railway:traffic_mode":null,"usage":"branch","reporting_marks":"HCRY","owner:wikipedia":null,"owner:wikidata":null,"owner":null,"operator:wikipedia":null,"operator:wikidata":null,"operator:short":null,"operator":"Huron Central Railway","name":"Webbwood Subdivision","maxspeed":null,"service":null,"gauge":"1435","electrified":"no"},"geometry":{"type":"MultiLineString","coordinates":[[[-81.3523223,46.3855216],[-81.3489213,46.3837824],[-81.3459461,46.3822448],[-81.3450907,46.3817841],[-81.3431059,46.3807516]]]}},
{"type":"Feature","properties":{"full_id":"w207271572","osm_id":"207271572","osm_type":"way","railway":"rail","covered":null,"tunnel":null,"railway:track_ref":null,"abandoned:electrified":null,"Source":null,"layer":null,"bridge":null,"railway:preferred_direction":null,"workrules":null,"railway:traffic_mode":null,"usage":"branch","reporting_marks":"HCRY","owner:wikipedia":null,"owner:wikidata":null,"owner":null,"operator:wikipedia":null,"operator:wikidata":null,"operator:short":null,"operator":"Huron Central Railway","name":"Webbwood Subdivision","maxspeed":null,"service":null,"gauge":"1435","electrified":"no"},"geometry":{"type":"MultiLineString","coordinates":[[[-81.4824682,46.3806517],[-81.4820551,46.380648],[-81.4817708,46.3806332],[-81.4814768,46.380606],[-81.4810705,46.3805536],[-81.4807379,46.3804907],[-81.4794343,46.3801798],[-81.4785736,46.3799966],[-81.4782142,46.3799374],[-81.4779084,46.3799041],[-81.4776187,46.3798893],[-81.4772754,46.3798782],[-81.4769291,46.3798838],[-81.4765512,46.3799078],[-81.4761618,46.3799467],[-81.4757948,46.380004],[-81.4752208,46.3801299],[-81.4741987,46.3803723],[-81.4736729,46.3805166],[-81.4732682,46.3806517],[-81.4727932,46.3808312],[-81.4724069,46.380994],[-81.4717715,46.381303],[-81.4716559,46.3813492],[-81.4706074,46.3818692]]]}},
{"type":"Feature","properties":{"full_id":"w207271573","osm_id":"207271573","osm_type":"way","railway":"rail","covered":null,"tunnel":null,"railway:track_ref":null,"abandoned:electrified":null,"Source":null,"layer":"1","bridge":"yes","railway:preferred_direction":null,"workrules":null,"railway:traffic_mode":null,"usage":"branch","reporting_marks":"HCRY","owner:wikipedia":null,"owner:wikidata":null,"owner":null,"operator:wikipedia":null,"operator:wikidata":null,"operator:short":null,"operator":"Huron Central Railway","name":"Webbwood Subdivision","maxspeed":null,"service":null,"gauge":"1435","electrified":"no"},"geometry":{"type":"MultiLineString","coordinates":[[[-81.4828429,46.3806517],[-81.4824682,46.3806517]]]}},
{"type":"Feature","properties":{"full_id":"w207271574","osm_id":"207271574","osm_type":"way","railway":"rail","covered":null,"tunnel":null,"railway:track_ref":null,"abandoned:electrified":null,"Source":null,"layer":"1","bridge":"yes","railway:preferred_direction":null,"workrules":null,"railway:traffic_mode":null,"usage":"branch","reporting_marks":"HCRY","owner:wikipedia":null,"owner:wikidata":null,"owner":null,"operator:wikipedia":null,"operator:wikidata":null,"operator:short":null,"operator":"Huron Central Railway","name":"Webbwood Subdivision","maxspeed":null,"service":null,"gauge":"1435","electrified":"no"},"geometry":{"type":"MultiLineString","coordinates":[[[-81.3526012,46.3856474],[-81.3523223,46.3855216]]]}},
{"type":"Feature","properties":{"full_id":"w207271689","osm_id":"207271689","osm_type":"way","railway":"rail","covered":null,"tunnel":null,"railway:track_ref":null,"abandoned:electrified":null,"Source":null,"layer":"1","bridge":"yes","railway:preferred_direction":null,"workrules":null,"railway:traffic_mode":null,"usage":"branch","reporting_marks":"HCRY","owner:wikipedia":null,"owner:wikidata":null,"owner":null,"operator:wikipedia":null,"operator:wikidata":null,"operator:short":null,"operator":"Huron Central Railway","name":"Webbwood Subdivision","maxspeed":null,"service":null,"gauge":"1435","electrified":"no"},"geometry":{"type":"MultiLineString","coordinates":[[[-81.5339398,46.3577209],[-81.5338057,46.3578875]]]}},
{"type":"Feature","properties":{"full_id":"w207271690","osm_id":"207271690","osm_type":"way","railway":"rail","covered":null,"tunnel":null,"railway:track_ref":null,"abandoned:electrified":null,"Source":null,"layer":null,"bridge":null,"railway:preferred_direction":null,"workrules":null,"railway:traffic_mode":null,"usage":"branch","reporting_marks":"HCRY","owner:wikipedia":null,"owner:wikidata":null,"owner":null,"operator:wikipedia":null,"operator:wikidata":null,"operator:short":null,"operator":"Huron Central Railway","name":"Webbwood Subdivision","maxspeed":null,"service":null,"gauge":"1435","electrified":"no"},"geometry":{"type":"MultiLineString","coordinates":[[[-81.5338057,46.3578875],[-81.5337091,46.3580097],[-81.5335803,46.3581467],[-81.5334165,46.3582966],[-81.5332048,46.3584762],[-81.5329903,46.3586465],[-81.5327542,46.3588205],[-81.5308016,46.3600237],[-81.5293049,46.3609455],[-81.5284079,46.3614868],[-81.5278351,46.3618414],[-81.52651,46.3626484],[-81.5250992,46.3634924],[-81.5233772,46.3644179],[-81.5220522,46.3651138],[-81.5210973,46.3656136],[-81.5201157,46.3661947],[-81.5192305,46.3667463],[-81.5188014,46.3670017],[-81.5184044,46.3672164],[-81.517927,46.3674274],[-81.517192,46.3677198],[-81.5167039,46.3679308],[-81.5162318,46.3681603],[-81.5156686,46.3685083],[-81.5152609,46.3687822],[-81.514939,46.3690635],[-81.5145688,46.3694114],[-81.5143811,46.3696187],[-81.5141665,46.3698852],[-81.5139519,46.3702035],[-81.5137427,46.3705774],[-81.5134691,46.3711474],[-81.5131044,46.3718469],[-81.5126913,46.3726982],[-81.5125304,46.3729721],[-81.512348,46.3732682],[-81.512171,46.3735199],[-81.5119939,46.3737235],[-81.5117311,46.3739974],[-81.5114736,46.3742083],[-81.5112268,46.3743971]]]}},
{"type":"Feature","properties":{"full_id":"w207299427","osm_id":"207299427","osm_type":"way","railway":"rail","covered":null,"tunnel":null,"railway:track_ref":null,"abandoned:electrified":null,"Source":null,"layer":null,"bridge":null,"railway:preferred_direction":null,"workrules":null,"railway:traffic_mode":null,"usage":"main","reporting_marks":"CPKC","owner:wikipedia":null,"owner:wikidata":null,"owner":null,"operator:wikipedia":null,"operator:wikidata":"Q117706368","operator:short":null,"operator":"Canadian Pacific Kansas City","name":"Cartier Subdivision","maxspeed":"65 mph","service":null,"gauge":"1435","electrified":"no"},"geometry":{"type":"MultiLineString","coordinates":[[[-81.2933187,46.571398],[-81.2888513,46.5721477],[-81.2865238,46.5725359],[-81.2862921,46.5725744],[-81.2821318,46.573271],[-81.2715995,46.5750369],[-81.2654968,46.5760561],[-81.2591464,46.5771216],[-81.2536911,46.5780315],[-81.2509494,46.5784904]]]}},
{"type":"Feature","properties":{"full_id":"w207299428","osm_id":"207299428","osm_type":"way","railway":"rail","covered":null,"tunnel":null,"railway:track_ref":null,"abandoned:electrified":null,"Source":null,"layer":null,"bridge":null,"railway:preferred_direction":null,"workrules":null,"railway:traffic_mode":null,"usage":"main","reporting_marks":"CPKC","owner:wikipedia":null,"owner:wikidata":null,"owner":null,"operator:wikipedia":null,"operator:wikidata":"Q117706368","operator:short":null,"operator":"Canadian Pacific Kansas City","name":"Cartier Subdivision","maxspeed":"50 mph","service":null,"gauge":"1435","electrified":"no"},"geometry":{"type":"MultiLineString","coordinates":[[[-81.4218079,46.6073573],[-81.4209428,46.6069397],[-81.4204772,46.6067182],[-81.4200152,46.6064957],[-81.4195703,46.6062852],[-81.4192212,46.6061272],[-81.4188312,46.6059585],[-81.4184742,46.6058118],[-81.4180577,46.6056441],[-81.4176663,46.6054937],[-81.4172996,46.6053609],[-81.4168984,46.6052196],[-81.4164754,46.6050771],[-81.4149684,46.6045641],[-81.4128668,46.6038505],[-81.4121082,46.6035958],[-81.4107279,46.6031268],[-81.4103526,46.6029937],[-81.4099847,46.6028623],[-81.4096549,46.6027352],[-81.4092907,46.6025896],[-81.4088075,46.6023914],[-81.4078687,46.6020205],[-81.4069616,46.6016518]]]}},
{"type":"Feature","properties":{"full_id":"w207299941","osm_id":"207299941","osm_type":"way","railway":"rail","covered":null,"tunnel":null,"railway:track_ref":null,"abandoned:electrified":"contact_line","Source":null,"layer":null,"bridge":null,"railway:preferred_direction":null,"workrules":null,"railway:traffic_mode":null,"usage":"branch","reporting_marks":null,"owner:wikipedia":null,"owner:wikidata":null,"owner":null,"operator:wikipedia":null,"operator:wikidata":null,"operator:short":null,"operator":"Vale","name":"Levack Spur","maxspeed":null,"service":null,"gauge":"1435","electrified":"no"},"geometry":{"type":"MultiLineString","coordinates":[[[-81.3702762,46.6496414],[-81.371392,46.6493505],[-81.3741625,46.6486293],[-81.3750733,46.6483851],[-81.3762474,46.6480994],[-81.3809266,46.6468279],[-81.3817342,46.646604],[-81.3819076,46.6465379],[-81.382063,46.6464616],[-81.3821744,46.6464016],[-81.3823341,46.6462973],[-81.38245,46.646214],[-81.3825584,46.6461228],[-81.3828258,46.6458523],[-81.3832109,46.6454654],[-81.383462,46.6452238],[-81.383543,46.6451459],[-81.3858536,46.642819],[-81.3879466,46.6407034],[-81.3881703,46.6404862],[-81.3889683,46.6396965],[-81.3896211,46.6390444],[-81.3905377,46.6381436],[-81.3910038,46.6376571],[-81.3912157,46.6374176],[-81.3913552,46.6372219],[-81.3914664,46.6370472],[-81.3915558,46.6368766],[-81.3916189,46.6367184],[-81.3916749,46.6365672],[-81.3917116,46.6364129],[-81.3917427,46.6362567],[-81.3917591,46.6361113],[-81.3917666,46.6359585],[-81.3917632,46.6359025]]]}},
{"type":"Feature","properties":{"full_id":"w207299942","osm_id":"207299942","osm_type":"way","railway":"rail","covered":null,"tunnel":null,"railway:track_ref":null,"abandoned:electrified":null,"Source":null,"layer":null,"bridge":null,"railway:preferred_direction":null,"workrules":null,"railway:traffic_mode":null,"usage":null,"reporting_marks":null,"owner:wikipedia":null,"owner:wikidata":null,"owner":null,"operator:wikipedia":null,"operator:wikidata":null,"operator:short":null,"operator":"Vale","name":null,"maxspeed":null,"service":"spur","gauge":"1435","electrified":"no"},"geometry":{"type":"MultiLineString","coordinates":[[[-81.3891238,46.6070304],[-81.3895471,46.6070366],[-81.3898977,46.6070243],[-81.3902235,46.6070037],[-81.3905479,46.6069673],[-81.3908285,46.6069249],[-81.391159,46.6068645],[-81.3914651,46.6068039],[-81.3917989,46.6067344],[-81.3921047,46.6066742],[-81.3924888,46.6066004]]]}},
{"type":"Feature","properties":{"full_id":"w207301374","osm_id":"207301374","osm_type":"way","railway":"rail","covered":null,"tunnel":null,"railway:track_ref":null,"abandoned:electrified":"contact_line","Source":null,"layer":null,"bridge":null,"railway:preferred_direction":null,"workrules":null,"railway:traffic_mode":null,"usage":null,"reporting_marks":null,"owner:wikipedia":null,"owner:wikidata":null,"owner":null,"operator:wikipedia":null,"operator:wikidata":null,"operator:short":null,"operator":"Vale","name":null,"maxspeed":null,"service":"spur","gauge":"1435","electrified":"no"},"geometry":{"type":"MultiLineString","coordinates":[[[-81.37216,46.6499377],[-81.37241,46.6498652],[-81.3725666,46.6498083],[-81.3727105,46.6497465],[-81.3728438,46.6496776],[-81.3730544,46.6495547],[-81.3732589,46.6494324],[-81.3734647,46.6493005],[-81.3736503,46.6491674],[-81.3740318,46.6488678],[-81.374217,46.6487402],[-81.3744418,46.648622],[-81.3747191,46.6485088],[-81.3750733,46.6483851]]]}},
{"type":"Feature","properties":{"full_id":"w207304121","osm_id":"207304121","osm_type":"way","railway":"rail","covered":null,"tunnel":null,"railway:track_ref":null,"abandoned:electrified":"contact_line","Source":null,"layer":"1","bridge":"yes","railway:preferred_direction":null,"workrules":null,"railway:traffic_mode":null,"usage":"branch","reporting_marks":null,"owner:wikipedia":null,"owner:wikidata":null,"owner":null,"operator:wikipedia":null,"operator:wikidata":null,"operator:short":null,"operator":"Vale","name":"Levack Spur","maxspeed":null,"service":null,"gauge":"1435","electrified":"no"},"geometry":{"type":"MultiLineString","coordinates":[[[-81.3933393,46.6291067],[-81.3931837,46.6289575]]]}},
{"type":"Feature","properties":{"full_id":"w207304122","osm_id":"207304122","osm_type":"way","railway":"rail","covered":null,"tunnel":null,"railway:track_ref":null,"abandoned:electrified":"contact_line","Source":null,"layer":"1","bridge":"yes","railway:preferred_direction":null,"workrules":null,"railway:traffic_mode":null,"usage":"branch","reporting_marks":null,"owner:wikipedia":null,"owner:wikidata":null,"owner":null,"operator:wikipedia":null,"operator:wikidata":null,"operator:short":null,"operator":"Vale","name":"Levack Spur","maxspeed":null,"service":null,"gauge":"1435","electrified":"no"},"geometry":{"type":"MultiLineString","coordinates":[[[-81.3917632,46.6359025],[-81.3917634,46.6358287]]]}},
{"type":"Feature","properties":{"full_id":"w207304123","osm_id":"207304123","osm_type":"way","railway":"rail","covered":null,"tunnel":null,"railway:track_ref":null,"abandoned:electrified":"contact_line","Source":null,"layer":null,"bridge":null,"railway:preferred_direction":null,"workrules":null,"railway:traffic_mode":null,"usage":null,"reporting_marks":null,"owner:wikipedia":null,"owner:wikidata":null,"owner":null,"operator:wikipedia":null,"operator:wikidata":null,"operator:short":null,"operator":"Canadian Pacific Kansas City","name":null,"maxspeed":null,"service":"siding","gauge":"1435","electrified":"no"},"geometry":{"type":"MultiLineString","coordinates":[[[-81.408308,46.6022875],[-81.4096196,46.6028099],[-81.4100269,46.6029713],[-81.4104468,46.603122],[-81.410868,46.6032674],[-81.411572,46.6035052],[-81.4154718,46.6048283],[-81.4172727,46.6054431],[-81.4175984,46.6055543],[-81.4177371,46.6056059],[-81.4179011,46.6056623],[-81.4180896,46.6057201],[-81.4184156,46.6058298]]]}},
{"type":"Feature","properties":{"full_id":"w207304124","osm_id":"207304124","osm_type":"way","railway":"rail","covered":null,"tunnel":null,"railway:track_ref":null,"abandoned:electrified":"contact_line","Source":null,"layer":null,"bridge":null,"railway:preferred_direction":null,"workrules":null,"railway:traffic_mode":null,"usage":null,"reporting_marks":null,"owner:wikipedia":null,"owner:wikidata":null,"owner":null,"operator:wikipedia":null,"operator:wikidata":null,"operator:short":null,"operator":"Vale","name":null,"maxspeed":null,"service":"siding","gauge":"1435","electrified":"no"},"geometry":{"type":"MultiLineString","coordinates":[[[-81.3834326,46.645183],[-81.3835832,46.6449779],[-81.3836757,46.6448658],[-81.3837761,46.6447538],[-81.3847393,46.6437851],[-81.3850981,46.6434269],[-81.3852086,46.6433229],[-81.3853833,46.6431812],[-81.3856034,46.643022]]]}},
{"type":"Feature","properties":{"full_id":"w207304125","osm_id":"207304125","osm_type":"way","railway":"rail","covered":null,"tunnel":null,"railway:track_ref":null,"abandoned:electrified":"contact_line","Source":null,"layer":null,"bridge":null,"railway:preferred_direction":null,"workrules":null,"railway:traffic_mode":null,"usage":"branch","reporting_marks":null,"owner:wikipedia":null,"owner:wikidata":null,"owner":null,"operator:wikipedia":null,"operator:wikidata":null,"operator:short":null,"operator":"Vale","name":"Levack Spur","maxspeed":null,"service":null,"gauge":"1435","electrified":"no"},"geometry":{"type":"MultiLineString","coordinates":[[[-81.3931837,46.6289575],[-81.3911787,46.6269209],[-81.3904757,46.6261906],[-81.3900606,46.6257681],[-81.3896662,46.6253663],[-81.3895719,46.6252643],[-81.3894948,46.6251648],[-81.3894374,46.6250904],[-81.3893874,46.6250135],[-81.3893438,46.6249315],[-81.3892974,46.624839],[-81.3892523,46.624731],[-81.3892174,46.6246104],[-81.3891939,46.6244826],[-81.3891734,46.6243327],[-81.389159,46.624171],[-81.3890942,46.6235232],[-81.3889477,46.6220531],[-81.3888788,46.6213338],[-81.3888174,46.6207394],[-81.388581,46.61843],[-81.3885531,46.6180519],[-81.3885557,46.6179294],[-81.3885698,46.6177983],[-81.3885915,46.6176786],[-81.3886245,46.617543],[-81.3886647,46.617418],[-81.3887186,46.6172838],[-81.3887869,46.617145],[-81.3888661,46.6170119],[-81.3889567,46.6168797],[-81.389154,46.6166252],[-81.3892294,46.6165222],[-81.3892886,46.6164237],[-81.3893399,46.6163124],[-81.3893773,46.6162136],[-81.3894076,46.6161102],[-81.3894226,46.6160123],[-81.3894295,46.6159294],[-81.3894295,46.6158387],[-81.3894234,46.6157338],[-81.3894057,46.6156243],[-81.3893732,46.6155181],[-81.3893296,46.6154075],[-81.3892591,46.6152767],[-81.3891812,46.6151595],[-81.3890842,46.6150417],[-81.3889743,46.6149318],[-81.3888548,46.6148265],[-81.3887023,46.6147242],[-81.3885326,46.6146339],[-81.3883606,46.6145365],[-81.3881737,46.6144317],[-81.3880093,46.6143206],[-81.3878226,46.6141654],[-81.3876204,46.6139941],[-81.3870598,46.6135059],[-81.3869405,46.6133875],[-81.3868436,46.6132588],[-81.3867705,46.6131528],[-81.3867212,46.6130592],[-81.386676,46.6129421],[-81.3866409,46.612825],[-81.3866181,46.6126987],[-81.3866104,46.6125696],[-81.3866166,46.6124434],[-81.3866392,46.6123162],[-81.3866772,46.6121911],[-81.3867314,46.6120627],[-81.38681,46.6119245],[-81.386899,46.6118033],[-81.3869994,46.6116913],[-81.3870985,46.611593],[-81.3872279,46.6114881],[-81.387379,46.611383],[-81.3879004,46.6110244],[-81.3880459,46.6109075],[-81.3881629,46.6107935],[-81.3882711,46.6106781],[-81.3883551,46.6105697],[-81.3884337,46.6104465],[-81.3885013,46.6103264],[-81.3885548,46.6101929],[-81.388598,46.6100549],[-81.3886327,46.6099148],[-81.3886937,46.6096647],[-81.3887324,46.6095248],[-81.3887763,46.6094033],[-81.3888459,46.609262],[-81.3889208,46.6091461],[-81.3890105,46.6090284],[-81.3891193,46.608912],[-81.3892232,46.6088154],[-81.3893477,46.6087073],[-81.3903416,46.6078808],[-81.3906991,46.6075835],[-81.3910339,46.6072988],[-81.3912623,46.6071249],[-81.3913642,46.6070542],[-81.3914668,46.6069879],[-81.3915911,46.6069171],[-81.3917313,46.6068475],[-81.3918583,46.6067936],[-81.3919887,46.6067414],[-81.3921506,46.6066863],[-81.3922936,46.6066463],[-81.3924888,46.6066004]]]}},
{"type":"Feature","properties":{"full_id":"w207304126","osm_id":"207304126","osm_type":"way","railway":"rail","covered":null,"tunnel":null,"railway:track_ref":null,"abandoned:electrified":"contact_line","Source":null,"layer":null,"bridge":null,"railway:preferred_direction":null,"workrules":null,"railway:traffic_mode":null,"usage":"branch","reporting_marks":null,"owner:wikipedia":null,"owner:wikidata":null,"owner":null,"operator:wikipedia":null,"operator:wikidata":null,"operator:short":null,"operator":"Vale","name":"Levack Spur","maxspeed":null,"service":null,"gauge":"1435","electrified":"no"},"geometry":{"type":"MultiLineString","coordinates":[[[-81.3917634,46.6358287],[-81.3917291,46.6354411],[-81.3916408,46.6345169],[-81.3916376,46.6343727],[-81.3916573,46.6342337],[-81.3916889,46.6341067],[-81.391739,46.6339731],[-81.3917985,46.6338532],[-81.3918928,46.633715],[-81.3920017,46.6335883],[-81.3921215,46.6334708],[-81.3923096,46.6333261],[-81.3924983,46.6332155],[-81.3927128,46.6331132],[-81.3929072,46.6330204],[-81.3930882,46.6329258],[-81.3932726,46.6327971],[-81.3933977,46.6326866],[-81.3934974,46.6325959],[-81.3936016,46.6324765],[-81.3936955,46.6323393],[-81.3937751,46.632183],[-81.3940741,46.6314954],[-81.3941594,46.6312905],[-81.3942125,46.6311317],[-81.3942361,46.6310151],[-81.3942531,46.6308994],[-81.3942619,46.6307622],[-81.3942552,46.6306141],[-81.3942421,46.6304959],[-81.3942227,46.6303792],[-81.394182,46.6302424],[-81.3941394,46.630133],[-81.3940764,46.6299946],[-81.3939987,46.6298583],[-81.3938572,46.6296619],[-81.3936865,46.6294689],[-81.3933393,46.6291067]]]}},
{"type":"Feature","properties":{"full_id":"w207304127","osm_id":"207304127","osm_type":"way","railway":"rail","covered":null,"tunnel":null,"railway:track_ref":null,"abandoned:electrified":"contact_line","Source":null,"layer":null,"bridge":null,"railway:preferred_direction":null,"workrules":null,"railway:traffic_mode":null,"usage":null,"reporting_marks":null,"owner:wikipedia":null,"owner:wikidata":null,"owner":null,"operator:wikipedia":null,"operator:wikidata":null,"operator:short":null,"operator":"Vale","name":null,"maxspeed":null,"service":"siding","gauge":"1435","electrified":"no"},"geometry":{"type":"MultiLineString","coordinates":[[[-81.3832109,46.6454654],[-81.3833527,46.6452899],[-81.3834326,46.645183],[-81.3836689,46.6449302],[-81.3839641,46.6446303],[-81.3852408,46.6433616],[-81.3854179,46.6431885],[-81.3856034,46.643022],[-81.3858536,46.642819]]]}},
{"type":"Feature","properties":{"full_id":"w207305246","osm_id":"207305246","osm_type":"way","railway":"rail","covered":null,"tunnel":null,"railway:track_ref":null,"abandoned:electrified":"contact_line","Source":null,"layer":null,"bridge":null,"railway:preferred_direction":null,"workrules":null,"railway:traffic_mode":null,"usage":"branch","reporting_marks":null,"owner:wikipedia":null,"owner:wikidata":null,"owner":null,"operator:wikipedia":null,"operator:wikidata":null,"operator:short":null,"operator":"Canadian Pacific Kansas City","name":"Levack Spur","maxspeed":null,"service":null,"gauge":"1435","electrified":"no"},"geometry":{"type":"MultiLineString","coordinates":[[[-81.408308,46.6022875],[-81.4079898,46.6021609],[-81.4077762,46.6020827],[-81.407556,46.6020061],[-81.4071882,46.6018882],[-81.4069506,46.6018173],[-81.4067739,46.6017675],[-81.4065583,46.6017115],[-81.4062198,46.6016408],[-81.405903,46.6015851],[-81.4056264,46.6015416],[-81.4051555,46.601481],[-81.4046526,46.6014242],[-81.4041883,46.6013795],[-81.4038962,46.601353],[-81.4036192,46.6013324],[-81.4033314,46.6013177],[-81.4030379,46.6013117],[-81.4027283,46.6013185],[-81.4024208,46.6013392],[-81.4021141,46.6013705],[-81.4018099,46.6014175],[-81.4014977,46.6014833],[-81.4012011,46.6015578],[-81.4009386,46.6016334],[-81.4007122,46.6017126],[-81.4004939,46.6017957],[-81.4002821,46.6018927],[-81.4000914,46.6019876],[-81.3999113,46.6020873],[-81.3997283,46.6021944],[-81.3995593,46.6023041],[-81.3994166,46.6024094],[-81.3992882,46.6025114],[-81.3991685,46.6026154],[-81.3990322,46.6027402],[-81.3989034,46.6028759],[-81.3982367,46.6036637]]]}},
{"type":"Feature","properties":{"full_id":"w211961577","osm_id":"211961577","osm_type":"way","railway":"rail","covered":null,"tunnel":null,"railway:track_ref":null,"abandoned:electrified":"contact_line","Source":null,"layer":null,"bridge":null,"railway:preferred_direction":null,"workrules":null,"railway:traffic_mode":null,"usage":null,"reporting_marks":null,"owner:wikipedia":null,"owner:wikidata":null,"owner":null,"operator:wikipedia":null,"operator:wikidata":null,"operator:short":null,"operator":"Vale","name":null,"maxspeed":null,"service":"spur","gauge":"1435","electrified":"no"},"geometry":{"type":"MultiLineString","coordinates":[[[-81.0580673,46.4867412],[-81.0581911,46.4869297],[-81.0582958,46.487047],[-81.0583762,46.4871153],[-81.0584567,46.4871891],[-81.0585908,46.4872907],[-81.0587463,46.4873794],[-81.0589421,46.4874588],[-81.0592042,46.4875306],[-81.0593552,46.4875585],[-81.0595261,46.4875768],[-81.0596897,46.4875842],[-81.0598506,46.4875749],[-81.0600196,46.4875509],[-81.0602127,46.4875214],[-81.0603441,46.4874807],[-81.060648,46.4873443]]]}},
{"type":"Feature","properties":{"full_id":"w211961579","osm_id":"211961579","osm_type":"way","railway":"rail","covered":null,"tunnel":null,"railway:track_ref":null,"abandoned:electrified":"contact_line","Source":null,"layer":null,"bridge":null,"railway:preferred_direction":null,"workrules":null,"railway:traffic_mode":null,"usage":null,"reporting_marks":null,"owner:wikipedia":null,"owner:wikidata":null,"owner":null,"operator:wikipedia":null,"operator:wikidata":null,"operator:short":null,"operator":"Vale","name":null,"maxspeed":null,"service":"spur","gauge":"1435","electrified":"no"},"geometry":{"type":"MultiLineString","coordinates":[[[-81.0585666,46.4879445],[-81.0583995,46.4876082],[-81.058167,46.4872113]]]}},
{"type":"Feature","properties":{"full_id":"w211961580","osm_id":"211961580","osm_type":"way","railway":"rail","covered":null,"tunnel":null,"railway:track_ref":null,"abandoned:electrified":"contact_line","Source":null,"layer":null,"bridge":null,"railway:preferred_direction":null,"workrules":null,"railway:traffic_mode":null,"usage":null,"reporting_marks":null,"owner:wikipedia":null,"owner:wikidata":null,"owner":null,"operator:wikipedia":null,"operator:wikidata":null,"operator:short":null,"operator":"Vale","name":null,"maxspeed":null,"service":"siding","gauge":"1435","electrified":"no"},"geometry":{"type":"MultiLineString","coordinates":[[[-81.0507768,46.4964996],[-81.0510229,46.4961637],[-81.0511637,46.4960021],[-81.0525208,46.4945275],[-81.0532216,46.49378],[-81.0533362,46.4936578],[-81.0535348,46.4934327],[-81.0538565,46.4931915],[-81.0561258,46.4915529],[-81.0563364,46.4914061],[-81.0565911,46.4912251],[-81.056819,46.4910421],[-81.0577311,46.4902862],[-81.057888,46.4901459],[-81.05801,46.490023],[-81.0581884,46.4898014]]]}},
{"type":"Feature","properties":{"full_id":"w211969246","osm_id":"211969246","osm_type":"way","railway":"rail","covered":null,"tunnel":null,"railway:track_ref":null,"abandoned:electrified":null,"Source":null,"layer":null,"bridge":null,"railway:preferred_direction":null,"workrules":null,"railway:traffic_mode":null,"usage":null,"reporting_marks":null,"owner:wikipedia":null,"owner:wikidata":null,"owner":null,"operator:wikipedia":null,"operator:wikidata":null,"operator:short":null,"operator":"Vale","name":null,"maxspeed":null,"service":"spur","gauge":"1435","electrified":"no"},"geometry":{"type":"MultiLineString","coordinates":[[[-81.1628053,46.4733757],[-81.1631164,46.4729804],[-81.1632962,46.4727938],[-81.1636368,46.4725426],[-81.1639479,46.4723523],[-81.1642993,46.4721879],[-81.164488,46.4720954],[-81.164691,46.4720347],[-81.1649968,46.4719645],[-81.1653884,46.4718906],[-81.1657264,46.4718499],[-81.1661502,46.4718204],[-81.166395,46.4718239],[-81.166685,46.4718395],[-81.1668797,46.4718499],[-81.1684174,46.4719938],[-81.171105,46.4722414],[-81.1733063,46.4724558],[-81.175731,46.4726775],[-81.17785,46.472877],[-81.1787619,46.4729583],[-81.1791677,46.4730135],[-81.1795183,46.4731171],[-81.1802961,46.4734053],[-81.1821039,46.4740851],[-81.1843605,46.4749272],[-81.1865331,46.475751],[-81.1889436,46.4766526],[-81.1902292,46.4771401],[-81.1913152,46.4775372],[-81.1923714,46.4779456]]]}},
{"type":"Feature","properties":{"full_id":"w211969254","osm_id":"211969254","osm_type":"way","railway":"rail","covered":null,"tunnel":null,"railway:track_ref":null,"abandoned:electrified":null,"Source":null,"layer":null,"bridge":null,"railway:preferred_direction":null,"workrules":null,"railway:traffic_mode":null,"usage":null,"reporting_marks":null,"owner:wikipedia":null,"owner:wikidata":null,"owner":null,"operator:wikipedia":null,"operator:wikidata":null,"operator:short":null,"operator":"Vale","name":null,"maxspeed":null,"service":"siding","gauge":"1435","electrified":"no"},"geometry":{"type":"MultiLineString","coordinates":[[[-81.1808969,46.4735642],[-81.1814656,46.4736972],[-81.1822863,46.4740149],[-81.1839084,46.4746166],[-81.1841585,46.4747094],[-81.1864169,46.4755665],[-81.187724,46.4760614],[-81.1879833,46.476165],[-81.1883784,46.4763754]]]}},
{"type":"Feature","properties":{"full_id":"w211969255","osm_id":"211969255","osm_type":"way","railway":"rail","covered":null,"tunnel":null,"railway:track_ref":null,"abandoned:electrified":null,"Source":null,"layer":null,"bridge":null,"railway:preferred_direction":null,"workrules":null,"railway:traffic_mode":null,"usage":null,"reporting_marks":null,"owner:wikipedia":null,"owner:wikidata":null,"owner":null,"operator:wikipedia":null,"operator:wikidata":null,"operator:short":null,"operator":"Vale","name":null,"maxspeed":null,"service":"siding","gauge":"1435","electrified":"no"},"geometry":{"type":"MultiLineString","coordinates":[[[-81.1889436,46.4766526],[-81.1883784,46.4763754],[-81.1879654,46.4762091],[-81.1861058,46.4755111],[-81.1815334,46.4737967],[-81.1808969,46.4735642],[-81.1802961,46.4734053]]]}},
{"type":"Feature","properties":{"full_id":"w213161202","osm_id":"213161202","osm_type":"way","railway":"rail","covered":null,"tunnel":null,"railway:track_ref":null,"abandoned:electrified":null,"Source":null,"layer":null,"bridge":null,"railway:preferred_direction":null,"workrules":null,"railway:traffic_mode":null,"usage":null,"reporting_marks":null,"owner:wikipedia":null,"owner:wikidata":null,"owner":null,"operator:wikipedia":null,"operator:wikidata":null,"operator:short":null,"operator":"Canadian Pacific Kansas City","name":null,"maxspeed":null,"service":"yard","gauge":"1435","electrified":"no"},"geometry":{"type":"MultiLineString","coordinates":[[[-81.0367827,46.4702254],[-81.0365887,46.470206],[-81.0364342,46.4701839],[-81.0362968,46.4701585],[-81.0361776,46.4701353],[-81.0359428,46.4700973],[-81.0358033,46.4700784],[-81.035657,46.4700555],[-81.035465,46.470015],[-81.0351494,46.4699421],[-81.03488,46.4698763],[-81.0336141,46.4695669],[-81.0332967,46.4694969],[-81.0329766,46.469436],[-81.0326856,46.469393],[-81.0324118,46.4693652],[-81.0321401,46.4693533],[-81.0318798,46.4693544],[-81.0315944,46.4693615],[-81.0313419,46.4693797],[-81.0310455,46.4694133],[-81.03075,46.4694576],[-81.0304857,46.4695115],[-81.0302766,46.469565],[-81.0300742,46.4696248],[-81.029909,46.469686],[-81.0297868,46.4697409],[-81.0296785,46.4697868],[-81.0295338,46.469842]]]}},
{"type":"Feature","properties":{"full_id":"w213161240","osm_id":"213161240","osm_type":"way","railway":"rail","covered":null,"tunnel":null,"railway:track_ref":null,"abandoned:electrified":null,"Source":null,"layer":null,"bridge":null,"railway:preferred_direction":null,"workrules":null,"railway:traffic_mode":null,"usage":null,"reporting_marks":null,"owner:wikipedia":null,"owner:wikidata":null,"owner":null,"operator:wikipedia":null,"operator:wikidata":null,"operator:short":null,"operator":"Canadian Pacific Kansas City","name":null,"maxspeed":null,"service":"yard","gauge":"1435","electrified":"no"},"geometry":{"type":"MultiLineString","coordinates":[[[-81.0361776,46.4701353],[-81.0359367,46.4700844],[-81.0356418,46.4700171],[-81.0349499,46.4698484],[-81.0338301,46.4695727],[-81.0334584,46.4694833],[-81.0331667,46.4694201],[-81.0329341,46.4693774],[-81.0326969,46.4693471],[-81.0324776,46.4693256],[-81.0322777,46.4693135],[-81.0320407,46.4693077],[-81.031776,46.4693114],[-81.0315488,46.4693189],[-81.0313216,46.4693367],[-81.0310881,46.469364],[-81.03085,46.4693968],[-81.0306621,46.4694397],[-81.0304347,46.4694992],[-81.0302677,46.4695544],[-81.0300742,46.4696248]]]}},
{"type":"Feature","properties":{"full_id":"w213492682","osm_id":"213492682","osm_type":"way","railway":"rail","covered":null,"tunnel":null,"railway:track_ref":null,"abandoned:electrified":"contact_line","Source":null,"layer":null,"bridge":null,"railway:preferred_direction":null,"workrules":null,"railway:traffic_mode":null,"usage":null,"reporting_marks":null,"owner:wikipedia":null,"owner:wikidata":null,"owner":null,"operator:wikipedia":null,"operator:wikidata":null,"operator:short":null,"operator":null,"name":null,"maxspeed":null,"service":"siding","gauge":"1435","electrified":"no"},"geometry":{"type":"MultiLineString","coordinates":[[[-81.0568861,46.4913132],[-81.056618,46.4915935],[-81.0564853,46.4917117],[-81.0562491,46.4919183],[-81.0555169,46.4925037],[-81.0548007,46.4930687],[-81.0545541,46.4932905],[-81.0542106,46.4936412],[-81.0533362,46.4945016],[-81.0528856,46.4949023],[-81.0525357,46.49516]]]}},
{"type":"Feature","properties":{"full_id":"w213493091","osm_id":"213493091","osm_type":"way","railway":"rail","covered":null,"tunnel":null,"railway:track_ref":null,"abandoned:electrified":"contact_line","Source":null,"layer":null,"bridge":null,"railway:preferred_direction":null,"workrules":null,"railway:traffic_mode":null,"usage":null,"reporting_marks":null,"owner:wikipedia":null,"owner:wikidata":null,"owner":null,"operator:wikipedia":null,"operator:wikidata":null,"operator:short":null,"operator":null,"name":null,"maxspeed":null,"service":"siding","gauge":"1435","electrified":"no"},"geometry":{"type":"MultiLineString","coordinates":[[[-81.0570257,46.491141],[-81.0564879,46.4915085],[-81.0561901,46.4917355],[-81.0555437,46.4922525],[-81.0548302,46.4928194],[-81.054562,46.493041],[-81.054342,46.4932552],[-81.0537627,46.4938239],[-81.0529634,46.4945967],[-81.0527999,46.4947723],[-81.0524458,46.4951998]]]}},
{"type":"Feature","properties":{"full_id":"w213493390","osm_id":"213493390","osm_type":"way","railway":"rail","covered":null,"tunnel":null,"railway:track_ref":null,"abandoned:electrified":"contact_line","Source":null,"layer":null,"bridge":null,"railway:preferred_direction":null,"workrules":null,"railway:traffic_mode":null,"usage":null,"reporting_marks":null,"owner:wikipedia":null,"owner:wikidata":null,"owner":null,"operator:wikipedia":null,"operator:wikidata":null,"operator:short":null,"operator":null,"name":null,"maxspeed":null,"service":"siding","gauge":"1435","electrified":"no"},"geometry":{"type":"MultiLineString","coordinates":[[[-81.0572751,46.490935],[-81.0568861,46.4913132],[-81.0564772,46.4916674],[-81.0561284,46.4919515],[-81.0555116,46.4924411],[-81.0549938,46.4928582],[-81.0547229,46.4930798],[-81.0545003,46.4932903],[-81.053972,46.4937927],[-81.0535535,46.4942099],[-81.0530867,46.4946456],[-81.0525357,46.49516],[-81.0523921,46.495282],[-81.0521975,46.4954486]]]}},
{"type":"Feature","properties":{"full_id":"w213494021","osm_id":"213494021","osm_type":"way","railway":"rail","covered":null,"tunnel":null,"railway:track_ref":null,"abandoned:electrified":"contact_line","Source":null,"layer":null,"bridge":null,"railway:preferred_direction":null,"workrules":null,"railway:traffic_mode":null,"usage":null,"reporting_marks":null,"owner:wikipedia":null,"owner:wikidata":null,"owner":null,"operator:wikipedia":null,"operator:wikidata":null,"operator:short":null,"operator":"Vale","name":null,"maxspeed":null,"service":"siding","gauge":"1435","electrified":"no"},"geometry":{"type":"MultiLineString","coordinates":[[[-81.0557691,46.4919702],[-81.055643,46.4920746],[-81.0554164,46.4922823],[-81.0552193,46.4924439],[-81.0541516,46.4932035],[-81.0536876,46.4935525],[-81.0535911,46.4936302],[-81.0531888,46.4940633],[-81.0515888,46.4957417],[-81.0514373,46.4958867],[-81.0510296,46.4962334]]]}},
{"type":"Feature","properties":{"full_id":"w213510085","osm_id":"213510085","osm_type":"way","railway":"rail","covered":null,"tunnel":null,"railway:track_ref":null,"abandoned:electrified":null,"Source":null,"layer":null,"bridge":null,"railway:preferred_direction":null,"workrules":null,"railway:traffic_mode":null,"usage":"branch","reporting_marks":null,"owner:wikipedia":null,"owner:wikidata":null,"owner":null,"operator:wikipedia":null,"operator:wikidata":null,"operator:short":null,"operator":null,"name":null,"maxspeed":null,"service":null,"gauge":"1435","electrified":"no"},"geometry":{"type":"MultiLineString","coordinates":[[[-81.0503751,46.4969171],[-81.0501927,46.4970832],[-81.050076,46.4971773],[-81.0499768,46.4972484],[-81.0498601,46.4973214],[-81.0497299,46.4973904],[-81.0496046,46.4974417],[-81.0494873,46.4974829],[-81.0493559,46.4975171],[-81.0491975,46.4975491],[-81.0490648,46.4975667],[-81.0489132,46.4975796],[-81.0487898,46.4975796],[-81.0486746,46.4975724],[-81.0485271,46.4975558],[-81.0482252,46.4975002]]]}},
{"type":"Feature","properties":{"full_id":"w213925535","osm_id":"213925535","osm_type":"way","railway":"rail","covered":null,"tunnel":null,"railway:track_ref":null,"abandoned:electrified":"contact_line","Source":null,"layer":null,"bridge":null,"railway:preferred_direction":null,"workrules":null,"railway:traffic_mode":null,"usage":null,"reporting_marks":null,"owner:wikipedia":null,"owner:wikidata":null,"owner":null,"operator:wikipedia":null,"operator:wikidata":null,"operator:short":null,"operator":null,"name":null,"maxspeed":null,"service":"siding","gauge":"1435","electrified":"no"},"geometry":{"type":"MultiLineString","coordinates":[[[-81.0575837,46.4906528],[-81.057336,46.4909445],[-81.0570457,46.4912591],[-81.056756,46.4915841],[-81.0566006,46.4917412],[-81.0563966,46.4919091],[-81.0553371,46.4927456],[-81.0550287,46.4929967],[-81.0547819,46.4932072],[-81.0544493,46.4935377],[-81.0537144,46.4942394],[-81.053363,46.4945866],[-81.0531779,46.4947306],[-81.0529339,46.49493],[-81.0526952,46.49511],[-81.0523568,46.4953729],[-81.052211,46.4955061],[-81.0520421,46.4956704],[-81.0518435,46.4958542],[-81.0516734,46.4960012],[-81.051487,46.4961571],[-81.0513595,46.4962671],[-81.0512059,46.4964182]]]}},
{"type":"Feature","properties":{"full_id":"w213925539","osm_id":"213925539","osm_type":"way","railway":"rail","covered":null,"tunnel":null,"railway:track_ref":null,"abandoned:electrified":"contact_line","Source":null,"layer":null,"bridge":null,"railway:preferred_direction":null,"workrules":null,"railway:traffic_mode":null,"usage":null,"reporting_marks":null,"owner:wikipedia":null,"owner:wikidata":null,"owner":null,"operator:wikipedia":null,"operator:wikidata":null,"operator:short":null,"operator":"Vale","name":null,"maxspeed":null,"service":"yard","gauge":"1435","electrified":"no"},"geometry":{"type":"MultiLineString","coordinates":[[[-81.0512059,46.4964182],[-81.0513367,46.4963058],[-81.0514574,46.49622],[-81.0515446,46.4961691],[-81.0517001,46.4960879],[-81.0523183,46.4957676],[-81.0529942,46.4954223],[-81.0542575,46.4948075],[-81.0546184,46.4946145],[-81.0547874,46.4945259],[-81.054892,46.4944631],[-81.0550368,46.4943874],[-81.0551736,46.4942821],[-81.0553184,46.4941437],[-81.0554123,46.4940439],[-81.0555008,46.4939073],[-81.0555759,46.4937596],[-81.0556215,46.4936174],[-81.0556215,46.4935583],[-81.0556269,46.493394],[-81.0556403,46.4932352],[-81.0556859,46.4931004],[-81.0557542,46.4929462],[-81.055907,46.4927652],[-81.0560948,46.4925658],[-81.0562531,46.4924162],[-81.0564784,46.4922131],[-81.0566071,46.4920764],[-81.0570136,46.4916083],[-81.0574347,46.4911079],[-81.0582555,46.4901957],[-81.0588591,46.4895269],[-81.0589072,46.4894736],[-81.0598728,46.4883804],[-81.0601813,46.4880388],[-81.0604415,46.4878024],[-81.060943,46.4873675]]]}},
{"type":"Feature","properties":{"full_id":"w213925543","osm_id":"213925543","osm_type":"way","railway":"rail","covered":null,"tunnel":null,"railway:track_ref":null,"abandoned:electrified":"contact_line","Source":null,"layer":null,"bridge":null,"railway:preferred_direction":null,"workrules":null,"railway:traffic_mode":null,"usage":null,"reporting_marks":null,"owner:wikipedia":null,"owner:wikidata":null,"owner":null,"operator:wikipedia":null,"operator:wikidata":null,"operator:short":null,"operator":"Vale","name":null,"maxspeed":null,"service":"spur","gauge":"1435","electrified":"no"},"geometry":{"type":"MultiLineString","coordinates":[[[-81.0580673,46.4867412],[-81.0579711,46.4865631],[-81.0578398,46.4863119],[-81.0576324,46.4859387],[-81.0572684,46.4852279],[-81.0570458,46.4848456],[-81.0566971,46.4841955],[-81.0565787,46.4839851],[-81.0563967,46.4836617],[-81.0562116,46.4833312],[-81.056048,46.4831003],[-81.0558923,46.4829284],[-81.0550824,46.4822231],[-81.0541704,46.4814268],[-81.0536504,46.4810109],[-81.0528508,46.4804463]]]}},
{"type":"Feature","properties":{"full_id":"w213925551","osm_id":"213925551","osm_type":"way","railway":"rail","covered":null,"tunnel":null,"railway:track_ref":null,"abandoned:electrified":"contact_line","Source":null,"layer":null,"bridge":null,"railway:preferred_direction":null,"workrules":null,"railway:traffic_mode":null,"usage":null,"reporting_marks":null,"owner:wikipedia":null,"owner:wikidata":null,"owner":null,"operator:wikipedia":null,"operator:wikidata":null,"operator:short":null,"operator":"Vale","name":null,"maxspeed":null,"service":"yard","gauge":"1435","electrified":"no"},"geometry":{"type":"MultiLineString","coordinates":[[[-81.0512059,46.4964182],[-81.0511775,46.496447],[-81.0509306,46.496697],[-81.0508512,46.4967905],[-81.0507936,46.49688],[-81.0507359,46.4969844],[-81.0506997,46.4970831],[-81.0506728,46.4972106],[-81.0506662,46.4973334],[-81.0506729,46.4974505],[-81.0506997,46.4975909],[-81.0507599,46.4977821],[-81.0508794,46.4980303],[-81.0510242,46.4982187],[-81.0512066,46.4983922],[-81.0513649,46.4985085],[-81.0515955,46.4986452],[-81.051987,46.4988095]]]}},
{"type":"Feature","properties":{"full_id":"w213925552","osm_id":"213925552","osm_type":"way","railway":"rail","covered":null,"tunnel":null,"railway:track_ref":null,"abandoned:electrified":"contact_line","Source":null,"layer":null,"bridge":null,"railway:preferred_direction":null,"workrules":null,"railway:traffic_mode":null,"usage":"branch","reporting_marks":null,"owner:wikipedia":null,"owner:wikidata":null,"owner":null,"operator:wikipedia":null,"operator:wikidata":null,"operator:short":null,"operator":null,"name":null,"maxspeed":null,"service":null,"gauge":"1435","electrified":"no"},"geometry":{"type":"MultiLineString","coordinates":[[[-81.0512726,46.498565],[-81.050807,46.4983645],[-81.0506112,46.4982371],[-81.0505039,46.4981374],[-81.0503939,46.4980026],[-81.0503282,46.4978835],[-81.0502892,46.4977783],[-81.0502598,46.4976749],[-81.0502517,46.4975853],[-81.0502557,46.4974903],[-81.0502813,46.4973896],[-81.0503228,46.4972992],[-81.0503791,46.4971985],[-81.0504596,46.4970942],[-81.0505588,46.4969918],[-81.0507359,46.4968126],[-81.0507546,46.4967933],[-81.0508782,46.4966715],[-81.0510684,46.4964803],[-81.0512616,46.4962938],[-81.0514131,46.4961516],[-81.0516747,46.4959384],[-81.0518034,46.4958239],[-81.051892,46.4957417],[-81.0521975,46.4954486],[-81.0524458,46.4951998],[-81.0530452,46.4946087],[-81.0539156,46.4937759],[-81.0544199,46.4932739],[-81.0546263,46.4930853],[-81.0548382,46.4929025],[-81.0560427,46.491937],[-81.0566716,46.4914365],[-81.0570257,46.491141],[-81.0572751,46.490935],[-81.0574267,46.4907976],[-81.0575837,46.4906528],[-81.0578036,46.4904259]]]}},
{"type":"Feature","properties":{"full_id":"w213925555","osm_id":"213925555","osm_type":"way","railway":"rail","covered":null,"tunnel":null,"railway:track_ref":null,"abandoned:electrified":"contact_line","Source":null,"layer":null,"bridge":null,"railway:preferred_direction":null,"workrules":null,"railway:traffic_mode":null,"usage":null,"reporting_marks":null,"owner:wikipedia":null,"owner:wikidata":null,"owner":null,"operator:wikipedia":null,"operator:wikidata":null,"operator:short":null,"operator":"Vale","name":null,"maxspeed":null,"service":"yard","gauge":"1435","electrified":"no"},"geometry":{"type":"MultiLineString","coordinates":[[[-81.0566071,46.4920764],[-81.0568136,46.4917791],[-81.0571289,46.4913978],[-81.0573837,46.4911153],[-81.0578168,46.4906213],[-81.0580515,46.4903351],[-81.0585747,46.4897358],[-81.0591954,46.4890577],[-81.0597119,46.4884727],[-81.0600257,46.4881292],[-81.060192,46.4879797],[-81.0602951,46.4878801],[-81.0605219,46.4876768],[-81.060943,46.4873675],[-81.0610825,46.4872355],[-81.0611857,46.4871292],[-81.0613065,46.4869852],[-81.0613789,46.4868937],[-81.0614828,46.486735]]]}},
{"type":"Feature","properties":{"full_id":"w213925556","osm_id":"213925556","osm_type":"way","railway":"rail","covered":null,"tunnel":null,"railway:track_ref":null,"abandoned:electrified":"contact_line","Source":null,"layer":null,"bridge":null,"railway:preferred_direction":null,"workrules":null,"railway:traffic_mode":null,"usage":null,"reporting_marks":null,"owner:wikipedia":null,"owner:wikidata":null,"owner":null,"operator:wikipedia":null,"operator:wikidata":null,"operator:short":null,"operator":"Vale","name":null,"maxspeed":null,"service":"yard","gauge":"1435","electrified":"no"},"geometry":{"type":"MultiLineString","coordinates":[[[-81.0578601,46.4903627],[-81.058403,46.489904],[-81.0585747,46.4897358]]]}},
{"type":"Feature","properties":{"full_id":"w213929654","osm_id":"213929654","osm_type":"way","railway":"rail","covered":null,"tunnel":null,"railway:track_ref":null,"abandoned:electrified":"contact_line","Source":null,"layer":null,"bridge":null,"railway:preferred_direction":null,"workrules":null,"railway:traffic_mode":null,"usage":null,"reporting_marks":null,"owner:wikipedia":null,"owner:wikidata":null,"owner":null,"operator:wikipedia":null,"operator:wikidata":null,"operator:short":null,"operator":"Vale","name":null,"maxspeed":null,"service":"yard","gauge":"1435","electrified":"no"},"geometry":{"type":"MultiLineString","coordinates":[[[-81.0613065,46.4869852],[-81.0611549,46.4871366],[-81.0610262,46.487252],[-81.0608465,46.4873739],[-81.0606668,46.4874589],[-81.0604629,46.4875494],[-81.0603047,46.4876362],[-81.0600859,46.4877811],[-81.0594422,46.4882779],[-81.0592076,46.4884598],[-81.0590293,46.4886177],[-81.0587938,46.4889147]]]}},
{"type":"Feature","properties":{"full_id":"w213929655","osm_id":"213929655","osm_type":"way","railway":"rail","covered":null,"tunnel":null,"railway:track_ref":null,"abandoned:electrified":"contact_line","Source":null,"layer":null,"bridge":null,"railway:preferred_direction":null,"workrules":null,"railway:traffic_mode":null,"usage":null,"reporting_marks":null,"owner:wikipedia":null,"owner:wikidata":null,"owner":null,"operator:wikipedia":null,"operator:wikidata":null,"operator:short":null,"operator":"Vale","name":null,"maxspeed":null,"service":"yard","gauge":"1435","electrified":"no"},"geometry":{"type":"MultiLineString","coordinates":[[[-81.0570136,46.4916083],[-81.057145,46.4914754],[-81.057255,46.4913849],[-81.0574025,46.4912815],[-81.0576895,46.4910802],[-81.0579604,46.4908882],[-81.0582206,46.4907164],[-81.0585049,46.4905078],[-81.0587731,46.4903268],[-81.0592211,46.4900147],[-81.0594785,46.4898356],[-81.0596448,46.4897137],[-81.0598004,46.4895734],[-81.0599318,46.4894256],[-81.0600472,46.4892668],[-81.0602403,46.4890064],[-81.0604334,46.4887091],[-81.0606694,46.4882862],[-81.0609269,46.4878042],[-81.0611361,46.4874072],[-81.0613088,46.4870587],[-81.0614828,46.486735]]]}},
{"type":"Feature","properties":{"full_id":"w213929656","osm_id":"213929656","osm_type":"way","railway":"rail","covered":null,"tunnel":null,"railway:track_ref":null,"abandoned:electrified":"contact_line","Source":null,"layer":null,"bridge":null,"railway:preferred_direction":null,"workrules":null,"railway:traffic_mode":null,"usage":null,"reporting_marks":null,"owner:wikipedia":null,"owner:wikidata":null,"owner":null,"operator:wikipedia":null,"operator:wikidata":null,"operator:short":null,"operator":"Vale","name":null,"maxspeed":null,"service":"yard","gauge":"1435","electrified":"no"},"geometry":{"type":"MultiLineString","coordinates":[[[-81.0564784,46.4922131],[-81.0562182,46.4925067],[-81.0561285,46.4926332],[-81.0560492,46.4927874],[-81.0559875,46.4929093],[-81.0558146,46.4933035],[-81.0555759,46.4937596]]]}},
{"type":"Feature","properties":{"full_id":"w213980470","osm_id":"213980470","osm_type":"way","railway":"rail","covered":null,"tunnel":null,"railway:track_ref":null,"abandoned:electrified":"contact_line","Source":null,"layer":null,"bridge":null,"railway:preferred_direction":null,"workrules":null,"railway:traffic_mode":null,"usage":null,"reporting_marks":null,"owner:wikipedia":null,"owner:wikidata":null,"owner":null,"operator:wikipedia":null,"operator:wikidata":null,"operator:short":null,"operator":"Vale","name":null,"maxspeed":null,"service":"siding","gauge":"1435","electrified":"no"},"geometry":{"type":"MultiLineString","coordinates":[[[-81.0583135,46.4896401],[-81.0581374,46.4898992],[-81.0580409,46.4900285],[-81.0579215,46.490167],[-81.0577785,46.490301],[-81.0574614,46.4905832],[-81.0568646,46.4910671],[-81.0566247,46.4912528],[-81.0563818,46.4914363],[-81.0561766,46.4915877],[-81.0539035,46.4932165],[-81.0535695,46.4934676],[-81.0532216,46.49378]]]}},
{"type":"Feature","properties":{"full_id":"w213980472","osm_id":"213980472","osm_type":"way","railway":"rail","covered":null,"tunnel":null,"railway:track_ref":null,"abandoned:electrified":"contact_line","Source":null,"layer":null,"bridge":null,"railway:preferred_direction":null,"workrules":null,"railway:traffic_mode":null,"usage":null,"reporting_marks":null,"owner:wikipedia":null,"owner:wikidata":null,"owner":null,"operator:wikipedia":null,"operator:wikidata":null,"operator:short":null,"operator":"Vale","name":null,"maxspeed":null,"service":"yard","gauge":"1435","electrified":"no"},"geometry":{"type":"MultiLineString","coordinates":[[[-81.0608329,46.4877451],[-81.0606695,46.4880642],[-81.0603877,46.4884432],[-81.0602187,46.488639],[-81.0590695,46.4899428],[-81.0587611,46.4902937],[-81.0585049,46.4905078]]]}},
{"type":"Feature","properties":{"full_id":"w213980474","osm_id":"213980474","osm_type":"way","railway":"rail","covered":null,"tunnel":null,"railway:track_ref":null,"abandoned:electrified":"contact_line","Source":null,"layer":null,"bridge":null,"railway:preferred_direction":null,"workrules":null,"railway:traffic_mode":null,"usage":null,"reporting_marks":null,"owner:wikipedia":null,"owner:wikidata":null,"owner":null,"operator:wikipedia":null,"operator:wikidata":null,"operator:short":null,"operator":"Vale","name":null,"maxspeed":null,"service":"yard","gauge":"1435","electrified":"no"},"geometry":{"type":"MultiLineString","coordinates":[[[-81.0582206,46.4907164],[-81.0584781,46.4904875],[-81.0586672,46.4902807],[-81.0590144,46.4899002],[-81.0601436,46.4886039],[-81.0605233,46.4881626],[-81.0606801,46.4879778],[-81.0608329,46.4877451],[-81.0609536,46.4875559],[-81.0612035,46.4872144],[-81.0613088,46.4870587]]]}},
{"type":"Feature","properties":{"full_id":"w213980479","osm_id":"213980479","osm_type":"way","railway":"rail","covered":null,"tunnel":null,"railway:track_ref":null,"abandoned:electrified":"contact_line","Source":null,"layer":null,"bridge":null,"railway:preferred_direction":null,"workrules":null,"railway:traffic_mode":null,"usage":null,"reporting_marks":null,"owner:wikipedia":null,"owner:wikidata":null,"owner":null,"operator:wikipedia":null,"operator:wikidata":null,"operator:short":null,"operator":"Vale","name":null,"maxspeed":null,"service":"siding","gauge":"1435","electrified":"no"},"geometry":{"type":"MultiLineString","coordinates":[[[-81.0554123,46.4940439],[-81.0552715,46.4942767],[-81.0551736,46.4944059],[-81.0550341,46.4945333],[-81.0549,46.4946404],[-81.0547847,46.4947161],[-81.0544615,46.4948898],[-81.0537546,46.4952393],[-81.053685,46.4952737],[-81.0533739,46.4954325],[-81.0531606,46.4955342],[-81.0529112,46.4956283],[-81.0523948,46.495824],[-81.0520113,46.4959569],[-81.0517001,46.4960879]]]}},
{"type":"Feature","properties":{"full_id":"w213980481","osm_id":"213980481","osm_type":"way","railway":"rail","covered":null,"tunnel":null,"railway:track_ref":"Vale","abandoned:electrified":"contact_line","Source":null,"layer":null,"bridge":null,"railway:preferred_direction":null,"workrules":null,"railway:traffic_mode":null,"usage":null,"reporting_marks":null,"owner:wikipedia":null,"owner:wikidata":null,"owner":null,"operator:wikipedia":null,"operator:wikidata":null,"operator:short":null,"operator":"Vale","name":null,"maxspeed":null,"service":"spur","gauge":"1435","electrified":"no"},"geometry":{"type":"MultiLineString","coordinates":[[[-81.0608705,46.4870452],[-81.0613574,46.4860813],[-81.061454,46.4859299],[-81.0615357,46.4858153],[-81.0616277,46.4856893],[-81.0618093,46.4854976]]]}},
{"type":"Feature","properties":{"full_id":"w213980483","osm_id":"213980483","osm_type":"way","railway":"rail","covered":null,"tunnel":null,"railway:track_ref":null,"abandoned:electrified":"contact_line","Source":null,"layer":null,"bridge":null,"railway:preferred_direction":null,"workrules":null,"railway:traffic_mode":null,"usage":null,"reporting_marks":null,"owner:wikipedia":null,"owner:wikidata":null,"owner":null,"operator:wikipedia":null,"operator:wikidata":null,"operator:short":null,"operator":"Vale","name":null,"maxspeed":null,"service":"yard","gauge":"1435","electrified":"no"},"geometry":{"type":"MultiLineString","coordinates":[[[-81.0576895,46.4910802],[-81.057939,46.4908697],[-81.058108,46.4906851],[-81.0583762,46.4903804],[-81.0588481,46.4898338],[-81.0599976,46.4885246],[-81.0602992,46.4881865],[-81.0605003,46.487976],[-81.0607042,46.4877562]]]}},
{"type":"Feature","properties":{"full_id":"w213980485","osm_id":"213980485","osm_type":"way","railway":"rail","covered":null,"tunnel":null,"railway:track_ref":null,"abandoned:electrified":"contact_line","Source":null,"layer":null,"bridge":null,"railway:preferred_direction":null,"workrules":null,"railway:traffic_mode":null,"usage":null,"reporting_marks":null,"owner:wikipedia":null,"owner:wikidata":null,"owner":null,"operator:wikipedia":null,"operator:wikidata":null,"operator:short":null,"operator":"Vale","name":null,"maxspeed":null,"service":"yard","gauge":"1435","electrified":"no"},"geometry":{"type":"MultiLineString","coordinates":[[[-81.0612035,46.4872144],[-81.0609202,46.4875404],[-81.06077,46.4877146],[-81.0606373,46.4878911],[-81.0603584,46.4882217],[-81.0600673,46.4885578],[-81.058922,46.4898634],[-81.0584526,46.4904118],[-81.0582059,46.4906907],[-81.0579604,46.4908882]]]}},
{"type":"Feature","properties":{"full_id":"w213980487","osm_id":"213980487","osm_type":"way","railway":"rail","covered":null,"tunnel":null,"railway:track_ref":null,"abandoned:electrified":"contact_line","Source":null,"layer":null,"bridge":null,"railway:preferred_direction":null,"workrules":null,"railway:traffic_mode":null,"usage":null,"reporting_marks":null,"owner:wikipedia":null,"owner:wikidata":null,"owner":null,"operator:wikipedia":null,"operator:wikidata":null,"operator:short":null,"operator":"Vale","name":null,"maxspeed":null,"service":"spur","gauge":"1435","electrified":"no"},"geometry":{"type":"MultiLineString","coordinates":[[[-81.0608707,46.4872121],[-81.0610222,46.4870712],[-81.0610904,46.4869861],[-81.0611724,46.4868514],[-81.0614165,46.4864082],[-81.0616242,46.4860258],[-81.061733,46.4857877],[-81.0618093,46.4856472],[-81.0619192,46.485505],[-81.0620802,46.4853333],[-81.0623901,46.4850323],[-81.0624582,46.4849742],[-81.0626193,46.4848365],[-81.0627293,46.4847127],[-81.0629346,46.4844857],[-81.0633112,46.4840277],[-81.0638364,46.4833731],[-81.0640366,46.4831527],[-81.0642026,46.4829559]]]}},
{"type":"Feature","properties":{"full_id":"w213980489","osm_id":"213980489","osm_type":"way","railway":"rail","covered":null,"tunnel":null,"railway:track_ref":null,"abandoned:electrified":"contact_line","Source":null,"layer":null,"bridge":null,"railway:preferred_direction":null,"workrules":null,"railway:traffic_mode":null,"usage":null,"reporting_marks":null,"owner:wikipedia":null,"owner:wikidata":null,"owner":null,"operator:wikipedia":null,"operator:wikidata":null,"operator:short":null,"operator":"Vale","name":null,"maxspeed":null,"service":"yard","gauge":"1435","electrified":"no"},"geometry":{"type":"MultiLineString","coordinates":[[[-81.0574025,46.4912815],[-81.057652,46.4910636],[-81.0578545,46.4908421],[-81.0580181,46.4906593],[-81.0583386,46.4903083],[-81.0587703,46.4898079],[-81.0599183,46.4884931],[-81.0602134,46.4881662],[-81.060326,46.4880702],[-81.0604655,46.4879612],[-81.0607042,46.4877562],[-81.0609202,46.4875404]]]}},
{"type":"Feature","properties":{"full_id":"w213980490","osm_id":"213980490","osm_type":"way","railway":"rail","covered":null,"tunnel":null,"railway:track_ref":null,"abandoned:electrified":"contact_line","Source":null,"layer":null,"bridge":null,"railway:preferred_direction":null,"workrules":null,"railway:traffic_mode":null,"usage":null,"reporting_marks":null,"owner:wikipedia":null,"owner:wikidata":null,"owner":null,"operator:wikipedia":null,"operator:wikidata":null,"operator:short":null,"operator":null,"name":null,"maxspeed":null,"service":"siding","gauge":"1435","electrified":"no"},"geometry":{"type":"MultiLineString","coordinates":[[[-81.0523568,46.4953729],[-81.052773,46.4951112],[-81.0529769,46.4949654],[-81.0531861,46.494801],[-81.0534436,46.4945721],[-81.0537252,46.4943062],[-81.0545513,46.4934955],[-81.0547847,46.4932555],[-81.0549644,46.4931022],[-81.0555947,46.4926184],[-81.056504,46.491878],[-81.0566596,46.4917413],[-81.0568741,46.4915234],[-81.0571236,46.4912261],[-81.057336,46.4909445]]]}},
{"type":"Feature","properties":{"full_id":"w213980492","osm_id":"213980492","osm_type":"way","railway":"rail","covered":null,"tunnel":null,"railway:track_ref":null,"abandoned:electrified":"contact_line","Source":null,"layer":null,"bridge":null,"railway:preferred_direction":null,"workrules":null,"railway:traffic_mode":null,"usage":null,"reporting_marks":null,"owner:wikipedia":null,"owner:wikidata":null,"owner":null,"operator:wikipedia":null,"operator:wikidata":null,"operator:short":null,"operator":"Vale","name":null,"maxspeed":null,"service":"spur","gauge":"1435","electrified":"no"},"geometry":{"type":"MultiLineString","coordinates":[[[-81.0602403,46.4890064],[-81.0601704,46.4891985],[-81.0601317,46.489435],[-81.0601329,46.4895734],[-81.0601531,46.4897009],[-81.0602214,46.4898836],[-81.0603087,46.4900314],[-81.0604252,46.4901809],[-81.0605099,46.4902789],[-81.0606747,46.490421],[-81.0608651,46.4905503],[-81.0613548,46.4908938],[-81.0616042,46.4910896],[-81.0617383,46.491217],[-81.0618349,46.4913093],[-81.0619475,46.4914201],[-81.062028,46.4915254],[-81.0621258,46.4916711],[-81.0622104,46.4918337],[-81.0622894,46.4920478],[-81.0623794,46.4923083],[-81.062433,46.4924616],[-81.0624732,46.4926148],[-81.0625066,46.4928345],[-81.0625254,46.4929804],[-81.0625269,46.493154],[-81.06252,46.4932703],[-81.0624932,46.493466],[-81.0624503,46.4938039],[-81.0623833,46.4939978]]]}},
{"type":"Feature","properties":{"full_id":"w213980494","osm_id":"213980494","osm_type":"way","railway":"rail","covered":null,"tunnel":null,"railway:track_ref":null,"abandoned:electrified":"contact_line","Source":null,"layer":null,"bridge":null,"railway:preferred_direction":null,"workrules":null,"railway:traffic_mode":null,"usage":null,"reporting_marks":null,"owner:wikipedia":null,"owner:wikidata":null,"owner":null,"operator:wikipedia":null,"operator:wikidata":null,"operator:short":null,"operator":"Vale","name":null,"maxspeed":null,"service":"siding","gauge":"1435","electrified":"no"},"geometry":{"type":"MultiLineString","coordinates":[[[-81.0523948,46.495824],[-81.0531727,46.4954362],[-81.0537145,46.4951592],[-81.0542402,46.4949007],[-81.0544441,46.4947918],[-81.0545674,46.4947124],[-81.0547874,46.4945259]]]}},
{"type":"Feature","properties":{"full_id":"w213980495","osm_id":"213980495","osm_type":"way","railway":"rail","covered":null,"tunnel":null,"railway:track_ref":"Vale","abandoned:electrified":"contact_line","Source":null,"layer":null,"bridge":null,"railway:preferred_direction":null,"workrules":null,"railway:traffic_mode":null,"usage":null,"reporting_marks":null,"owner:wikipedia":null,"owner:wikidata":null,"owner":null,"operator:wikipedia":null,"operator:wikidata":null,"operator:short":null,"operator":"Vale","name":null,"maxspeed":null,"service":"spur","gauge":"1435","electrified":"no"},"geometry":{"type":"MultiLineString","coordinates":[[[-81.0605084,46.4871376],[-81.0609524,46.4862863],[-81.0610597,46.4861626],[-81.0612031,46.4860277],[-81.0614084,46.4858468],[-81.061533,46.4857303],[-81.0618093,46.4854976],[-81.0623901,46.4850323]]]}},
{"type":"Feature","properties":{"full_id":"w213980497","osm_id":"213980497","osm_type":"way","railway":"rail","covered":null,"tunnel":null,"railway:track_ref":null,"abandoned:electrified":"contact_line","Source":null,"layer":null,"bridge":null,"railway:preferred_direction":null,"workrules":null,"railway:traffic_mode":null,"usage":null,"reporting_marks":null,"owner:wikipedia":null,"owner:wikidata":null,"owner":null,"operator:wikipedia":null,"operator:wikidata":null,"operator:short":null,"operator":"Vale","name":null,"maxspeed":null,"service":"yard","gauge":"1435","electrified":"no"},"geometry":{"type":"MultiLineString","coordinates":[[[-81.0587731,46.4903268],[-81.0590668,46.4900794],[-81.0591634,46.4899631],[-81.0602899,46.488676],[-81.0604214,46.4884968],[-81.0605099,46.4883768],[-81.0606695,46.4880642]]]}},
{"type":"Feature","properties":{"full_id":"w213982639","osm_id":"213982639","osm_type":"way","railway":"rail","covered":null,"tunnel":null,"railway:track_ref":null,"abandoned:electrified":"contact_line","Source":null,"layer":null,"bridge":null,"railway:preferred_direction":null,"workrules":null,"railway:traffic_mode":null,"usage":null,"reporting_marks":null,"owner:wikipedia":null,"owner:wikidata":null,"owner":null,"operator:wikipedia":null,"operator:wikidata":null,"operator:short":null,"operator":"Vale","name":null,"maxspeed":null,"service":"spur","gauge":"1435","electrified":"no"},"geometry":{"type":"MultiLineString","coordinates":[[[-81.0597654,46.4763977],[-81.0597347,46.4763981],[-81.0594382,46.4763921],[-81.0592773,46.4763995],[-81.0590278,46.4764494],[-81.058871,46.4764846]]]}},
{"type":"Feature","properties":{"full_id":"w213982640","osm_id":"213982640","osm_type":"way","railway":"rail","covered":null,"tunnel":null,"railway:track_ref":null,"abandoned:electrified":"contact_line","Source":null,"layer":null,"bridge":null,"railway:preferred_direction":null,"workrules":null,"railway:traffic_mode":null,"usage":null,"reporting_marks":null,"owner:wikipedia":null,"owner:wikidata":null,"owner":null,"operator:wikipedia":null,"operator:wikidata":null,"operator:short":null,"operator":"Vale","name":null,"maxspeed":null,"service":"spur","gauge":"1435","electrified":"no"},"geometry":{"type":"MultiLineString","coordinates":[[[-81.0600712,46.476442],[-81.0597654,46.4763977],[-81.0597361,46.4763931],[-81.0595187,46.4763589],[-81.0592853,46.4763441],[-81.0587879,46.476322],[-81.0585987,46.4763367],[-81.0583601,46.4763774],[-81.0581509,46.4764494],[-81.0579658,46.4765103]]]}},
{"type":"Feature","properties":{"full_id":"w213982641","osm_id":"213982641","osm_type":"way","railway":"rail","covered":null,"tunnel":null,"railway:track_ref":null,"abandoned:electrified":"contact_line","Source":null,"layer":null,"bridge":null,"railway:preferred_direction":null,"workrules":null,"railway:traffic_mode":null,"usage":null,"reporting_marks":null,"owner:wikipedia":null,"owner:wikidata":null,"owner":null,"operator:wikipedia":null,"operator:wikidata":null,"operator:short":null,"operator":"Vale","name":null,"maxspeed":null,"service":"spur","gauge":"1435","electrified":"no"},"geometry":{"type":"MultiLineString","coordinates":[[[-81.0576614,46.4760542],[-81.0572791,46.4760763],[-81.0571276,46.4760948],[-81.0569774,46.4761207],[-81.0567896,46.4761817],[-81.0566394,46.4762445],[-81.0564536,46.4763528]]]}},
{"type":"Feature","properties":{"full_id":"w213982642","osm_id":"213982642","osm_type":"way","railway":"rail","covered":null,"tunnel":null,"railway:track_ref":null,"abandoned:electrified":"contact_line","Source":null,"layer":null,"bridge":null,"railway:preferred_direction":null,"workrules":null,"railway:traffic_mode":null,"usage":null,"reporting_marks":null,"owner:wikipedia":null,"owner:wikidata":null,"owner":null,"operator:wikipedia":null,"operator:wikidata":null,"operator:short":null,"operator":"Vale","name":null,"maxspeed":null,"service":"spur","gauge":"1435","electrified":"no"},"geometry":{"type":"MultiLineString","coordinates":[[[-81.0564959,46.4763847],[-81.0567293,46.4762536],[-81.0569895,46.4761612],[-81.0571638,46.4761225],[-81.0573972,46.4760874],[-81.0576614,46.4760542],[-81.0579577,46.4760393]]]}},
{"type":"Feature","properties":{"full_id":"w213982643","osm_id":"213982643","osm_type":"way","railway":"rail","covered":null,"tunnel":null,"railway:track_ref":null,"abandoned:electrified":"contact_line","Source":null,"layer":null,"bridge":null,"railway:preferred_direction":null,"workrules":null,"railway:traffic_mode":null,"usage":null,"reporting_marks":null,"owner:wikipedia":null,"owner:wikidata":null,"owner":null,"operator:wikipedia":null,"operator:wikidata":null,"operator:short":null,"operator":"Vale","name":null,"maxspeed":null,"service":"spur","gauge":"1435","electrified":"no"},"geometry":{"type":"MultiLineString","coordinates":[[[-81.0592853,46.4763441],[-81.0588213,46.4763515],[-81.0585411,46.476383],[-81.0583359,46.476442],[-81.0581965,46.4764956],[-81.0579966,46.4765973]]]}},
{"type":"Feature","properties":{"full_id":"w213982646","osm_id":"213982646","osm_type":"way","railway":"rail","covered":null,"tunnel":null,"railway:track_ref":null,"abandoned:electrified":"contact_line","Source":null,"layer":null,"bridge":null,"railway:preferred_direction":null,"workrules":null,"railway:traffic_mode":null,"usage":null,"reporting_marks":null,"owner:wikipedia":null,"owner:wikidata":null,"owner":null,"operator:wikipedia":null,"operator:wikidata":null,"operator:short":null,"operator":"Vale","name":null,"maxspeed":null,"service":"spur","gauge":"1435","electrified":"no"},"geometry":{"type":"MultiLineString","coordinates":[[[-81.0582354,46.4760505],[-81.0579403,46.4760597],[-81.0577083,46.4760929],[-81.0574656,46.476141],[-81.0572563,46.4762057],[-81.0570498,46.4762869],[-81.0569157,46.4763553],[-81.0567181,46.4764609]]]}},
{"type":"Feature","properties":{"full_id":"w213987781","osm_id":"213987781","osm_type":"way","railway":"rail","covered":null,"tunnel":null,"railway:track_ref":null,"abandoned:electrified":"contact_line","Source":null,"layer":null,"bridge":null,"railway:preferred_direction":null,"workrules":null,"railway:traffic_mode":null,"usage":null,"reporting_marks":null,"owner:wikipedia":null,"owner:wikidata":null,"owner":null,"operator:wikipedia":null,"operator:wikidata":null,"operator:short":null,"operator":"Vale","name":null,"maxspeed":null,"service":"spur","gauge":"1435","electrified":"no"},"geometry":{"type":"MultiLineString","coordinates":[[[-81.0568206,46.4823671],[-81.0567106,46.4828307],[-81.0565738,46.483479],[-81.0565416,46.4836784],[-81.0565416,46.4838169],[-81.0565787,46.4839851]]]}},
{"type":"Feature","properties":{"full_id":"w213990482","osm_id":"213990482","osm_type":"way","railway":"rail","covered":null,"tunnel":null,"railway:track_ref":null,"abandoned:electrified":null,"Source":null,"layer":null,"bridge":null,"railway:preferred_direction":null,"workrules":null,"railway:traffic_mode":null,"usage":null,"reporting_marks":null,"owner:wikipedia":null,"owner:wikidata":null,"owner":null,"operator:wikipedia":null,"operator:wikidata":null,"operator:short":null,"operator":"Vale","name":null,"maxspeed":null,"service":"siding","gauge":"1435","electrified":"no"},"geometry":{"type":"MultiLineString","coordinates":[[[-81.1764068,46.4612566],[-81.1756397,46.4616298],[-81.1753521,46.4617882],[-81.1750786,46.4620025],[-81.1747814,46.4622321],[-81.1745668,46.4624132],[-81.1742557,46.4627679],[-81.1738716,46.4632182],[-81.1734885,46.4636178]]]}},
{"type":"Feature","properties":{"full_id":"w220511088","osm_id":"220511088","osm_type":"way","railway":"rail","covered":null,"tunnel":null,"railway:track_ref":null,"abandoned:electrified":null,"Source":null,"layer":null,"bridge":null,"railway:preferred_direction":null,"workrules":null,"railway:traffic_mode":null,"usage":null,"reporting_marks":"CN","owner:wikipedia":"en:Canadian National Railway","owner:wikidata":"Q624798","owner":"Canadian National Railway","operator:wikipedia":"en:Canadian National Railway","operator:wikidata":"Q624798","operator:short":"CN","operator":"Canadian National Railway","name":null,"maxspeed":null,"service":"spur","gauge":"1435","electrified":"no"},"geometry":{"type":"MultiLineString","coordinates":[[[-80.9724648,46.5100515],[-80.9730444,46.5096446],[-80.9733444,46.5094135],[-80.9736421,46.5092067],[-80.9745514,46.5086049],[-80.9758818,46.507597],[-80.9769922,46.5067589],[-80.9782502,46.5058082],[-80.9789345,46.505275],[-80.9794147,46.5049262],[-80.9800473,46.5044568],[-80.9803293,46.5042135],[-80.9808282,46.5037631],[-80.9809618,46.503651],[-80.9814071,46.5032771],[-80.9818819,46.5028248],[-80.9821126,46.5026087],[-80.9822551,46.5024394],[-80.9824429,46.5021569],[-80.9828291,46.5015901],[-80.9832337,46.500984]]]}},
{"type":"Feature","properties":{"full_id":"w221473628","osm_id":"221473628","osm_type":"way","railway":"rail","covered":null,"tunnel":null,"railway:track_ref":null,"abandoned:electrified":null,"Source":null,"layer":null,"bridge":null,"railway:preferred_direction":null,"workrules":null,"railway:traffic_mode":null,"usage":null,"reporting_marks":"CN","owner:wikipedia":"en:Canadian National Railway","owner:wikidata":"Q624798","owner":"Canadian National Railway","operator:wikipedia":"en:Canadian National Railway","operator:wikidata":"Q624798","operator:short":"CN","operator":"Canadian National Railway","name":null,"maxspeed":null,"service":"siding","gauge":"1435","electrified":"no"},"geometry":{"type":"MultiLineString","coordinates":[[[-80.9736421,46.5092067],[-80.9736881,46.50915],[-80.9738214,46.5090153],[-80.9739748,46.5088604],[-80.9740756,46.5087596],[-80.9742057,46.5086294],[-80.9744659,46.5083839],[-80.9746671,46.5082141],[-80.9752572,46.5077341],[-80.9759867,46.5071544],[-80.9768316,46.5065341],[-80.9778616,46.505792],[-80.978168,46.5055551],[-80.9789798,46.504956],[-80.9794065,46.5046271],[-80.9798652,46.5043225],[-80.9802431,46.5040994],[-80.9806752,46.5038462],[-80.9809618,46.503651]]]}},
{"type":"Feature","properties":{"full_id":"w221473762","osm_id":"221473762","osm_type":"way","railway":"rail","covered":null,"tunnel":null,"railway:track_ref":null,"abandoned:electrified":null,"Source":null,"layer":null,"bridge":null,"railway:preferred_direction":null,"workrules":null,"railway:traffic_mode":null,"usage":null,"reporting_marks":"CN","owner:wikipedia":"en:Canadian National Railway","owner:wikidata":"Q624798","owner":"Canadian National Railway","operator:wikipedia":"en:Canadian National Railway","operator:wikidata":"Q624798","operator:short":"CN","operator":"Canadian National Railway","name":null,"maxspeed":null,"service":"siding","gauge":"1435","electrified":"no"},"geometry":{"type":"MultiLineString","coordinates":[[[-80.9738214,46.5090153],[-80.974305,46.5086811],[-80.9749112,46.5082251],[-80.9766409,46.5069184],[-80.9778348,46.5060025],[-80.9790847,46.5050739],[-80.9802058,46.5042209],[-80.9806752,46.5038462]]]}},
{"type":"Feature","properties":{"full_id":"w221473828","osm_id":"221473828","osm_type":"way","railway":"rail","covered":null,"tunnel":null,"railway:track_ref":null,"abandoned:electrified":null,"Source":null,"layer":null,"bridge":null,"railway:preferred_direction":null,"workrules":null,"railway:traffic_mode":null,"usage":null,"reporting_marks":"CN","owner:wikipedia":"en:Canadian National Railway","owner:wikidata":"Q624798","owner":"Canadian National Railway","operator:wikipedia":"en:Canadian National Railway","operator:wikidata":"Q624798","operator:short":"CN","operator":"Canadian National Railway","name":null,"maxspeed":null,"service":"siding","gauge":"1435","electrified":"no"},"geometry":{"type":"MultiLineString","coordinates":[[[-80.9740756,46.5087596],[-80.9744391,46.5084965],[-80.9751767,46.5079168],[-80.9764186,46.5069606],[-80.9778669,46.5058825],[-80.9788269,46.5051757],[-80.9796077,46.5045939],[-80.9802431,46.5040994]]]}},
{"type":"Feature","properties":{"full_id":"w224488912","osm_id":"224488912","osm_type":"way","railway":"rail","covered":null,"tunnel":null,"railway:track_ref":null,"abandoned:electrified":null,"Source":null,"layer":null,"bridge":null,"railway:preferred_direction":null,"workrules":null,"railway:traffic_mode":null,"usage":null,"reporting_marks":"CPKC","owner:wikipedia":null,"owner:wikidata":null,"owner":null,"operator:wikipedia":"en:Canadian Pacific Kansas City","operator:wikidata":"Q117706368","operator:short":null,"operator":"Canadian Pacific Kansas City","name":null,"maxspeed":null,"service":"yard","gauge":"1435","electrified":"no"},"geometry":{"type":"MultiLineString","coordinates":[[[-80.9935685,46.4878118],[-80.9932222,46.4876069],[-80.992868,46.4874035],[-80.9924837,46.487226],[-80.9902829,46.4862308],[-80.9898461,46.4860289],[-80.9891081,46.4856878],[-80.9876593,46.4850343],[-80.9871164,46.4848061],[-80.9869819,46.4847612],[-80.9867172,46.4846796]]]}},
{"type":"Feature","properties":{"full_id":"w224489103","osm_id":"224489103","osm_type":"way","railway":"rail","covered":null,"tunnel":null,"railway:track_ref":null,"abandoned:electrified":null,"Source":null,"layer":null,"bridge":null,"railway:preferred_direction":null,"workrules":null,"railway:traffic_mode":null,"usage":null,"reporting_marks":"CPKC","owner:wikipedia":null,"owner:wikidata":null,"owner":null,"operator:wikipedia":"en:Canadian Pacific Kansas City","operator:wikidata":"Q117706368","operator:short":null,"operator":"Canadian Pacific Kansas City","name":null,"maxspeed":null,"service":"yard","gauge":"1435","electrified":"no"},"geometry":{"type":"MultiLineString","coordinates":[[[-80.9870254,46.4848024],[-80.9872453,46.4849158],[-80.9873929,46.4849959],[-80.987441,46.4850213],[-80.9875176,46.4850618],[-80.98767,46.4851347],[-80.9900454,46.4862074],[-80.9928176,46.4874607],[-80.9932534,46.4876565],[-80.9935685,46.4878118]]]}},
{"type":"Feature","properties":{"full_id":"w224491180","osm_id":"224491180","osm_type":"way","railway":"rail","covered":null,"tunnel":null,"railway:track_ref":null,"abandoned:electrified":null,"Source":null,"layer":null,"bridge":null,"railway:preferred_direction":null,"workrules":null,"railway:traffic_mode":null,"usage":null,"reporting_marks":"CPKC","owner:wikipedia":null,"owner:wikidata":null,"owner":null,"operator:wikipedia":"en:Canadian Pacific Kansas City","operator:wikidata":"Q117706368","operator:short":null,"operator":"Canadian Pacific Kansas City","name":null,"maxspeed":null,"service":"yard","gauge":"1435","electrified":"no"},"geometry":{"type":"MultiLineString","coordinates":[[[-80.9932222,46.4876069],[-80.9929662,46.4874831],[-80.9919379,46.4870193],[-80.9897465,46.4860276],[-80.9883437,46.4853905],[-80.9875176,46.4850211],[-80.9870254,46.4848024],[-80.9867172,46.4846796],[-80.9865596,46.484623],[-80.98627,46.4845372],[-80.9860873,46.4844842],[-80.98588,46.4844316],[-80.9856823,46.4843896],[-80.9833968,46.4839464],[-80.9830526,46.4838821],[-80.982696,46.4838229],[-80.9823489,46.4837741],[-80.9819877,46.4837258],[-80.9815833,46.4836817],[-80.9812116,46.4836426],[-80.9808752,46.4836149],[-80.9805838,46.4835963],[-80.980289,46.4835843],[-80.9798706,46.4835713],[-80.9796464,46.4835689],[-80.9795597,46.4835696],[-80.9793861,46.483571],[-80.979147,46.4835821],[-80.9789157,46.4835983],[-80.978487,46.4836185]]]}},
{"type":"Feature","properties":{"full_id":"w224493662","osm_id":"224493662","osm_type":"way","railway":"rail","covered":null,"tunnel":null,"railway:track_ref":null,"abandoned:electrified":null,"Source":null,"layer":null,"bridge":null,"railway:preferred_direction":null,"workrules":null,"railway:traffic_mode":null,"usage":null,"reporting_marks":"CPKC","owner:wikipedia":null,"owner:wikidata":null,"owner":null,"operator:wikipedia":"en:Canadian Pacific Kansas City","operator:wikidata":"Q117706368","operator:short":null,"operator":"Canadian Pacific Kansas City","name":null,"maxspeed":null,"service":"yard","gauge":"1435","electrified":"no"},"geometry":{"type":"MultiLineString","coordinates":[[[-80.992868,46.4874035],[-80.9925869,46.4872428],[-80.9923273,46.4871101],[-80.9920302,46.4869746],[-80.990227,46.4861583],[-80.9891457,46.4856583],[-80.9877909,46.4850544],[-80.98748,46.4849265],[-80.9871164,46.4848061]]]}},
{"type":"Feature","properties":{"full_id":"w224493910","osm_id":"224493910","osm_type":"way","railway":"rail","covered":null,"tunnel":null,"railway:track_ref":null,"abandoned:electrified":null,"Source":null,"layer":null,"bridge":null,"railway:preferred_direction":null,"workrules":null,"railway:traffic_mode":null,"usage":null,"reporting_marks":"CPKC","owner:wikipedia":null,"owner:wikidata":null,"owner":null,"operator:wikipedia":"en:Canadian Pacific Kansas City","operator:wikidata":"Q117706368","operator:short":null,"operator":"Canadian Pacific Kansas City","name":null,"maxspeed":null,"service":"yard","gauge":"1435","electrified":"no"},"geometry":{"type":"MultiLineString","coordinates":[[[-80.9946609,46.4885094],[-80.9943728,46.4882592],[-80.994158,46.4881026],[-80.9939769,46.4879578],[-80.993757,46.4878043],[-80.9935881,46.4876965],[-80.9934263,46.4876011],[-80.9931859,46.4874695],[-80.992894,46.4873275],[-80.9925789,46.48718],[-80.9913156,46.4866075],[-80.9897545,46.4858928],[-80.9891886,46.4856324],[-80.9880587,46.4851266],[-80.9878743,46.485057],[-80.98748,46.4849265]]]}},
{"type":"Feature","properties":{"full_id":"w224494044","osm_id":"224494044","osm_type":"way","railway":"rail","covered":null,"tunnel":null,"railway:track_ref":null,"abandoned:electrified":null,"Source":null,"layer":null,"bridge":null,"railway:preferred_direction":null,"workrules":null,"railway:traffic_mode":null,"usage":null,"reporting_marks":"CPKC","owner:wikipedia":null,"owner:wikidata":null,"owner":null,"operator:wikipedia":"en:Canadian Pacific Kansas City","operator:wikidata":"Q117706368","operator:short":null,"operator":"Canadian Pacific Kansas City","name":null,"maxspeed":null,"service":"yard","gauge":"1435","electrified":"no"},"geometry":{"type":"MultiLineString","coordinates":[[[-80.9939769,46.4879578],[-80.9937576,46.4877731],[-80.9935281,46.4876159],[-80.9933104,46.4874859],[-80.9930436,46.4873499],[-80.9926755,46.4871763],[-80.9904063,46.486144],[-80.9892342,46.4856176],[-80.9880998,46.4850996],[-80.987879,46.4850056],[-80.9876745,46.4849231],[-80.9875015,46.4848596],[-80.9872856,46.4847848],[-80.9869631,46.4846986],[-80.9869063,46.4846848],[-80.9867247,46.4846317],[-80.986573,46.4845892],[-80.9864092,46.4845417],[-80.9862427,46.4844859],[-80.9860588,46.4844344],[-80.985877,46.4843883],[-80.9857013,46.4843491],[-80.9834382,46.4839147],[-80.9830384,46.4838411],[-80.9826495,46.4837783],[-80.9822831,46.4837252],[-80.9819125,46.4836792],[-80.9815611,46.4836391],[-80.9812217,46.4836049],[-80.9809034,46.4835776],[-80.9806935,46.483562],[-80.9804994,46.4835536],[-80.9803181,46.4835512],[-80.9799717,46.4835595],[-80.9796464,46.4835689]]]}},
{"type":"Feature","properties":{"full_id":"w224494090","osm_id":"224494090","osm_type":"way","railway":"rail","covered":null,"tunnel":null,"railway:track_ref":null,"abandoned:electrified":null,"Source":null,"layer":null,"bridge":null,"railway:preferred_direction":null,"workrules":null,"railway:traffic_mode":null,"usage":null,"reporting_marks":"CPKC","owner:wikipedia":null,"owner:wikidata":null,"owner":null,"operator:wikipedia":"en:Canadian Pacific Kansas City","operator:wikidata":"Q117706368","operator:short":null,"operator":"Canadian Pacific Kansas City","name":null,"maxspeed":null,"service":"yard","gauge":"1435","electrified":"no"},"geometry":{"type":"MultiLineString","coordinates":[[[-80.9937576,46.4877731],[-80.9935366,46.4875859],[-80.9933367,46.4874679],[-80.9931338,46.4873534],[-80.9929569,46.4872619],[-80.992772,46.4871745],[-80.9912995,46.4865078],[-80.9891913,46.4855604],[-80.9882105,46.4851122],[-80.9880172,46.4850291],[-80.9876298,46.4848792],[-80.9872856,46.4847848]]]}},
{"type":"Feature","properties":{"full_id":"w224496986","osm_id":"224496986","osm_type":"way","railway":"rail","covered":null,"tunnel":null,"railway:track_ref":null,"abandoned:electrified":null,"Source":null,"layer":null,"bridge":null,"railway:preferred_direction":null,"workrules":null,"railway:traffic_mode":null,"usage":null,"reporting_marks":"CPKC","owner:wikipedia":null,"owner:wikidata":null,"owner":null,"operator:wikipedia":"en:Canadian Pacific Kansas City","operator:wikidata":"Q117706368","operator:short":null,"operator":"Canadian Pacific Kansas City","name":null,"maxspeed":null,"service":"yard","gauge":"1435","electrified":"no"},"geometry":{"type":"MultiLineString","coordinates":[[[-80.9935366,46.4875859],[-80.9933617,46.4874583],[-80.9931848,46.4873405],[-80.9930174,46.4872504],[-80.9927893,46.4871391],[-80.9924881,46.4870078],[-80.989145,46.4854953],[-80.9882029,46.4850708],[-80.9880393,46.4850057],[-80.9878595,46.4849453],[-80.9876298,46.4848792]]]}},
{"type":"Feature","properties":{"full_id":"w224497001","osm_id":"224497001","osm_type":"way","railway":"rail","covered":null,"tunnel":null,"railway:track_ref":null,"abandoned:electrified":null,"Source":null,"layer":null,"bridge":null,"railway:preferred_direction":null,"workrules":null,"railway:traffic_mode":null,"usage":null,"reporting_marks":"CPKC","owner:wikipedia":null,"owner:wikidata":null,"owner":null,"operator:wikipedia":"en:Canadian Pacific Kansas City","operator:wikidata":"Q117706368","operator:short":null,"operator":"Canadian Pacific Kansas City","name":null,"maxspeed":null,"service":"yard","gauge":"1435","electrified":"no"},"geometry":{"type":"MultiLineString","coordinates":[[[-80.9943728,46.4882592],[-80.9941634,46.4880666],[-80.993949,46.4878587],[-80.9937549,46.4876636],[-80.9935568,46.4874955],[-80.9934148,46.4873962],[-80.9931476,46.487262],[-80.9928844,46.4871431],[-80.9891966,46.4854662],[-80.9885104,46.4851583],[-80.9882153,46.4850293],[-80.9879243,46.4849165],[-80.9877363,46.4848613],[-80.9875154,46.4848042]]]}},
{"type":"Feature","properties":{"full_id":"w224497093","osm_id":"224497093","osm_type":"way","railway":"rail","covered":null,"tunnel":null,"railway:track_ref":null,"abandoned:electrified":null,"Source":null,"layer":null,"bridge":null,"railway:preferred_direction":null,"workrules":null,"railway:traffic_mode":null,"usage":null,"reporting_marks":"CPKC","owner:wikipedia":null,"owner:wikidata":null,"owner":null,"operator:wikipedia":"en:Canadian Pacific Kansas City","operator:wikidata":"Q117706368","operator:short":null,"operator":"Canadian Pacific Kansas City","name":null,"maxspeed":null,"service":"yard","gauge":"1435","electrified":"no"},"geometry":{"type":"MultiLineString","coordinates":[[[-80.9934148,46.4873962],[-80.9930925,46.4872025],[-80.9927483,46.4870355],[-80.9924612,46.4869058],[-80.9892212,46.4854343],[-80.9886762,46.4851855],[-80.9882718,46.4850213],[-80.9879243,46.4849165]]]}},
{"type":"Feature","properties":{"full_id":"w224497206","osm_id":"224497206","osm_type":"way","railway":"rail","covered":null,"tunnel":null,"railway:track_ref":null,"abandoned:electrified":null,"Source":null,"layer":null,"bridge":null,"railway:preferred_direction":null,"workrules":null,"railway:traffic_mode":null,"usage":null,"reporting_marks":"CPKC","owner:wikipedia":null,"owner:wikidata":null,"owner":null,"operator:wikipedia":"en:Canadian Pacific Kansas City","operator:wikidata":"Q117706368","operator:short":null,"operator":"Canadian Pacific Kansas City","name":null,"maxspeed":null,"service":"yard","gauge":"1435","electrified":"no"},"geometry":{"type":"MultiLineString","coordinates":[[[-80.9930925,46.4872025],[-80.9928136,46.4870328],[-80.9924611,46.4868668],[-80.9916079,46.4864819],[-80.9901048,46.4857982],[-80.989218,46.4853911],[-80.9889011,46.4852515],[-80.988586,46.4851233],[-80.9882718,46.4850213]]]}},
{"type":"Feature","properties":{"full_id":"w224497221","osm_id":"224497221","osm_type":"way","railway":"rail","covered":null,"tunnel":null,"railway:track_ref":null,"abandoned:electrified":null,"Source":null,"layer":null,"bridge":null,"railway:preferred_direction":null,"workrules":null,"railway:traffic_mode":null,"usage":null,"reporting_marks":"CPKC","owner:wikipedia":null,"owner:wikidata":null,"owner":null,"operator:wikipedia":"en:Canadian Pacific Kansas City","operator:wikidata":"Q117706368","operator:short":null,"operator":"Canadian Pacific Kansas City","name":null,"maxspeed":null,"service":"yard","gauge":"1435","electrified":"no"},"geometry":{"type":"MultiLineString","coordinates":[[[-80.9928136,46.4870328],[-80.992485,46.4868328],[-80.9922275,46.4867146],[-80.989424,46.485443],[-80.9892039,46.4853444],[-80.9890363,46.4852766],[-80.988586,46.4851233]]]}},
{"type":"Feature","properties":{"full_id":"w224497340","osm_id":"224497340","osm_type":"way","railway":"rail","covered":null,"tunnel":null,"railway:track_ref":null,"abandoned:electrified":null,"Source":null,"layer":null,"bridge":null,"railway:preferred_direction":null,"workrules":null,"railway:traffic_mode":null,"usage":null,"reporting_marks":"CPKC","owner:wikipedia":null,"owner:wikidata":null,"owner":null,"operator:wikipedia":"en:Canadian Pacific Kansas City","operator:wikidata":"Q117706368","operator:short":null,"operator":"Canadian Pacific Kansas City","name":null,"maxspeed":null,"service":"yard","gauge":"1435","electrified":"no"},"geometry":{"type":"MultiLineString","coordinates":[[[-80.9937549,46.4876636],[-80.9935446,46.4874503],[-80.9934031,46.4873345],[-80.9932033,46.4871836],[-80.9929956,46.4870514],[-80.9927987,46.4869309],[-80.992611,46.4868204],[-80.9923952,46.486699],[-80.9921313,46.4865586],[-80.9916898,46.4863483],[-80.9899734,46.4855653],[-80.9896436,46.4854216],[-80.9892258,46.4852624],[-80.9888867,46.4851458],[-80.9885863,46.4850488],[-80.9882575,46.4849512],[-80.9879782,46.4848897],[-80.9875154,46.4848042],[-80.9872946,46.4847652],[-80.9869631,46.4846986]]]}},
{"type":"Feature","properties":{"full_id":"w224497354","osm_id":"224497354","osm_type":"way","railway":"rail","covered":null,"tunnel":null,"railway:track_ref":null,"abandoned:electrified":null,"Source":null,"layer":null,"bridge":null,"railway:preferred_direction":null,"workrules":null,"railway:traffic_mode":null,"usage":null,"reporting_marks":"CPKC","owner:wikipedia":null,"owner:wikidata":null,"owner":null,"operator:wikipedia":"en:Canadian Pacific Kansas City","operator:wikidata":"Q117706368","operator:short":null,"operator":"Canadian Pacific Kansas City","name":null,"maxspeed":null,"service":"yard","gauge":"1435","electrified":"no"},"geometry":{"type":"MultiLineString","coordinates":[[[-80.9935446,46.4874503],[-80.9933603,46.487266],[-80.9931371,46.4870885],[-80.9929342,46.4869532],[-80.9926406,46.4867774],[-80.9922977,46.4865997],[-80.9916562,46.4862917],[-80.9904144,46.4857229],[-80.9897797,46.4854339],[-80.9896141,46.4853627],[-80.989425,46.4852884],[-80.9892237,46.4852175],[-80.988995,46.4851412],[-80.9886463,46.4850341],[-80.9883898,46.484965],[-80.9879782,46.4848897]]]}},
{"type":"Feature","properties":{"full_id":"w224497383","osm_id":"224497383","osm_type":"way","railway":"rail","covered":null,"tunnel":null,"railway:track_ref":null,"abandoned:electrified":null,"Source":null,"layer":null,"bridge":null,"railway:preferred_direction":null,"workrules":null,"railway:traffic_mode":null,"usage":null,"reporting_marks":"CPKC","owner:wikipedia":null,"owner:wikidata":null,"owner":null,"operator:wikipedia":"en:Canadian Pacific Kansas City","operator:wikidata":"Q117706368","operator:short":null,"operator":"Canadian Pacific Kansas City","name":null,"maxspeed":null,"service":"yard","gauge":"1435","electrified":"no"},"geometry":{"type":"MultiLineString","coordinates":[[[-80.9933603,46.487266],[-80.9931526,46.4870621],[-80.9929014,46.4868807],[-80.9926578,46.4867337],[-80.9922487,46.4865195],[-80.991219,46.4860442],[-80.9902196,46.485588],[-80.9898961,46.4854399],[-80.9896528,46.4853378],[-80.9894383,46.4852525],[-80.9892258,46.4851769],[-80.9889589,46.4850915],[-80.9887276,46.4850301],[-80.9883898,46.484965]]]}},
{"type":"Feature","properties":{"full_id":"w224497437","osm_id":"224497437","osm_type":"way","railway":"rail","covered":null,"tunnel":null,"railway:track_ref":null,"abandoned:electrified":null,"Source":null,"layer":null,"bridge":null,"railway:preferred_direction":null,"workrules":null,"railway:traffic_mode":null,"usage":null,"reporting_marks":"CPKC","owner:wikipedia":null,"owner:wikidata":null,"owner":null,"operator:wikipedia":"en:Canadian Pacific Kansas City","operator:wikidata":"Q117706368","operator:short":null,"operator":"Canadian Pacific Kansas City","name":null,"maxspeed":null,"service":"yard","gauge":"1435","electrified":"no"},"geometry":{"type":"MultiLineString","coordinates":[[[-80.9931526,46.4870621],[-80.992927,46.4868611],[-80.9927328,46.4867284],[-80.9925544,46.4866222],[-80.9923561,46.4865199],[-80.9906987,46.4857617],[-80.9898344,46.485375],[-80.9895955,46.4852741],[-80.9892483,46.4851529],[-80.9890682,46.4851005],[-80.9887276,46.4850301]]]}},
{"type":"Feature","properties":{"full_id":"w224497475","osm_id":"224497475","osm_type":"way","railway":"rail","covered":null,"tunnel":null,"railway:track_ref":null,"abandoned:electrified":null,"Source":null,"layer":null,"bridge":null,"railway:preferred_direction":null,"workrules":null,"railway:traffic_mode":null,"usage":null,"reporting_marks":"CPKC","owner:wikipedia":null,"owner:wikidata":null,"owner":null,"operator:wikipedia":"en:Canadian Pacific Kansas City","operator:wikidata":"Q117706368","operator:short":null,"operator":"Canadian Pacific Kansas City","name":null,"maxspeed":null,"service":"yard","gauge":"1435","electrified":"no"},"geometry":{"type":"MultiLineString","coordinates":[[[-80.992927,46.4868611],[-80.9926249,46.4866177],[-80.9923527,46.4864567],[-80.9921364,46.4863533],[-80.9913746,46.486011],[-80.9907837,46.4857504],[-80.9899866,46.4853899],[-80.9897627,46.4852997],[-80.9895103,46.4852055],[-80.9890682,46.4851005]]]}},
{"type":"Feature","properties":{"full_id":"w226704583","osm_id":"226704583","osm_type":"way","railway":"rail","covered":null,"tunnel":null,"railway:track_ref":null,"abandoned:electrified":null,"Source":null,"layer":null,"bridge":null,"railway:preferred_direction":null,"workrules":null,"railway:traffic_mode":null,"usage":null,"reporting_marks":null,"owner:wikipedia":null,"owner:wikidata":null,"owner":null,"operator:wikipedia":null,"operator:wikidata":null,"operator:short":null,"operator":null,"name":null,"maxspeed":null,"service":"spur","gauge":"1435","electrified":"no"},"geometry":{"type":"MultiLineString","coordinates":[[[-81.0304347,46.4694992],[-81.0309763,46.4693339],[-81.0312372,46.4692452],[-81.0315004,46.4691454],[-81.0316901,46.4690578],[-81.0318542,46.4689709],[-81.0320359,46.4688669],[-81.0321866,46.4687837],[-81.0323453,46.4687002],[-81.0325297,46.4686262],[-81.0327339,46.4685727],[-81.0330748,46.4685081],[-81.0338741,46.4683621]]]}},
{"type":"Feature","properties":{"full_id":"w226746696","osm_id":"226746696","osm_type":"way","railway":"rail","covered":null,"tunnel":null,"railway:track_ref":null,"abandoned:electrified":null,"Source":null,"layer":null,"bridge":null,"railway:preferred_direction":null,"workrules":null,"railway:traffic_mode":null,"usage":null,"reporting_marks":null,"owner:wikipedia":null,"owner:wikidata":null,"owner":null,"operator:wikipedia":null,"operator:wikidata":null,"operator:short":null,"operator":null,"name":null,"maxspeed":null,"service":"spur","gauge":"1435","electrified":"no"},"geometry":{"type":"MultiLineString","coordinates":[[[-81.0574542,46.4656817],[-81.0571168,46.4657983],[-81.056866,46.4658792],[-81.0560024,46.4661491],[-81.0547042,46.4665812],[-81.05391,46.4668325],[-81.0536954,46.4668842],[-81.0534194,46.4669433],[-81.053175,46.4669766],[-81.0528639,46.4670117],[-81.0525796,46.4670283],[-81.0523704,46.4670265],[-81.0520565,46.4670061],[-81.0518125,46.4669766],[-81.051515,46.4669267],[-81.0512787,46.4668768],[-81.0508817,46.4667844],[-81.0505306,46.4666995],[-81.0501498,46.4666108],[-81.0497421,46.466524],[-81.0491034,46.4663872],[-81.0482856,46.4661933],[-81.0481405,46.4661656],[-81.0479689,46.4661452],[-81.0477865,46.4661341],[-81.047489,46.4661323],[-81.0472771,46.4661323],[-81.0470008,46.4661489],[-81.0468584,46.4661674],[-81.0467029,46.466197],[-81.0464564,46.4662468],[-81.0462388,46.4663152],[-81.0458824,46.4664482],[-81.0456919,46.4665147],[-81.0454208,46.4665979],[-81.0452062,46.4666496],[-81.044895,46.4667106],[-81.0446215,46.4667493],[-81.0444018,46.4667623],[-81.0441735,46.4667493],[-81.0439509,46.4667235],[-81.0436615,46.4666828],[-81.0433852,46.4666311],[-81.0432026,46.4665868],[-81.0429585,46.4665092],[-81.042752,46.466426],[-81.0425189,46.4663078],[-81.0423284,46.4661914],[-81.0421538,46.4660676],[-81.0420468,46.465966],[-81.0419151,46.4658219],[-81.0418135,46.4656834],[-81.0417223,46.4654875],[-81.0416067,46.4653527],[-81.0414594,46.4652086],[-81.0413009,46.4650774],[-81.0410893,46.4649333],[-81.0409012,46.4648095],[-81.0406813,46.4646968],[-81.040408,46.4645712],[-81.0398525,46.4643125],[-81.0396543,46.4642294],[-81.0395038,46.4641684],[-81.0393701,46.4641149],[-81.039319,46.4640945],[-81.0390264,46.46398],[-81.0386594,46.4638416],[-81.0384871,46.4637767],[-81.0382118,46.4636771],[-81.0378679,46.4635643]]]}},
{"type":"Feature","properties":{"full_id":"w226753527","osm_id":"226753527","osm_type":"way","railway":"rail","covered":null,"tunnel":null,"railway:track_ref":null,"abandoned:electrified":null,"Source":null,"layer":null,"bridge":null,"railway:preferred_direction":null,"workrules":null,"railway:traffic_mode":null,"usage":null,"reporting_marks":null,"owner:wikipedia":null,"owner:wikidata":null,"owner":null,"operator:wikipedia":null,"operator:wikidata":null,"operator:short":null,"operator":null,"name":null,"maxspeed":null,"service":"spur","gauge":"1435","electrified":"no"},"geometry":{"type":"MultiLineString","coordinates":[[[-81.0393701,46.4641149],[-81.0392117,46.464028],[-81.0390213,46.4639356],[-81.0386859,46.463811],[-81.0384741,46.4637324],[-81.0378894,46.463531]]]}},
{"type":"Feature","properties":{"full_id":"w228523464","osm_id":"228523464","osm_type":"way","railway":"rail","covered":null,"tunnel":null,"railway:track_ref":null,"abandoned:electrified":"contact_line","Source":null,"layer":null,"bridge":null,"railway:preferred_direction":null,"workrules":null,"railway:traffic_mode":null,"usage":"branch","reporting_marks":null,"owner:wikipedia":null,"owner:wikidata":null,"owner":null,"operator:wikipedia":null,"operator:wikidata":null,"operator:short":null,"operator":"Vale","name":null,"maxspeed":null,"service":null,"gauge":"1435","electrified":"no"},"geometry":{"type":"MultiLineString","coordinates":[[[-81.085283,46.4564572],[-81.0848726,46.4568582],[-81.084034,46.4576555],[-81.0831936,46.4584768],[-81.0822852,46.4593591],[-81.0814618,46.4601518],[-81.0811024,46.4604806],[-81.0808305,46.4606774],[-81.080464,46.460889],[-81.0802324,46.4610081],[-81.0798891,46.4611504],[-81.0796316,46.4612465],[-81.0793312,46.4613333],[-81.0791175,46.4613897],[-81.0788242,46.4614553],[-81.0783424,46.4615319],[-81.0773222,46.4616955],[-81.0768403,46.4617684],[-81.0759744,46.4618843],[-81.0749977,46.4620419],[-81.0746356,46.4620973],[-81.074303,46.4621343],[-81.0740053,46.4621287],[-81.0734706,46.4621019],[-81.0723145,46.4620447],[-81.0712453,46.4619809],[-81.0701536,46.4619347],[-81.0687955,46.4619079],[-81.0678808,46.4618932],[-81.065904,46.4618544],[-81.0655822,46.4618507],[-81.0652908,46.4618627],[-81.0649957,46.4618996],[-81.0646658,46.461955],[-81.064351,46.4620262],[-81.0640533,46.4621167],[-81.0635705,46.4623163],[-81.0632951,46.4624762],[-81.0629197,46.462707],[-81.0626863,46.462901],[-81.0624771,46.4631153],[-81.0621874,46.4635329],[-81.0617797,46.4640908]]]}},
{"type":"Feature","properties":{"full_id":"w229203197","osm_id":"229203197","osm_type":"way","railway":"rail","covered":null,"tunnel":null,"railway:track_ref":null,"abandoned:electrified":"contact_line","Source":null,"layer":null,"bridge":null,"railway:preferred_direction":null,"workrules":null,"railway:traffic_mode":null,"usage":null,"reporting_marks":null,"owner:wikipedia":null,"owner:wikidata":null,"owner":null,"operator:wikipedia":null,"operator:wikidata":null,"operator:short":null,"operator":"Vale","name":null,"maxspeed":null,"service":"spur","gauge":"1435","electrified":"no"},"geometry":{"type":"MultiLineString","coordinates":[[[-81.0596832,46.4763297],[-81.0594892,46.4762332],[-81.059445,46.476207],[-81.0593739,46.4761648],[-81.0591271,46.4759893],[-81.058933,46.4758225],[-81.0587167,46.4756365],[-81.058309,46.4752911],[-81.0581293,46.4751526],[-81.0577806,46.4749531],[-81.057448,46.4747961],[-81.0568259,46.4745486],[-81.0562491,46.474386],[-81.0548436,46.4740646],[-81.0546008,46.4740013],[-81.0543166,46.4739272],[-81.0540385,46.4738548],[-81.0536742,46.4737598],[-81.0533819,46.4737118],[-81.0531835,46.4737229],[-81.0529956,46.4737598],[-81.0526549,46.4738743],[-81.0524162,46.4739464],[-81.0520943,46.474035],[-81.0515364,46.4741773],[-81.0512174,46.4742308],[-81.0510189,46.4742475],[-81.0507264,46.4742419],[-81.0504342,46.4742087],[-81.0501096,46.4741422],[-81.0498601,46.4740664],[-81.0493935,46.4738596]]]}},
{"type":"Feature","properties":{"full_id":"w229203444","osm_id":"229203444","osm_type":"way","railway":"rail","covered":null,"tunnel":null,"railway:track_ref":null,"abandoned:electrified":"contact_line","Source":null,"layer":null,"bridge":null,"railway:preferred_direction":null,"workrules":null,"railway:traffic_mode":null,"usage":null,"reporting_marks":null,"owner:wikipedia":null,"owner:wikidata":null,"owner":null,"operator:wikipedia":null,"operator:wikidata":null,"operator:short":null,"operator":"Vale","name":null,"maxspeed":null,"service":"spur","gauge":"1435","electrified":"no"},"geometry":{"type":"MultiLineString","coordinates":[[[-81.0536742,46.4737598],[-81.0534544,46.4737487],[-81.0532344,46.4737598],[-81.0530198,46.4738004],[-81.0527086,46.4739076],[-81.052443,46.4739796],[-81.0519657,46.4741071],[-81.0514238,46.4742345],[-81.051177,46.4742715],[-81.0509383,46.4742826],[-81.0505843,46.4742659],[-81.0503376,46.4742234],[-81.0502007,46.4741976],[-81.0498601,46.4740664]]]}},
{"type":"Feature","properties":{"full_id":"w229203533","osm_id":"229203533","osm_type":"way","railway":"rail","covered":null,"tunnel":null,"railway:track_ref":null,"abandoned:electrified":"contact_line","Source":null,"layer":null,"bridge":null,"railway:preferred_direction":null,"workrules":null,"railway:traffic_mode":null,"usage":null,"reporting_marks":null,"owner:wikipedia":null,"owner:wikidata":null,"owner":null,"operator:wikipedia":null,"operator:wikidata":null,"operator:short":null,"operator":"Vale","name":null,"maxspeed":null,"service":"spur","gauge":"1435","electrified":"no"},"geometry":{"type":"MultiLineString","coordinates":[[[-81.0540385,46.4738548],[-81.053709,46.4738171],[-81.0535321,46.4738078],[-81.0533202,46.4738189],[-81.052985,46.473891],[-81.0524995,46.4740055],[-81.0515391,46.4742438],[-81.0511986,46.4742992],[-81.0509195,46.4743177],[-81.0506164,46.4742973],[-81.0503651,46.4742549],[-81.0502007,46.4741976]]]}},
{"type":"Feature","properties":{"full_id":"w229203875","osm_id":"229203875","osm_type":"way","railway":"rail","covered":null,"tunnel":null,"railway:track_ref":null,"abandoned:electrified":"contact_line","Source":null,"layer":null,"bridge":null,"railway:preferred_direction":null,"workrules":null,"railway:traffic_mode":null,"usage":null,"reporting_marks":null,"owner:wikipedia":null,"owner:wikidata":null,"owner":null,"operator:wikipedia":null,"operator:wikidata":null,"operator:short":null,"operator":"Vale","name":null,"maxspeed":null,"service":"spur","gauge":"1435","electrified":"no"},"geometry":{"type":"MultiLineString","coordinates":[[[-81.0543166,46.4739272],[-81.053988,46.4738873],[-81.0537762,46.4738725],[-81.0535858,46.4738725],[-81.053296,46.4739002],[-81.0530493,46.4739464],[-81.0528941,46.4739832]]]}},
{"type":"Feature","properties":{"full_id":"w229204485","osm_id":"229204485","osm_type":"way","railway":"rail","covered":null,"tunnel":null,"railway:track_ref":null,"abandoned:electrified":"contact_line","Source":null,"layer":null,"bridge":null,"railway:preferred_direction":null,"workrules":null,"railway:traffic_mode":null,"usage":null,"reporting_marks":null,"owner:wikipedia":null,"owner:wikidata":null,"owner":null,"operator:wikipedia":null,"operator:wikidata":null,"operator:short":null,"operator":"Vale","name":null,"maxspeed":null,"service":"spur","gauge":"1435","electrified":"no"},"geometry":{"type":"MultiLineString","coordinates":[[[-81.0521471,46.4741553],[-81.0514105,46.4743324],[-81.0511477,46.4743583],[-81.0507827,46.4743472],[-81.050512,46.4743066],[-81.0503651,46.4742549]]]}},
{"type":"Feature","properties":{"full_id":"w229204554","osm_id":"229204554","osm_type":"way","railway":"rail","covered":null,"tunnel":null,"railway:track_ref":null,"abandoned:electrified":"contact_line","Source":null,"layer":null,"bridge":null,"railway:preferred_direction":null,"workrules":null,"railway:traffic_mode":null,"usage":null,"reporting_marks":null,"owner:wikipedia":null,"owner:wikidata":null,"owner":null,"operator:wikipedia":null,"operator:wikidata":null,"operator:short":null,"operator":"Vale","name":null,"maxspeed":null,"service":"spur","gauge":"1435","electrified":"no"},"geometry":{"type":"MultiLineString","coordinates":[[[-81.0546008,46.4740013],[-81.0542321,46.4739501],[-81.0540015,46.4739316],[-81.0538136,46.4739326],[-81.0536768,46.4739334],[-81.0534892,46.4739501],[-81.0531189,46.474011],[-81.0529286,46.4740541]]]}},
{"type":"Feature","properties":{"full_id":"w229204600","osm_id":"229204600","osm_type":"way","railway":"rail","covered":null,"tunnel":null,"railway:track_ref":null,"abandoned:electrified":"contact_line","Source":null,"layer":null,"bridge":null,"railway:preferred_direction":null,"workrules":null,"railway:traffic_mode":null,"usage":null,"reporting_marks":null,"owner:wikipedia":null,"owner:wikidata":null,"owner":null,"operator:wikipedia":null,"operator:wikidata":null,"operator:short":null,"operator":"Vale","name":null,"maxspeed":null,"service":"spur","gauge":"1435","electrified":"no"},"geometry":{"type":"MultiLineString","coordinates":[[[-81.0521836,46.4742301],[-81.0519148,46.4742939],[-81.051464,46.4744008],[-81.0512682,46.4744248],[-81.0510538,46.4744193],[-81.0508904,46.4743987],[-81.0506997,46.4743564],[-81.050512,46.4743066]]]}},
{"type":"Feature","properties":{"full_id":"w229273965","osm_id":"229273965","osm_type":"way","railway":"rail","covered":null,"tunnel":null,"railway:track_ref":null,"abandoned:electrified":"contact_line","Source":null,"layer":null,"bridge":null,"railway:preferred_direction":null,"workrules":null,"railway:traffic_mode":null,"usage":null,"reporting_marks":null,"owner:wikipedia":null,"owner:wikidata":null,"owner":null,"operator:wikipedia":null,"operator:wikidata":null,"operator:short":null,"operator":"Vale","name":null,"maxspeed":null,"service":"spur","gauge":"1435","electrified":"no"},"geometry":{"type":"MultiLineString","coordinates":[[[-81.058933,46.4758225],[-81.0587661,46.4757196],[-81.05865,46.4756481],[-81.0580488,46.4752672],[-81.0576518,46.4750326],[-81.0574028,46.4748981],[-81.0570752,46.4747389]]]}},
{"type":"Feature","properties":{"full_id":"w229274024","osm_id":"229274024","osm_type":"way","railway":"rail","covered":null,"tunnel":null,"railway:track_ref":null,"abandoned:electrified":"contact_line","Source":null,"layer":null,"bridge":null,"railway:preferred_direction":null,"workrules":null,"railway:traffic_mode":null,"usage":null,"reporting_marks":null,"owner:wikipedia":null,"owner:wikidata":null,"owner":null,"operator:wikipedia":null,"operator:wikidata":null,"operator:short":null,"operator":"Vale","name":null,"maxspeed":null,"service":"spur","gauge":"1435","electrified":"no"},"geometry":{"type":"MultiLineString","coordinates":[[[-81.0587661,46.4757196],[-81.0584163,46.475548],[-81.0577998,46.4752214],[-81.0570028,46.4747999]]]}},
{"type":"Feature","properties":{"full_id":"w229274146","osm_id":"229274146","osm_type":"way","railway":"rail","covered":null,"tunnel":null,"railway:track_ref":null,"abandoned:electrified":"contact_line","Source":null,"layer":null,"bridge":null,"railway:preferred_direction":null,"workrules":null,"railway:traffic_mode":null,"usage":null,"reporting_marks":null,"owner:wikipedia":null,"owner:wikidata":null,"owner":null,"operator:wikipedia":null,"operator:wikidata":null,"operator:short":null,"operator":"Vale","name":null,"maxspeed":null,"service":"spur","gauge":"1435","electrified":"no"},"geometry":{"type":"MultiLineString","coordinates":[[[-81.0584163,46.475548],[-81.0579822,46.4753932],[-81.0578128,46.4753189],[-81.0574507,46.475125],[-81.0569357,46.4748479]]]}},
{"type":"Feature","properties":{"full_id":"w229274257","osm_id":"229274257","osm_type":"way","railway":"rail","covered":null,"tunnel":null,"railway:track_ref":null,"abandoned:electrified":"contact_line","Source":null,"layer":null,"bridge":null,"railway:preferred_direction":null,"workrules":null,"railway:traffic_mode":null,"usage":null,"reporting_marks":null,"owner:wikipedia":null,"owner:wikidata":null,"owner":null,"operator:wikipedia":null,"operator:wikidata":null,"operator:short":null,"operator":"Vale","name":null,"maxspeed":null,"service":"spur","gauge":"1435","electrified":"no"},"geometry":{"type":"MultiLineString","coordinates":[[[-81.059445,46.476207],[-81.0593557,46.4761663],[-81.05895,46.4759811],[-81.0585696,46.4758162],[-81.0583653,46.4757512],[-81.0581615,46.4757087],[-81.057832,46.4756739],[-81.0575101,46.4756536],[-81.0570675,46.4756481],[-81.056705,46.4756329],[-81.0560188,46.4756001],[-81.05582,46.4755886]]]}},
{"type":"Feature","properties":{"full_id":"w229274422","osm_id":"229274422","osm_type":"way","railway":"rail","covered":null,"tunnel":null,"railway:track_ref":null,"abandoned:electrified":"contact_line","Source":null,"layer":null,"bridge":null,"railway:preferred_direction":null,"workrules":null,"railway:traffic_mode":null,"usage":null,"reporting_marks":null,"owner:wikipedia":null,"owner:wikidata":null,"owner":null,"operator:wikipedia":null,"operator:wikidata":null,"operator:short":null,"operator":"Vale","name":null,"maxspeed":null,"service":"spur","gauge":"1435","electrified":"no"},"geometry":{"type":"MultiLineString","coordinates":[[[-81.05895,46.4759811],[-81.0587975,46.4759344],[-81.0586044,46.4758753],[-81.0583979,46.4758236],[-81.0581726,46.4757903],[-81.0579308,46.4757678],[-81.0576036,46.4757493],[-81.0561878,46.4756887],[-81.056048,46.4756865],[-81.0559515,46.475692],[-81.0558203,46.4757053],[-81.0556671,46.4757345],[-81.0555196,46.4757752],[-81.0552704,46.4758679]]]}},
{"type":"Feature","properties":{"full_id":"w229274539","osm_id":"229274539","osm_type":"way","railway":"rail","covered":null,"tunnel":null,"railway:track_ref":null,"abandoned:electrified":"contact_line","Source":null,"layer":null,"bridge":null,"railway:preferred_direction":null,"workrules":null,"railway:traffic_mode":null,"usage":null,"reporting_marks":null,"owner:wikipedia":null,"owner:wikidata":null,"owner":null,"operator:wikipedia":null,"operator:wikidata":null,"operator:short":null,"operator":"Vale","name":null,"maxspeed":null,"service":"spur","gauge":"1435","electrified":"no"},"geometry":{"type":"MultiLineString","coordinates":[[[-81.0583979,46.4758236],[-81.0581485,46.4757534],[-81.0580381,46.4757345],[-81.0578534,46.4757201],[-81.0571181,46.4756884],[-81.0561151,46.4756477],[-81.0559327,46.4756496],[-81.0557693,46.4756666],[-81.0556299,46.4756961],[-81.0554689,46.4757423],[-81.0552836,46.4758121]]]}},
{"type":"Feature","properties":{"full_id":"w229274650","osm_id":"229274650","osm_type":"way","railway":"rail","covered":null,"tunnel":null,"railway:track_ref":null,"abandoned:electrified":"contact_line","Source":null,"layer":null,"bridge":null,"railway:preferred_direction":null,"workrules":null,"railway:traffic_mode":null,"usage":null,"reporting_marks":null,"owner:wikipedia":null,"owner:wikidata":null,"owner":null,"operator:wikipedia":null,"operator:wikidata":null,"operator:short":null,"operator":"Vale","name":null,"maxspeed":null,"service":"spur","gauge":"1435","electrified":"no"},"geometry":{"type":"MultiLineString","coordinates":[[[-81.0587975,46.4759344],[-81.0585266,46.4758845],[-81.0584194,46.4758716],[-81.0582128,46.4758624],[-81.0562173,46.4757718],[-81.0560644,46.4757718],[-81.0559008,46.4757792]]]}},
{"type":"Feature","properties":{"full_id":"w237409747","osm_id":"237409747","osm_type":"way","railway":"rail","covered":null,"tunnel":null,"railway:track_ref":null,"abandoned:electrified":null,"Source":null,"layer":null,"bridge":null,"railway:preferred_direction":null,"workrules":null,"railway:traffic_mode":null,"usage":"main","reporting_marks":"CPKC","owner:wikipedia":null,"owner:wikidata":null,"owner":null,"operator:wikipedia":null,"operator:wikidata":"Q117706368","operator:short":null,"operator":"Canadian Pacific Kansas City","name":"Parry Sound Subdivision","maxspeed":"40 mph","service":null,"gauge":"1435","electrified":"no"},"geometry":{"type":"MultiLineString","coordinates":[[[-80.8576676,46.4828786],[-80.8577397,46.4830689],[-80.8578314,46.4832711],[-80.8579149,46.4834506],[-80.8579945,46.4836123],[-80.8580964,46.483782],[-80.8582092,46.4839322],[-80.8583714,46.4841037],[-80.858497,46.4842249],[-80.8586197,46.4843337],[-80.8588897,46.4845511],[-80.8591265,46.4847229],[-80.8593418,46.4848683],[-80.8595912,46.4850178],[-80.8598596,46.4851618],[-80.8601373,46.485292],[-80.8604166,46.4854073],[-80.8607066,46.4855098],[-80.8610207,46.4856086],[-80.8613533,46.4856989],[-80.8617303,46.4857759],[-80.8620406,46.4858251],[-80.8623712,46.4858659],[-80.8627658,46.4858978],[-80.8633131,46.4859171],[-80.863813,46.4859242],[-80.8643438,46.4859207],[-80.8648063,46.4859061],[-80.8651498,46.4858862],[-80.8655448,46.485862],[-80.8663124,46.4858059],[-80.8674244,46.4857265]]]}},
{"type":"Feature","properties":{"full_id":"w239009959","osm_id":"239009959","osm_type":"way","railway":"rail","covered":null,"tunnel":null,"railway:track_ref":null,"abandoned:electrified":null,"Source":null,"layer":null,"bridge":null,"railway:preferred_direction":null,"workrules":"CA-CROR","railway:traffic_mode":"mixed","usage":"main","reporting_marks":"CN;VIA","owner:wikipedia":null,"owner:wikidata":null,"owner":"Canadian National Railway","operator:wikipedia":null,"operator:wikidata":null,"operator:short":null,"operator":"Canadian National Railway;VIA Rail","name":"Ruel Subdivision","maxspeed":"25 mph","service":null,"gauge":"1435","electrified":"no"},"geometry":{"type":"MultiLineString","coordinates":[[[-80.9500955,46.7145191],[-80.9494299,46.7143089],[-80.9490616,46.7142236],[-80.9485447,46.7141038],[-80.9363617,46.7121552],[-80.9309317,46.7112815]]]}},
{"type":"Feature","properties":{"full_id":"w239009960","osm_id":"239009960","osm_type":"way","railway":"rail","covered":null,"tunnel":null,"railway:track_ref":null,"abandoned:electrified":null,"Source":null,"layer":"1","bridge":"yes","railway:preferred_direction":null,"workrules":null,"railway:traffic_mode":null,"usage":null,"reporting_marks":null,"owner:wikipedia":null,"owner:wikidata":null,"owner":null,"operator:wikipedia":null,"operator:wikidata":null,"operator:short":null,"operator":null,"name":null,"maxspeed":null,"service":"yard","gauge":"1435","electrified":"no"},"geometry":{"type":"MultiLineString","coordinates":[[[-80.9506065,46.7151785],[-80.9501195,46.7148339]]]}},
{"type":"Feature","properties":{"full_id":"w239009961","osm_id":"239009961","osm_type":"way","railway":"rail","covered":null,"tunnel":null,"railway:track_ref":null,"abandoned:electrified":null,"Source":null,"layer":null,"bridge":null,"railway:preferred_direction":null,"workrules":null,"railway:traffic_mode":null,"usage":null,"reporting_marks":null,"owner:wikipedia":null,"owner:wikidata":null,"owner":null,"operator:wikipedia":null,"operator:wikidata":null,"operator:short":null,"operator":null,"name":null,"maxspeed":null,"service":"yard","gauge":"1435","electrified":"no"},"geometry":{"type":"MultiLineString","coordinates":[[[-80.9501195,46.7148339],[-80.9497895,46.7146519],[-80.9491941,46.7143907],[-80.9488968,46.7142884],[-80.9482503,46.7141222],[-80.9408204,46.71296],[-80.9391735,46.7126933],[-80.9370975,46.7123512],[-80.9349463,46.7120073],[-80.9326155,46.7116469],[-80.930172,46.7112441],[-80.9278197,46.7108653],[-80.9269517,46.7107159],[-80.9264303,46.7106262],[-80.9249336,46.7103945],[-80.9241022,46.7102621],[-80.9231741,46.7101039],[-80.9222836,46.7099531],[-80.9212429,46.7097214],[-80.9201409,46.7094404],[-80.9200587,46.7094194],[-80.9190797,46.7091307]]]}},
{"type":"Feature","properties":{"full_id":"w239009962","osm_id":"239009962","osm_type":"way","railway":"rail","covered":null,"tunnel":null,"railway:track_ref":null,"abandoned:electrified":null,"Source":null,"layer":"1","bridge":"yes","railway:preferred_direction":null,"workrules":"CA-CROR","railway:traffic_mode":"mixed","usage":"main","reporting_marks":"CN;VIA","owner:wikipedia":null,"owner:wikidata":null,"owner":"Canadian National Railway","operator:wikipedia":null,"operator:wikidata":null,"operator:short":null,"operator":"Canadian National Railway;VIA Rail","name":"Ruel Subdivision","maxspeed":"25 mph","service":null,"gauge":"1435","electrified":"no"},"geometry":{"type":"MultiLineString","coordinates":[[[-80.9506595,46.7147823],[-80.9500955,46.7145191]]]}},
{"type":"Feature","properties":{"full_id":"w239009963","osm_id":"239009963","osm_type":"way","railway":"rail","covered":null,"tunnel":null,"railway:track_ref":null,"abandoned:electrified":null,"Source":null,"layer":null,"bridge":null,"railway:preferred_direction":null,"workrules":null,"railway:traffic_mode":null,"usage":null,"reporting_marks":null,"owner:wikipedia":null,"owner:wikidata":null,"owner":null,"operator:wikipedia":null,"operator:wikidata":null,"operator:short":null,"operator":null,"name":null,"maxspeed":null,"service":"yard","gauge":"1435","electrified":"no"},"geometry":{"type":"MultiLineString","coordinates":[[[-80.9516836,46.7191245],[-80.9516726,46.7186597],[-80.9516853,46.7186017],[-80.9517428,46.7183794],[-80.9517702,46.7182792],[-80.9518001,46.7181129],[-80.9518489,46.7177939],[-80.9518882,46.7175139],[-80.9518668,46.7172669],[-80.95184,46.7170145],[-80.9517648,46.7167294],[-80.9516325,46.7163759],[-80.9514852,46.7160728],[-80.951333,46.7158673],[-80.9511009,46.7156002],[-80.9506065,46.7151785]]]}},
{"type":"Feature","properties":{"full_id":"w240364219","osm_id":"240364219","osm_type":"way","railway":"rail","covered":null,"tunnel":null,"railway:track_ref":null,"abandoned:electrified":"contact_line","Source":null,"layer":null,"bridge":null,"railway:preferred_direction":null,"workrules":null,"railway:traffic_mode":null,"usage":null,"reporting_marks":null,"owner:wikipedia":null,"owner:wikidata":null,"owner":null,"operator:wikipedia":null,"operator:wikidata":null,"operator:short":null,"operator":"Vale","name":null,"maxspeed":null,"service":"spur","gauge":"1435","electrified":"no"},"geometry":{"type":"MultiLineString","coordinates":[[[-81.0773222,46.4616955],[-81.0779027,46.4615725],[-81.0783439,46.4614972],[-81.0787118,46.4614326],[-81.0789836,46.4613729],[-81.0792733,46.4612972],[-81.0795218,46.4612257],[-81.0797212,46.4611568],[-81.0799671,46.4610631],[-81.0802094,46.4609572],[-81.0804525,46.4608303],[-81.0807073,46.4606788],[-81.0808602,46.4605753],[-81.0810114,46.4604528],[-81.0814432,46.4600482],[-81.0822817,46.4592516]]]}},
{"type":"Feature","properties":{"full_id":"w240364389","osm_id":"240364389","osm_type":"way","railway":"rail","covered":null,"tunnel":null,"railway:track_ref":null,"abandoned:electrified":"contact_line","Source":null,"layer":null,"bridge":null,"railway:preferred_direction":null,"workrules":null,"railway:traffic_mode":null,"usage":null,"reporting_marks":null,"owner:wikipedia":null,"owner:wikidata":null,"owner":null,"operator:wikipedia":null,"operator:wikidata":null,"operator:short":null,"operator":"Vale","name":null,"maxspeed":null,"service":"spur","gauge":"1435","electrified":"no"},"geometry":{"type":"MultiLineString","coordinates":[[[-81.0779027,46.4615725],[-81.0782621,46.4614764],[-81.0783458,46.4614524],[-81.0788388,46.4613489],[-81.0791356,46.461283],[-81.0794038,46.4612072],[-81.0795764,46.4611531],[-81.0798356,46.4610594],[-81.0800287,46.4609744],[-81.0803023,46.4608432],[-81.0805008,46.4607379],[-81.0806922,46.4606154],[-81.0808182,46.460523],[-81.0810328,46.4603383],[-81.082216,46.4592206]]]}},
{"type":"Feature","properties":{"full_id":"w241570483","osm_id":"241570483","osm_type":"way","railway":"rail","covered":null,"tunnel":null,"railway:track_ref":null,"abandoned:electrified":null,"Source":null,"layer":null,"bridge":null,"railway:preferred_direction":null,"workrules":null,"railway:traffic_mode":null,"usage":"branch","reporting_marks":"HCRY","owner:wikipedia":null,"owner:wikidata":null,"owner":null,"operator:wikipedia":null,"operator:wikidata":null,"operator:short":null,"operator":"Huron Central Railway","name":"Webbwood Subdivision","maxspeed":null,"service":null,"gauge":"1435","electrified":"no"},"geometry":{"type":"MultiLineString","coordinates":[[[-81.5112268,46.3743971],[-81.5108942,46.3746081],[-81.5105777,46.3747931],[-81.5102129,46.3749708],[-81.5098881,46.3751059],[-81.5093517,46.3753094],[-81.5088826,46.3754334],[-81.5083902,46.3755426],[-81.506431,46.3758664],[-81.504591,46.3761699],[-81.5017879,46.3766233],[-81.4993256,46.3770267],[-81.4988887,46.3771026]]]}},
{"type":"Feature","properties":{"full_id":"w241876488","osm_id":"241876488","osm_type":"way","railway":"rail","covered":null,"tunnel":null,"railway:track_ref":null,"abandoned:electrified":null,"Source":null,"layer":null,"bridge":null,"railway:preferred_direction":null,"workrules":null,"railway:traffic_mode":null,"usage":"branch","reporting_marks":"HCRY","owner:wikipedia":null,"owner:wikidata":null,"owner":null,"operator:wikipedia":null,"operator:wikidata":null,"operator:short":null,"operator":"Huron Central Railway","name":"Webbwood Subdivision","maxspeed":null,"service":null,"gauge":"1435","electrified":"no"},"geometry":{"type":"MultiLineString","coordinates":[[[-81.4706074,46.3818692],[-81.4694297,46.3824446],[-81.4690381,46.3826297],[-81.4685636,46.3828387],[-81.4681988,46.3829646],[-81.4677292,46.3831144],[-81.4673537,46.3832033],[-81.4668148,46.3833087],[-81.4659028,46.3834641],[-81.4655005,46.3835011],[-81.4649104,46.3835345],[-81.4644598,46.383527],[-81.4637517,46.3834937]]]}},
{"type":"Feature","properties":{"full_id":"w241876489","osm_id":"241876489","osm_type":"way","railway":"rail","covered":null,"tunnel":null,"railway:track_ref":null,"abandoned:electrified":null,"Source":null,"layer":null,"bridge":null,"railway:preferred_direction":null,"workrules":null,"railway:traffic_mode":null,"usage":"branch","reporting_marks":"HCRY","owner:wikipedia":null,"owner:wikidata":null,"owner":null,"operator:wikipedia":null,"operator:wikidata":null,"operator:short":null,"operator":"Huron Central Railway","name":"Webbwood Subdivision","maxspeed":null,"service":null,"gauge":"1435","electrified":"no"},"geometry":{"type":"MultiLineString","coordinates":[[[-81.3758721,46.3888811],[-81.3750567,46.3887405],[-81.3741662,46.3886076],[-81.3733572,46.3884967],[-81.3723745,46.388393],[-81.3715913,46.3883042],[-81.3706042,46.3882302],[-81.3691773,46.388134],[-81.3677611,46.3880304],[-81.3667955,46.3880008],[-81.3660016,46.3879934],[-81.3649287,46.3880008],[-81.3639277,46.3880101],[-81.3634159,46.3880008],[-81.3629438,46.3879416],[-81.3622679,46.387838],[-81.3614418,46.3876604],[-81.3594141,46.3872978],[-81.3550152,46.3864763],[-81.3545324,46.3863579],[-81.3539745,46.3861877],[-81.3535239,46.3860396],[-81.3530272,46.3858417],[-81.3526012,46.3856474]]]}},
{"type":"Feature","properties":{"full_id":"w241876490","osm_id":"241876490","osm_type":"way","railway":"rail","covered":null,"tunnel":null,"railway:track_ref":null,"abandoned:electrified":null,"Source":null,"layer":null,"bridge":null,"railway:preferred_direction":null,"workrules":null,"railway:traffic_mode":null,"usage":"branch","reporting_marks":"HCRY","owner:wikipedia":null,"owner:wikidata":null,"owner":null,"operator:wikipedia":null,"operator:wikidata":null,"operator:short":null,"operator":"Huron Central Railway","name":"Webbwood Subdivision","maxspeed":null,"service":null,"gauge":"1435","electrified":"no"},"geometry":{"type":"MultiLineString","coordinates":[[[-81.4988887,46.3771026],[-81.4985453,46.3771951],[-81.4981293,46.3773265],[-81.4976465,46.3775041],[-81.4963888,46.3780944],[-81.4954847,46.378496],[-81.4949429,46.378718],[-81.4945995,46.3788475],[-81.4941894,46.3789789],[-81.4937871,46.3790825],[-81.493374,46.379164],[-81.4928751,46.379238],[-81.4925372,46.3792676],[-81.4921349,46.3792824],[-81.4915233,46.3792602],[-81.4906996,46.3792087],[-81.489855,46.3791862],[-81.4895331,46.3791825],[-81.4891898,46.379201],[-81.4887767,46.379238],[-81.4883393,46.3792916],[-81.4879745,46.3793582],[-81.4875561,46.3794545],[-81.4870708,46.3796081],[-81.4865773,46.3797931],[-81.4856839,46.3801206],[-81.4853167,46.3802372],[-81.4849811,46.380313],[-81.4845091,46.3804167],[-81.4838653,46.3805388],[-81.4834737,46.3805869],[-81.4829856,46.3806424],[-81.4828429,46.3806517]]]}},
{"type":"Feature","properties":{"full_id":"w241876491","osm_id":"241876491","osm_type":"way","railway":"rail","covered":null,"tunnel":null,"railway:track_ref":null,"abandoned:electrified":null,"Source":null,"layer":null,"bridge":null,"railway:preferred_direction":null,"workrules":null,"railway:traffic_mode":null,"usage":"branch","reporting_marks":"HCRY","owner:wikipedia":null,"owner:wikidata":null,"owner":null,"operator:wikipedia":null,"operator:wikidata":null,"operator:short":null,"operator":"Huron Central Railway","name":"Webbwood Subdivision","maxspeed":null,"service":null,"gauge":"1435","electrified":"no"},"geometry":{"type":"MultiLineString","coordinates":[[[-81.4193207,46.3877547],[-81.4189022,46.387973],[-81.4185804,46.3881581],[-81.4182961,46.3883653],[-81.4179313,46.3886687],[-81.4170837,46.3894198],[-81.4168155,46.3896566],[-81.4163946,46.3899284],[-81.4159977,46.3901282],[-81.4157187,46.3902651],[-81.4154475,46.3903744],[-81.4151284,46.3905017],[-81.4140877,46.3908273],[-81.4080768,46.3928127],[-81.4074894,46.3929659],[-81.4069959,46.3930769],[-81.406556,46.3931657],[-81.4060491,46.3932567],[-81.4053764,46.3933433],[-81.4047005,46.3934025],[-81.4036812,46.3934469],[-81.3999476,46.3935875],[-81.3956775,46.3936467],[-81.3907423,46.3937207],[-81.389237,46.3937377],[-81.3887681,46.3937059],[-81.3884677,46.3936615],[-81.3876845,46.3935061],[-81.3872092,46.3933381],[-81.3863005,46.3930029],[-81.3818373,46.3909975],[-81.379581,46.3900007],[-81.3789298,46.3897247],[-81.3782968,46.3894953],[-81.3777786,46.3893273],[-81.377328,46.3892163],[-81.3766256,46.3890294],[-81.3758721,46.3888811]]]}},
{"type":"Feature","properties":{"full_id":"w241876492","osm_id":"241876492","osm_type":"way","railway":"rail","covered":null,"tunnel":null,"railway:track_ref":null,"abandoned:electrified":null,"Source":null,"layer":null,"bridge":null,"railway:preferred_direction":null,"workrules":null,"railway:traffic_mode":null,"usage":"branch","reporting_marks":"HCRY","owner:wikipedia":null,"owner:wikidata":null,"owner":null,"operator:wikipedia":null,"operator:wikidata":null,"operator:short":null,"operator":"Huron Central Railway","name":"Webbwood Subdivision","maxspeed":null,"service":null,"gauge":"1435","electrified":"no"},"geometry":{"type":"MultiLineString","coordinates":[[[-81.4510149,46.3825001],[-81.4505982,46.3824872],[-81.4502441,46.3824946],[-81.4498871,46.3825149],[-81.4495789,46.3825464],[-81.4492249,46.3826056],[-81.4488464,46.3826926],[-81.4474794,46.383092],[-81.4469464,46.3832396],[-81.4464037,46.3833659],[-81.4457541,46.3834826],[-81.444193,46.3837306],[-81.4418542,46.3841154],[-81.4408242,46.3842634],[-81.4403146,46.3842968],[-81.4394777,46.384319],[-81.438598,46.384319],[-81.4379703,46.3843227],[-81.4374768,46.3843375],[-81.4367365,46.3843708],[-81.4347302,46.3845188],[-81.4321177,46.3847149],[-81.4284431,46.3849739],[-81.426174,46.3851405],[-81.4253532,46.3852145],[-81.4246827,46.3852996],[-81.424036,46.3854161],[-81.4234352,46.3855567],[-81.4230197,46.385677],[-81.4226627,46.3857973],[-81.4223116,46.3859397],[-81.4218902,46.3861525],[-81.4214533,46.3864393],[-81.4207208,46.3869888],[-81.4204257,46.3871849],[-81.4202034,46.38732],[-81.4199376,46.3874513],[-81.4193207,46.3877547]]]}},
{"type":"Feature","properties":{"full_id":"w241876493","osm_id":"241876493","osm_type":"way","railway":"rail","covered":null,"tunnel":null,"railway:track_ref":null,"abandoned:electrified":null,"Source":null,"layer":null,"bridge":null,"railway:preferred_direction":null,"workrules":null,"railway:traffic_mode":null,"usage":"branch","reporting_marks":"HCRY","owner:wikipedia":null,"owner:wikidata":null,"owner":null,"operator:wikipedia":null,"operator:wikidata":null,"operator:short":null,"operator":"Huron Central Railway","name":"Webbwood Subdivision","maxspeed":null,"service":null,"gauge":"1435","electrified":"no"},"geometry":{"type":"MultiLineString","coordinates":[[[-81.4637517,46.3834937],[-81.4624643,46.3834456],[-81.4587092,46.3831385],[-81.4564615,46.3829387],[-81.454581,46.3827925],[-81.4533287,46.3827166],[-81.4527761,46.3826574],[-81.4513462,46.3825334],[-81.4510149,46.3825001]]]}},
{"type":"Feature","properties":{"full_id":"w242753266","osm_id":"242753266","osm_type":"way","railway":"rail","covered":null,"tunnel":null,"railway:track_ref":null,"abandoned:electrified":null,"Source":null,"layer":null,"bridge":null,"railway:preferred_direction":"forward","workrules":null,"railway:traffic_mode":null,"usage":"main","reporting_marks":"CN","owner:wikipedia":"en:Canadian National Railway","owner:wikidata":"Q624798","owner":"Canadian National Railway","operator:wikipedia":"en:Canadian National Railway","operator:wikidata":"Q624798","operator:short":"CN","operator":"Canadian National Railway","name":"CN Bala Subdivision","maxspeed":"50 mph","service":null,"gauge":"1435","electrified":"no"},"geometry":{"type":"MultiLineString","coordinates":[[[-80.8208375,46.3723149],[-80.8209339,46.371319],[-80.8219354,46.3650464]]]}},
{"type":"Feature","properties":{"full_id":"w242753273","osm_id":"242753273","osm_type":"way","railway":"rail","covered":null,"tunnel":null,"railway:track_ref":null,"abandoned:electrified":null,"Source":null,"layer":null,"bridge":null,"railway:preferred_direction":"backward","workrules":null,"railway:traffic_mode":null,"usage":"main","reporting_marks":"CPKC","owner:wikipedia":null,"owner:wikidata":null,"owner":null,"operator:wikipedia":null,"operator:wikidata":"Q117706368","operator:short":null,"operator":"Canadian Pacific Kansas City","name":"Parry Sound Subdivision","maxspeed":"45 mph","service":null,"gauge":"1435","electrified":"no"},"geometry":{"type":"MultiLineString","coordinates":[[[-80.8065929,46.3713066],[-80.8065313,46.371039],[-80.8064851,46.3707675],[-80.8064612,46.3705152],[-80.8064557,46.3702193],[-80.8064805,46.3699186],[-80.8065414,46.3695912],[-80.8066287,46.3692549],[-80.8067301,46.3689341],[-80.8068428,46.368568],[-80.807422,46.3665827],[-80.8075091,46.3662565],[-80.8075656,46.365932],[-80.8075919,46.3656089],[-80.8075833,46.365309]]]}},
{"type":"Feature","properties":{"full_id":"w243112542","osm_id":"243112542","osm_type":"way","railway":"rail","covered":null,"tunnel":null,"railway:track_ref":null,"abandoned:electrified":null,"Source":null,"layer":null,"bridge":null,"railway:preferred_direction":null,"workrules":null,"railway:traffic_mode":null,"usage":"main","reporting_marks":"CPKC","owner:wikipedia":null,"owner:wikidata":null,"owner":null,"operator:wikipedia":"en:Canadian Pacific Kansas City","operator:wikidata":"Q117706368","operator:short":null,"operator":"Canadian Pacific Kansas City","name":"Cartier Subdivision","maxspeed":"40 mph","service":null,"gauge":"1435","electrified":"no"},"geometry":{"type":"MultiLineString","coordinates":[[[-80.9462852,46.4874668],[-80.9465399,46.4874639],[-80.9468262,46.4874534],[-80.9474834,46.4874246],[-80.947723,46.4874158],[-80.9479207,46.4874109],[-80.9480896,46.4874097],[-80.948259,46.4874104],[-80.9484552,46.4874138],[-80.9486531,46.4874213],[-80.9488272,46.4874321],[-80.9489897,46.4874437],[-80.9491663,46.4874606],[-80.9499175,46.4875448],[-80.950129,46.4875645],[-80.9503415,46.4875765],[-80.9505623,46.4875794],[-80.9507952,46.4875754],[-80.950997,46.4875634],[-80.9511811,46.4875493],[-80.9513541,46.4875325],[-80.9515322,46.487511],[-80.9517121,46.4874832],[-80.9522471,46.4873852],[-80.9524936,46.4873416],[-80.952754,46.4873005],[-80.9530172,46.4872697],[-80.9532618,46.4872521],[-80.9534973,46.4872419],[-80.9537349,46.4872414],[-80.9539952,46.487247],[-80.9542596,46.4872649],[-80.9544822,46.4872895],[-80.9547062,46.4873233],[-80.9549526,46.4873671],[-80.9551645,46.4874106],[-80.9553437,46.4874528],[-80.955507,46.4874966],[-80.9556628,46.4875405],[-80.955846,46.4875968],[-80.9570182,46.4879556],[-80.9594107,46.4886833],[-80.9622058,46.4895406],[-80.9624498,46.489612],[-80.9626478,46.4896669],[-80.9628514,46.4897195],[-80.9630609,46.4897683],[-80.9632846,46.4898081],[-80.963481,46.4898351],[-80.9636903,46.4898606],[-80.9639077,46.4898791],[-80.9641088,46.4898925],[-80.9643195,46.4899045],[-80.9645532,46.4899087],[-80.9647527,46.4899047],[-80.9649508,46.4898942],[-80.9651345,46.4898805],[-80.965363,46.489858],[-80.9656142,46.4898212],[-80.9658606,46.4897777],[-80.9661148,46.4897241],[-80.9663492,46.4896656],[-80.9665644,46.4895993],[-80.9668165,46.4895143],[-80.9670407,46.4894282],[-80.9672626,46.4893362],[-80.9674918,46.4892301],[-80.967731,46.489106],[-80.9679511,46.4889769],[-80.968188,46.4888053],[-80.9683909,46.4886507],[-80.9685642,46.4885053],[-80.9690233,46.4880984],[-80.9699169,46.4872653],[-80.9705231,46.4866936],[-80.9706687,46.4865584],[-80.970823,46.4864218],[-80.9709852,46.4862819],[-80.9711493,46.48615],[-80.9713298,46.4860166],[-80.9715134,46.4858836],[-80.9716943,46.4857584],[-80.972459,46.4852578],[-80.9728089,46.485034],[-80.9730023,46.4849125],[-80.9732108,46.4847923],[-80.9734008,46.4846921],[-80.9735945,46.4845961],[-80.973774,46.4845166],[-80.973986,46.4844281],[-80.9742062,46.4843429],[-80.9743962,46.484275],[-80.9746349,46.4841944],[-80.9748493,46.484133],[-80.9750562,46.4840793],[-80.9752418,46.4840346],[-80.9754464,46.4839897],[-80.9756669,46.4839507],[-80.975893,46.4839127],[-80.9762023,46.4838657],[-80.9766194,46.4838112],[-80.9769551,46.483768],[-80.9772769,46.4837336]]]}},
{"type":"Feature","properties":{"full_id":"w243114702","osm_id":"243114702","osm_type":"way","railway":"rail","covered":null,"tunnel":null,"railway:track_ref":null,"abandoned:electrified":null,"Source":null,"layer":null,"bridge":null,"railway:preferred_direction":null,"workrules":null,"railway:traffic_mode":null,"usage":"main","reporting_marks":"CN","owner:wikipedia":"en:Canadian National Railway","owner:wikidata":"Q624798","owner":"Canadian National Railway","operator:wikipedia":"en:Canadian National Railway","operator:wikidata":"Q624798","operator:short":"CN","operator":"Canadian National Railway","name":"CN Bala Subdivision","maxspeed":"40 mph","service":null,"gauge":"1435","electrified":"no"},"geometry":{"type":"MultiLineString","coordinates":[[[-80.834241,46.4624246],[-80.8365932,46.4603027],[-80.8371357,46.4598594],[-80.8377479,46.4593885],[-80.8381494,46.4591515],[-80.8387288,46.4588724],[-80.8396692,46.4584941],[-80.8422739,46.4574797],[-80.8431774,46.4570749],[-80.8437919,46.45672],[-80.8442368,46.4563888],[-80.8444361,46.4561965],[-80.8446902,46.4559296],[-80.8448655,46.4556356],[-80.8449751,46.4553645],[-80.8451144,46.4547273],[-80.8451294,46.4543611],[-80.8451008,46.4539807],[-80.8449008,46.4534247],[-80.8447134,46.4531297],[-80.8444381,46.45279]]]}},
{"type":"Feature","properties":{"full_id":"w243114703","osm_id":"243114703","osm_type":"way","railway":"rail","covered":null,"tunnel":null,"railway:track_ref":null,"abandoned:electrified":null,"Source":null,"layer":"1","bridge":"yes","railway:preferred_direction":null,"workrules":null,"railway:traffic_mode":null,"usage":"main","reporting_marks":"CN","owner:wikipedia":"en:Canadian National Railway","owner:wikidata":"Q624798","owner":"Canadian National Railway","operator:wikipedia":"en:Canadian National Railway","operator:wikidata":"Q624798","operator:short":"CN","operator":"Canadian National Railway","name":"CN Bala Subdivision","maxspeed":"35 mph","service":null,"gauge":"1435","electrified":"no"},"geometry":{"type":"MultiLineString","coordinates":[[[-80.8296696,46.4667753],[-80.8295903,46.4660076]]]}},
{"type":"Feature","properties":{"full_id":"w243114704","osm_id":"243114704","osm_type":"way","railway":"rail","covered":null,"tunnel":null,"railway:track_ref":null,"abandoned:electrified":null,"Source":null,"layer":null,"bridge":null,"railway:preferred_direction":null,"workrules":null,"railway:traffic_mode":null,"usage":"main","reporting_marks":"CN","owner:wikipedia":"en:Canadian National Railway","owner:wikidata":"Q624798","owner":"Canadian National Railway","operator:wikipedia":"en:Canadian National Railway","operator:wikidata":"Q624798","operator:short":"CN","operator":"Canadian National Railway","name":"CN Bala Subdivision","maxspeed":"50 mph","service":null,"gauge":"1435","electrified":"no"},"geometry":{"type":"MultiLineString","coordinates":[[[-80.8369395,46.4381321],[-80.8344479,46.4345842],[-80.8342781,46.4343248],[-80.8339186,46.4338244],[-80.8336172,46.4334048],[-80.8328309,46.4322614],[-80.831644,46.4304985],[-80.8311479,46.4296131],[-80.8307407,46.4287804],[-80.8295455,46.4261337],[-80.8289274,46.4247933],[-80.8283306,46.4234693],[-80.8278082,46.4223318],[-80.8272459,46.421084],[-80.8262693,46.4189489],[-80.8257943,46.4178626],[-80.8255944,46.417346],[-80.8255276,46.4170464],[-80.8254834,46.416785],[-80.8254499,46.416359],[-80.8254567,46.4158934],[-80.8255089,46.4151558]]]}},
{"type":"Feature","properties":{"full_id":"w243114705","osm_id":"243114705","osm_type":"way","railway":"rail","covered":null,"tunnel":null,"railway:track_ref":null,"abandoned:electrified":null,"Source":null,"layer":null,"bridge":null,"railway:preferred_direction":null,"workrules":null,"railway:traffic_mode":null,"usage":"main","reporting_marks":"CN","owner:wikipedia":"en:Canadian National Railway","owner:wikidata":"Q624798","owner":"Canadian National Railway","operator:wikipedia":"en:Canadian National Railway","operator:wikidata":"Q624798","operator:short":"CN","operator":"Canadian National Railway","name":"CN Bala Subdivision","maxspeed":"45 mph","service":null,"gauge":"1435","electrified":"no"},"geometry":{"type":"MultiLineString","coordinates":[[[-80.8432697,46.4954005],[-80.8428089,46.4945322],[-80.8422351,46.4937534],[-80.8419811,46.4934826],[-80.8418559,46.4933658]]]}},
{"type":"Feature","properties":{"full_id":"w243114706","osm_id":"243114706","osm_type":"way","railway":"rail","covered":null,"tunnel":null,"railway:track_ref":null,"abandoned:electrified":null,"Source":null,"layer":null,"bridge":null,"railway:preferred_direction":null,"workrules":null,"railway:traffic_mode":null,"usage":"main","reporting_marks":"CN","owner:wikipedia":"en:Canadian National Railway","owner:wikidata":"Q624798","owner":"Canadian National Railway","operator:wikipedia":"en:Canadian National Railway","operator:wikidata":"Q624798","operator:short":"CN","operator":"Canadian National Railway","name":"CN Bala Subdivision","maxspeed":"40 mph","service":null,"gauge":"1435","electrified":"no"},"geometry":{"type":"MultiLineString","coordinates":[[[-80.8444381,46.45279],[-80.843043,46.4514149],[-80.842191,46.4502679],[-80.8411925,46.4484443],[-80.8410494,46.4476715],[-80.8410294,46.4468855],[-80.8413318,46.4455723],[-80.8411973,46.4446351]]]}},
{"type":"Feature","properties":{"full_id":"w243114707","osm_id":"243114707","osm_type":"way","railway":"rail","covered":null,"tunnel":null,"railway:track_ref":null,"abandoned:electrified":null,"Source":null,"layer":null,"bridge":null,"railway:preferred_direction":null,"workrules":null,"railway:traffic_mode":null,"usage":"main","reporting_marks":"CN","owner:wikipedia":"en:Canadian National Railway","owner:wikidata":"Q624798","owner":"Canadian National Railway","operator:wikipedia":"en:Canadian National Railway","operator:wikidata":"Q624798","operator:short":"CN","operator":"Canadian National Railway","name":"CN Bala Subdivision","maxspeed":"45 mph","service":null,"gauge":"1435","electrified":"no"},"geometry":{"type":"MultiLineString","coordinates":[[[-80.83914,46.5121347],[-80.839012,46.5117001],[-80.8389672,46.5113514],[-80.8389807,46.5109887],[-80.8391944,46.5096735],[-80.8394758,46.508277],[-80.8396387,46.5077054],[-80.8399697,46.5067385],[-80.8403002,46.5059377],[-80.8406827,46.5050623],[-80.8422306,46.5012884],[-80.8431839,46.4989456],[-80.8432809,46.4987407],[-80.8434298,46.4983],[-80.8435578,46.4976396],[-80.8436131,46.4967693],[-80.8434789,46.4959453],[-80.8432697,46.4954005]]]}},
{"type":"Feature","properties":{"full_id":"w243114798","osm_id":"243114798","osm_type":"way","railway":"rail","covered":null,"tunnel":null,"railway:track_ref":null,"abandoned:electrified":null,"Source":null,"layer":null,"bridge":null,"railway:preferred_direction":null,"workrules":null,"railway:traffic_mode":null,"usage":null,"reporting_marks":"CN","owner:wikipedia":"en:Canadian National Railway","owner:wikidata":"Q624798","owner":"Canadian National Railway","operator:wikipedia":"en:Canadian National Railway","operator:wikidata":"Q624798","operator:short":"CN","operator":"Canadian National Railway","name":null,"maxspeed":null,"service":"spur","gauge":"1435","electrified":"no"},"geometry":{"type":"MultiLineString","coordinates":[[[-80.832122,46.4724764],[-80.8310631,46.4732297],[-80.8309467,46.4733281],[-80.8307584,46.4734288],[-80.830529,46.4735255],[-80.8303119,46.4735924],[-80.830053,46.4736337],[-80.8297408,46.4736438],[-80.8295008,46.4736419],[-80.8293542,46.4736408],[-80.828397,46.4736366],[-80.8273391,46.4736096],[-80.8269069,46.4736057],[-80.82626,46.4736099],[-80.8259108,46.4736039],[-80.8255696,46.4736271],[-80.825291,46.4736818],[-80.8250218,46.4737712],[-80.8244957,46.4739859]]]}},
{"type":"Feature","properties":{"full_id":"w243114799","osm_id":"243114799","osm_type":"way","railway":"rail","covered":null,"tunnel":null,"railway:track_ref":null,"abandoned:electrified":null,"Source":null,"layer":null,"bridge":null,"railway:preferred_direction":null,"workrules":null,"railway:traffic_mode":null,"usage":"branch","reporting_marks":null,"owner:wikipedia":null,"owner:wikidata":null,"owner":null,"operator:wikipedia":null,"operator:wikidata":"Q2962343","operator:short":null,"operator":"Ottawa Valley Railway","name":"OVR Cartier Subdivision","maxspeed":null,"service":null,"gauge":"1435","electrified":"no"},"geometry":{"type":"MultiLineString","coordinates":[[[-80.8019579,46.4972794],[-80.8006501,46.4976308],[-80.7994041,46.4978279],[-80.7990057,46.4978488],[-80.7985825,46.4978374],[-80.7976644,46.4977798],[-80.7926821,46.4972651],[-80.7912628,46.497129],[-80.7906861,46.4970433],[-80.7900761,46.4969005],[-80.7891508,46.4965634],[-80.7883065,46.4961242],[-80.7874868,46.4954494],[-80.7871715,46.4950609],[-80.7869091,46.4946766],[-80.7867192,46.4942239],[-80.7865989,46.4937525],[-80.7865491,46.4927184],[-80.7866611,46.4914615],[-80.7866279,46.491153],[-80.7865466,46.4908111],[-80.7861938,46.4901522],[-80.7860007,46.4898454],[-80.7857033,46.4894967],[-80.7854024,46.4891954],[-80.7850251,46.4888964],[-80.7844253,46.488522],[-80.7840901,46.4883518],[-80.7837111,46.48819],[-80.7833857,46.4880757],[-80.7830621,46.487999],[-80.7823824,46.4878322]]]}},
{"type":"Feature","properties":{"full_id":"w243114800","osm_id":"243114800","osm_type":"way","railway":"rail","covered":null,"tunnel":null,"railway:track_ref":null,"abandoned:electrified":null,"Source":null,"layer":null,"bridge":null,"railway:preferred_direction":null,"workrules":null,"railway:traffic_mode":null,"usage":"branch","reporting_marks":null,"owner:wikipedia":null,"owner:wikidata":null,"owner":null,"operator:wikipedia":null,"operator:wikidata":"Q2962343","operator:short":null,"operator":"Ottawa Valley Railway","name":"OVR Cartier Subdivision","maxspeed":null,"service":null,"gauge":"1435","electrified":"no"},"geometry":{"type":"MultiLineString","coordinates":[[[-80.7743955,46.4885744],[-80.7711297,46.4901264],[-80.7688758,46.4913231],[-80.7678196,46.4922121],[-80.7663242,46.4934653],[-80.7652081,46.4942206],[-80.7649118,46.4944211],[-80.7627835,46.4954097],[-80.7595476,46.4965778],[-80.7569097,46.4976919],[-80.7521938,46.4996684],[-80.7492458,46.5008151]]]}},
{"type":"Feature","properties":{"full_id":"w243114804","osm_id":"243114804","osm_type":"way","railway":"rail","covered":null,"tunnel":null,"railway:track_ref":null,"abandoned:electrified":null,"Source":null,"layer":null,"bridge":"yes","railway:preferred_direction":null,"workrules":null,"railway:traffic_mode":null,"usage":null,"reporting_marks":null,"owner:wikipedia":null,"owner:wikidata":null,"owner":null,"operator:wikipedia":null,"operator:wikidata":null,"operator:short":null,"operator":null,"name":null,"maxspeed":null,"service":"spur","gauge":"1435","electrified":"no"},"geometry":{"type":"MultiLineString","coordinates":[[[-80.8496468,46.4845992],[-80.8496355,46.4846899]]]}},
{"type":"Feature","properties":{"full_id":"w243114809","osm_id":"243114809","osm_type":"way","railway":"rail","covered":null,"tunnel":null,"railway:track_ref":null,"abandoned:electrified":null,"Source":null,"layer":null,"bridge":null,"railway:preferred_direction":null,"workrules":null,"railway:traffic_mode":null,"usage":"branch","reporting_marks":null,"owner:wikipedia":null,"owner:wikidata":null,"owner":null,"operator:wikipedia":null,"operator:wikidata":"Q2962343","operator:short":null,"operator":"Ottawa Valley Railway","name":"OVR Cartier Subdivision","maxspeed":null,"service":null,"gauge":"1435","electrified":"no"},"geometry":{"type":"MultiLineString","coordinates":[[[-80.7492458,46.5008151],[-80.7478532,46.5012954],[-80.746493,46.5015106],[-80.7441058,46.5017228],[-80.7438164,46.50174],[-80.7419225,46.5018386],[-80.7370681,46.5022517],[-80.7352326,46.5024975],[-80.7337916,46.5028566],[-80.7271548,46.5045721],[-80.7248377,46.5051738],[-80.7158838,46.5075392],[-80.7107194,46.5089421],[-80.7089847,46.5093879],[-80.7078061,46.5097039],[-80.7058884,46.5102182],[-80.7044569,46.5105588],[-80.703105,46.5108392],[-80.7020364,46.5110557],[-80.7010443,46.511222]]]}},
{"type":"Feature","properties":{"full_id":"w243114819","osm_id":"243114819","osm_type":"way","railway":"rail","covered":null,"tunnel":null,"railway:track_ref":null,"abandoned:electrified":null,"Source":null,"layer":null,"bridge":null,"railway:preferred_direction":null,"workrules":null,"railway:traffic_mode":null,"usage":null,"reporting_marks":null,"owner:wikipedia":null,"owner:wikidata":null,"owner":null,"operator:wikipedia":null,"operator:wikidata":null,"operator:short":null,"operator":null,"name":null,"maxspeed":null,"service":"spur","gauge":"1435","electrified":"no"},"geometry":{"type":"MultiLineString","coordinates":[[[-80.8496468,46.4845992],[-80.849663,46.4844291],[-80.849673,46.4840643],[-80.8496882,46.4823723],[-80.8497111,46.4798701],[-80.8497095,46.479538]]]}},
{"type":"Feature","properties":{"full_id":"w243207096","osm_id":"243207096","osm_type":"way","railway":"rail","covered":null,"tunnel":null,"railway:track_ref":null,"abandoned:electrified":null,"Source":null,"layer":null,"bridge":null,"railway:preferred_direction":null,"workrules":null,"railway:traffic_mode":null,"usage":"main","reporting_marks":"CN","owner:wikipedia":"en:Canadian National Railway","owner:wikidata":"Q624798","owner":"Canadian National Railway","operator:wikipedia":"en:Canadian National Railway","operator:wikidata":"Q624798","operator:short":"CN","operator":"Canadian National Railway","name":"CN Bala Subdivision","maxspeed":"40 mph","service":null,"gauge":"1435","electrified":"no"},"geometry":{"type":"MultiLineString","coordinates":[[[-80.7984638,46.3963797],[-80.7985942,46.3953975],[-80.7987649,46.3947389],[-80.7992189,46.3939753],[-80.7998712,46.3932247],[-80.8013052,46.3915967],[-80.8027536,46.390055],[-80.8042819,46.3885626],[-80.8048607,46.3880832],[-80.8053797,46.3877654],[-80.8062678,46.387406],[-80.8088507,46.3864304]]]}},
{"type":"Feature","properties":{"full_id":"w243207100","osm_id":"243207100","osm_type":"way","railway":"rail","covered":null,"tunnel":null,"railway:track_ref":null,"abandoned:electrified":null,"Source":null,"layer":null,"bridge":null,"railway:preferred_direction":null,"workrules":null,"railway:traffic_mode":null,"usage":"main","reporting_marks":"CN","owner:wikipedia":"en:Canadian National Railway","owner:wikidata":"Q624798","owner":"Canadian National Railway","operator:wikipedia":"en:Canadian National Railway","operator:wikidata":"Q624798","operator:short":"CN","operator":"Canadian National Railway","name":"CN Bala Subdivision","maxspeed":"40 mph","service":null,"gauge":"1435","electrified":"no"},"geometry":{"type":"MultiLineString","coordinates":[[[-80.825527,46.4124701],[-80.8254184,46.4121006],[-80.8252157,46.4116356],[-80.8250112,46.4112918],[-80.8242461,46.4102349],[-80.8238596,46.4097264],[-80.8233412,46.4092491],[-80.8224684,46.4085931],[-80.821945,46.4082182],[-80.8204789,46.407133],[-80.8199838,46.4068172],[-80.8194145,46.4065908],[-80.8186025,46.4063715],[-80.8177839,46.4063036],[-80.8168319,46.4064309],[-80.8147756,46.4069696],[-80.8123098,46.4077281],[-80.8116241,46.4079031],[-80.8109104,46.4080201],[-80.8104138,46.40805],[-80.8099265,46.4080476],[-80.8094114,46.4079931],[-80.8087725,46.4078775],[-80.8075416,46.4076019],[-80.8066347,46.407404],[-80.8059132,46.4072387],[-80.8051917,46.4070219],[-80.804466,46.4067498],[-80.803703,46.4063747],[-80.8028641,46.4058247],[-80.8025332,46.405551],[-80.8021934,46.4052341],[-80.8018796,46.4048855],[-80.8016515,46.4045917],[-80.8010092,46.403744],[-80.7998389,46.4021701],[-80.7988754,46.4008756],[-80.7985799,46.400326],[-80.7984855,46.4001148],[-80.7983712,46.39977],[-80.7982814,46.3993939],[-80.7982335,46.3990099],[-80.7982156,46.3987072],[-80.7983115,46.3976259],[-80.7984638,46.3963797]]]}},
{"type":"Feature","properties":{"full_id":"w243207108","osm_id":"243207108","osm_type":"way","railway":"rail","covered":null,"tunnel":null,"railway:track_ref":null,"abandoned:electrified":null,"Source":null,"layer":null,"bridge":null,"railway:preferred_direction":null,"workrules":null,"railway:traffic_mode":null,"usage":"main","reporting_marks":"CN","owner:wikipedia":"en:Canadian National Railway","owner:wikidata":"Q624798","owner":"Canadian National Railway","operator:wikipedia":"en:Canadian National Railway","operator:wikidata":"Q624798","operator:short":"CN","operator":"Canadian National Railway","name":"CN Bala Subdivision","maxspeed":"40 mph","service":null,"gauge":"1435","electrified":"no"},"geometry":{"type":"MultiLineString","coordinates":[[[-80.8411973,46.4446351],[-80.8408268,46.4439083],[-80.8369395,46.4381321]]]}},
{"type":"Feature","properties":{"full_id":"w243207112","osm_id":"243207112","osm_type":"way","railway":"rail","covered":null,"tunnel":null,"railway:track_ref":null,"abandoned:electrified":null,"Source":null,"layer":null,"bridge":null,"railway:preferred_direction":"forward","workrules":null,"railway:traffic_mode":null,"usage":"main","reporting_marks":"CN","owner:wikipedia":"en:Canadian National Railway","owner:wikidata":"Q624798","owner":"Canadian National Railway","operator:wikipedia":"en:Canadian National Railway","operator:wikidata":"Q624798","operator:short":"CN","operator":"Canadian National Railway","name":"CN Bala Subdivision","maxspeed":"50 mph","service":null,"gauge":"1435","electrified":"no"},"geometry":{"type":"MultiLineString","coordinates":[[[-80.8219354,46.3650464],[-80.8222382,46.3632471],[-80.8223142,46.3628393],[-80.8225286,46.3621939],[-80.822703237632055,46.361801742976368]]]}},
{"type":"Feature","properties":{"full_id":"w243207117","osm_id":"243207117","osm_type":"way","railway":"rail","covered":null,"tunnel":null,"railway:track_ref":null,"abandoned:electrified":null,"Source":null,"layer":null,"bridge":null,"railway:preferred_direction":null,"workrules":null,"railway:traffic_mode":null,"usage":"main","reporting_marks":"CPKC","owner:wikipedia":null,"owner:wikidata":null,"owner":null,"operator:wikipedia":null,"operator:wikidata":"Q117706368","operator:short":null,"operator":"Canadian Pacific Kansas City","name":"Parry Sound Subdivision","maxspeed":"45 mph","service":null,"gauge":"1435","electrified":"no"},"geometry":{"type":"MultiLineString","coordinates":[[[-80.8133569,46.4000932],[-80.8131714,46.3999268],[-80.8130565,46.3998239],[-80.8128876,46.3996567],[-80.8127268,46.399482],[-80.8125802,46.3993001],[-80.8124256,46.3990931],[-80.8123089,46.3988964],[-80.8121863,46.3986768],[-80.8120913,46.3984685],[-80.8120137,46.3982796],[-80.8119449,46.3980572],[-80.8118864,46.3978468],[-80.8118401,46.3975918],[-80.8118134,46.3973399],[-80.8117869,46.3970077],[-80.8117026,46.3958077],[-80.8115829,46.3941121],[-80.8114361,46.3919177],[-80.8113732,46.3911641],[-80.811296,46.3899422],[-80.8112855,46.3894833],[-80.8113008,46.3890804]]]}},
{"type":"Feature","properties":{"full_id":"w243207129","osm_id":"243207129","osm_type":"way","railway":"rail","covered":null,"tunnel":null,"railway:track_ref":null,"abandoned:electrified":null,"Source":null,"layer":null,"bridge":null,"railway:preferred_direction":null,"workrules":null,"railway:traffic_mode":null,"usage":"main","reporting_marks":"CPKC","owner:wikipedia":null,"owner:wikidata":null,"owner":null,"operator:wikipedia":null,"operator:wikidata":"Q117706368","operator:short":null,"operator":"Canadian Pacific Kansas City","name":"Parry Sound Subdivision","maxspeed":"45 mph","service":null,"gauge":"1435","electrified":"no"},"geometry":{"type":"MultiLineString","coordinates":[[[-80.8395818,46.4273879],[-80.8394714,46.4270701],[-80.8393577,46.4267849],[-80.8392278,46.4264822],[-80.8390696,46.4261794],[-80.8388845,46.4258553],[-80.8386882,46.4255702],[-80.8386464,46.4255069],[-80.8384382,46.4252321],[-80.8381802,46.4249234],[-80.8378535,46.4245488],[-80.8372696,46.4239335],[-80.8363024,46.4228676],[-80.834767,46.4212356],[-80.8344744,46.4209263],[-80.8341903,46.4205966],[-80.8339543,46.4203103],[-80.8336994,46.4199875],[-80.8334972,46.4196867],[-80.8333464,46.4194373],[-80.8332068,46.4191754],[-80.8330907,46.4189198],[-80.8329897,46.418658],[-80.8328991,46.4183859],[-80.8328348,46.4181356],[-80.8327875,46.4178699],[-80.8327419,46.4175833],[-80.832717,46.4173174],[-80.8327111,46.4170567],[-80.8327149,46.4168074],[-80.8327318,46.4165732],[-80.8327607,46.4163555],[-80.8328157,46.416102],[-80.8328832,46.4158631],[-80.8329629,46.4156203],[-80.8330629,46.415361],[-80.8331588,46.4151247],[-80.8337504,46.4137987],[-80.8338789,46.4135021],[-80.8339836,46.4132389],[-80.8340706,46.4129832],[-80.8341382,46.4127155],[-80.8341873,46.4124436],[-80.8342131,46.4121696],[-80.8342179,46.4119176],[-80.8341727,46.411611],[-80.8340964,46.4113076],[-80.8340025,46.4110471],[-80.8338887,46.4107851],[-80.833749,46.4105485],[-80.8335885,46.4103071],[-80.8333997,46.4100756],[-80.8331769,46.4098414],[-80.8329402,46.4096242],[-80.8326542,46.4093905],[-80.832392,46.4091977],[-80.8321117,46.4089973],[-80.8283792,46.406408],[-80.8279241,46.4060972],[-80.8276165,46.4058739],[-80.8269182,46.4053599],[-80.8266193,46.4051449],[-80.8262791,46.4049098],[-80.8259176,46.404675],[-80.8255689,46.4044679],[-80.8252366,46.4042856],[-80.8249015,46.4041125],[-80.8244697,46.4039062],[-80.8240787,46.4037352],[-80.8236428,46.4035509],[-80.823221,46.4033902],[-80.8228439,46.4032508],[-80.8223962,46.403095],[-80.8219327,46.4029568],[-80.8214549,46.4028381],[-80.8208642,46.4026956],[-80.820587,46.4026236]]]}},
{"type":"Feature","properties":{"full_id":"w243207135","osm_id":"243207135","osm_type":"way","railway":"rail","covered":null,"tunnel":null,"railway:track_ref":null,"abandoned:electrified":null,"Source":null,"layer":null,"bridge":null,"railway:preferred_direction":null,"workrules":null,"railway:traffic_mode":null,"usage":"main","reporting_marks":"CPKC","owner:wikipedia":null,"owner:wikidata":null,"owner":null,"operator:wikipedia":null,"operator:wikidata":"Q117706368","operator:short":null,"operator":"Canadian Pacific Kansas City","name":"Parry Sound Subdivision","maxspeed":"45 mph","service":null,"gauge":"1435","electrified":"no"},"geometry":{"type":"MultiLineString","coordinates":[[[-80.8113008,46.3890804],[-80.8113612,46.3886123],[-80.8114693,46.3881488],[-80.8116104,46.3876892],[-80.8117725,46.3872347],[-80.812083,46.3864131]]]}},
{"type":"Feature","properties":{"full_id":"w243381243","osm_id":"243381243","osm_type":"way","railway":"rail","covered":null,"tunnel":null,"railway:track_ref":null,"abandoned:electrified":null,"Source":null,"layer":"1","bridge":"yes","railway:preferred_direction":null,"workrules":null,"railway:traffic_mode":null,"usage":"main","reporting_marks":"CPKC","owner:wikipedia":null,"owner:wikidata":null,"owner":null,"operator:wikipedia":null,"operator:wikidata":"Q117706368","operator:short":null,"operator":"Canadian Pacific Kansas City","name":"Cartier Subdivision","maxspeed":"55 mph","service":null,"gauge":"1435","electrified":"no"},"geometry":{"type":"MultiLineString","coordinates":[[[-81.199559,46.5862235],[-81.1990582,46.5861415]]]}},
{"type":"Feature","properties":{"full_id":"w243381245","osm_id":"243381245","osm_type":"way","railway":"rail","covered":null,"tunnel":null,"railway:track_ref":null,"abandoned:electrified":null,"Source":null,"layer":null,"bridge":null,"railway:preferred_direction":null,"workrules":null,"railway:traffic_mode":null,"usage":"main","reporting_marks":"CPKC","owner:wikipedia":null,"owner:wikidata":null,"owner":null,"operator:wikipedia":null,"operator:wikidata":"Q117706368","operator:short":null,"operator":"Canadian Pacific Kansas City","name":"Cartier Subdivision","maxspeed":"55 mph","service":null,"gauge":"1435","electrified":"no"},"geometry":{"type":"MultiLineString","coordinates":[[[-81.1990582,46.5861415],[-81.197111,46.5857906],[-81.1966001,46.585701],[-81.1959439,46.5855773],[-81.1954783,46.585481],[-81.1949965,46.5853719],[-81.1945614,46.5852593],[-81.1941387,46.5851407],[-81.193662,46.5849998],[-81.1931286,46.584819],[-81.1926314,46.584637],[-81.1910082,46.584034]]]}},
{"type":"Feature","properties":{"full_id":"w246242487","osm_id":"246242487","osm_type":"way","railway":"rail","covered":null,"tunnel":null,"railway:track_ref":null,"abandoned:electrified":null,"Source":null,"layer":null,"bridge":null,"railway:preferred_direction":null,"workrules":null,"railway:traffic_mode":null,"usage":null,"reporting_marks":null,"owner:wikipedia":null,"owner:wikidata":null,"owner":null,"operator:wikipedia":null,"operator:wikidata":null,"operator:short":null,"operator":null,"name":null,"maxspeed":null,"service":"yard","gauge":"1435","electrified":"no"},"geometry":{"type":"MultiLineString","coordinates":[[[-80.9327818,46.7146464],[-80.9331332,46.7146243],[-80.9334572,46.7145731],[-80.9336932,46.7145161],[-80.93397,46.7144257],[-80.9343053,46.7142712],[-80.9345172,46.714148],[-80.934764,46.7139825],[-80.9348819,46.7139169],[-80.9349929,46.7138552]]]}},
{"type":"Feature","properties":{"full_id":"w246242488","osm_id":"246242488","osm_type":"way","railway":"rail","covered":null,"tunnel":null,"railway:track_ref":null,"abandoned:electrified":null,"Source":null,"layer":null,"bridge":null,"railway:preferred_direction":null,"workrules":null,"railway:traffic_mode":null,"usage":null,"reporting_marks":null,"owner:wikipedia":null,"owner:wikidata":null,"owner":null,"operator:wikipedia":null,"operator:wikidata":null,"operator:short":null,"operator":null,"name":null,"maxspeed":null,"service":"yard","gauge":"1435","electrified":"no"},"geometry":{"type":"MultiLineString","coordinates":[[[-80.932806,46.7147218],[-80.933101,46.714696],[-80.9334095,46.7146445],[-80.9337286,46.7145673],[-80.9339674,46.7144864],[-80.9342517,46.7143852],[-80.9344528,46.7142878],[-80.9346513,46.714159],[-80.9347619,46.7140758]]]}},
{"type":"Feature","properties":{"full_id":"w246242489","osm_id":"246242489","osm_type":"way","railway":"rail","covered":null,"tunnel":null,"railway:track_ref":null,"abandoned:electrified":null,"Source":null,"layer":null,"bridge":null,"railway:preferred_direction":null,"workrules":null,"railway:traffic_mode":null,"usage":null,"reporting_marks":null,"owner:wikipedia":null,"owner:wikidata":null,"owner":null,"operator:wikipedia":null,"operator:wikidata":null,"operator:short":null,"operator":null,"name":null,"maxspeed":null,"service":"yard","gauge":"1435","electrified":"no"},"geometry":{"type":"MultiLineString","coordinates":[[[-80.939696,46.7132325],[-80.9381328,46.7129673],[-80.9324707,46.7120643],[-80.931252,46.7118814]]]}},
{"type":"Feature","properties":{"full_id":"w246242490","osm_id":"246242490","osm_type":"way","railway":"rail","covered":null,"tunnel":null,"railway:track_ref":null,"abandoned:electrified":null,"Source":null,"layer":null,"bridge":null,"railway:preferred_direction":null,"workrules":null,"railway:traffic_mode":null,"usage":null,"reporting_marks":null,"owner:wikipedia":null,"owner:wikidata":null,"owner":null,"operator:wikipedia":null,"operator:wikidata":null,"operator:short":null,"operator":null,"name":null,"maxspeed":null,"service":"yard","gauge":"1435","electrified":"no"},"geometry":{"type":"MultiLineString","coordinates":[[[-80.9334807,46.7142345],[-80.9332807,46.7142841],[-80.9330495,46.7143101],[-80.9327577,46.7143227],[-80.9315555,46.7143156]]]}},
{"type":"Feature","properties":{"full_id":"w246242491","osm_id":"246242491","osm_type":"way","railway":"rail","covered":null,"tunnel":null,"railway:track_ref":null,"abandoned:electrified":null,"Source":null,"layer":null,"bridge":null,"railway:preferred_direction":null,"workrules":null,"railway:traffic_mode":null,"usage":null,"reporting_marks":null,"owner:wikipedia":null,"owner:wikidata":null,"owner":null,"operator:wikipedia":null,"operator:wikidata":null,"operator:short":null,"operator":null,"name":null,"maxspeed":null,"service":"yard","gauge":"1435","electrified":"no"},"geometry":{"type":"MultiLineString","coordinates":[[[-80.9340009,46.7142743],[-80.9338815,46.7143098],[-80.9336476,46.7143763],[-80.9334416,46.7144183],[-80.9331836,46.7144554],[-80.9330441,46.7144719],[-80.9327416,46.7144809],[-80.9315265,46.7144753]]]}},
{"type":"Feature","properties":{"full_id":"w246242492","osm_id":"246242492","osm_type":"way","railway":"rail","covered":null,"tunnel":null,"railway:track_ref":null,"abandoned:electrified":null,"Source":null,"layer":null,"bridge":null,"railway:preferred_direction":null,"workrules":null,"railway:traffic_mode":null,"usage":null,"reporting_marks":null,"owner:wikipedia":null,"owner:wikidata":null,"owner":null,"operator:wikipedia":null,"operator:wikidata":null,"operator:short":null,"operator":null,"name":null,"maxspeed":null,"service":"yard","gauge":"1435","electrified":"no"},"geometry":{"type":"MultiLineString","coordinates":[[[-80.9326075,46.7132561],[-80.9349812,46.7129931],[-80.9353943,46.7129489],[-80.9356325,46.7129585],[-80.9358009,46.712974],[-80.935892,46.7129749],[-80.9360273,46.7129968],[-80.9363009,46.713028],[-80.93659,46.7130596],[-80.9368582,46.7130669],[-80.9383848,46.7131501],[-80.9386743,46.7131659],[-80.9388833,46.7131773],[-80.9392424,46.7132017],[-80.939696,46.7132325],[-80.9400424,46.7132561],[-80.9403288,46.7132715],[-80.9405199,46.7132818],[-80.9409195,46.7133186],[-80.9412816,46.7133774],[-80.9417857,46.7134716]]]}},
{"type":"Feature","properties":{"full_id":"w246242493","osm_id":"246242493","osm_type":"way","railway":"rail","covered":null,"tunnel":null,"railway:track_ref":null,"abandoned:electrified":null,"Source":null,"layer":null,"bridge":null,"railway:preferred_direction":null,"workrules":null,"railway:traffic_mode":null,"usage":null,"reporting_marks":null,"owner:wikipedia":null,"owner:wikidata":null,"owner":null,"operator:wikipedia":null,"operator:wikidata":null,"operator:short":null,"operator":null,"name":null,"maxspeed":null,"service":"yard","gauge":"1435","electrified":"no"},"geometry":{"type":"MultiLineString","coordinates":[[[-80.9327899,46.713771],[-80.9332485,46.7137692],[-80.9335511,46.713751],[-80.9338279,46.7136993],[-80.9340124,46.7136572],[-80.9343053,46.7135889],[-80.9347527,46.7134844],[-80.9351636,46.7133866],[-80.9355069,46.7133076],[-80.9357591,46.7132689],[-80.9359838,46.7132453],[-80.9361389,46.7132397]]]}},
{"type":"Feature","properties":{"full_id":"w246242494","osm_id":"246242494","osm_type":"way","railway":"rail","covered":null,"tunnel":null,"railway:track_ref":null,"abandoned:electrified":null,"Source":null,"layer":null,"bridge":null,"railway:preferred_direction":null,"workrules":null,"railway:traffic_mode":null,"usage":null,"reporting_marks":null,"owner:wikipedia":null,"owner:wikidata":null,"owner":null,"operator:wikipedia":null,"operator:wikidata":null,"operator:short":null,"operator":null,"name":null,"maxspeed":null,"service":"yard","gauge":"1435","electrified":"no"},"geometry":{"type":"MultiLineString","coordinates":[[[-80.927218,46.7107937],[-80.9278889,46.7109152],[-80.9413782,46.7130832],[-80.9449723,46.7136478],[-80.9476519,46.7140708],[-80.9480377,46.7141409],[-80.9483994,46.7142217],[-80.9488665,46.7143561],[-80.9492313,46.7144866],[-80.9496419,46.7146685],[-80.9499528,46.7148232],[-80.9501129,46.7149116]]]}},
{"type":"Feature","properties":{"full_id":"w246242495","osm_id":"246242495","osm_type":"way","railway":"rail","covered":null,"tunnel":null,"railway:track_ref":null,"abandoned:electrified":null,"Source":null,"layer":null,"bridge":null,"railway:preferred_direction":null,"workrules":null,"railway:traffic_mode":null,"usage":null,"reporting_marks":null,"owner:wikipedia":null,"owner:wikidata":null,"owner":null,"operator:wikipedia":null,"operator:wikidata":null,"operator:short":null,"operator":null,"name":null,"maxspeed":null,"service":"yard","gauge":"1435","electrified":"no"},"geometry":{"type":"MultiLineString","coordinates":[[[-80.935892,46.7129749],[-80.9354447,46.7129051],[-80.9351336,46.7128904],[-80.9347876,46.7129088],[-80.9344416,46.7129327],[-80.9337952,46.7129179],[-80.9334711,46.7128993],[-80.9328891,46.712857],[-80.932358,46.7128092],[-80.9318913,46.7127338],[-80.93143,46.7126198],[-80.9309252,46.7124251],[-80.9304483,46.712241],[-80.9301569,46.7120748],[-80.9300293,46.7120021],[-80.9297938,46.711807],[-80.9294907,46.711634],[-80.9289404,46.7113989],[-80.9286538,46.7112884],[-80.9283556,46.7111735],[-80.9280853,46.7110381]]]}},
{"type":"Feature","properties":{"full_id":"w246242497","osm_id":"246242497","osm_type":"way","railway":"rail","covered":null,"tunnel":null,"railway:track_ref":null,"abandoned:electrified":null,"Source":null,"layer":null,"bridge":null,"railway:preferred_direction":null,"workrules":null,"railway:traffic_mode":null,"usage":null,"reporting_marks":null,"owner:wikipedia":null,"owner:wikidata":null,"owner":null,"operator:wikipedia":null,"operator:wikidata":null,"operator:short":null,"operator":null,"name":null,"maxspeed":null,"service":"yard","gauge":"1435","electrified":"no"},"geometry":{"type":"MultiLineString","coordinates":[[[-80.9351986,46.7136964],[-80.9350479,46.7137615],[-80.934992,46.7137857],[-80.9348605,46.7138648],[-80.9346401,46.7139809],[-80.9344391,46.7140731],[-80.9343236,46.7141262],[-80.9340205,46.714266],[-80.9340009,46.7142743],[-80.9337925,46.7143634],[-80.9335838,46.7144294],[-80.9332995,46.7144882],[-80.9330415,46.7145308],[-80.9327174,46.7145323],[-80.9315153,46.7145363]]]}},
{"type":"Feature","properties":{"full_id":"w246242498","osm_id":"246242498","osm_type":"way","railway":"rail","covered":null,"tunnel":null,"railway:track_ref":null,"abandoned:electrified":null,"Source":null,"layer":null,"bridge":null,"railway:preferred_direction":null,"workrules":null,"railway:traffic_mode":null,"usage":null,"reporting_marks":null,"owner:wikipedia":null,"owner:wikidata":null,"owner":null,"operator:wikipedia":null,"operator:wikidata":null,"operator:short":null,"operator":null,"name":null,"maxspeed":null,"service":"yard","gauge":"1435","electrified":"no"},"geometry":{"type":"MultiLineString","coordinates":[[[-80.932806,46.7142013],[-80.9332507,46.7142034],[-80.9335591,46.7141722],[-80.9337957,46.7141351],[-80.9340151,46.7140894],[-80.934198,46.7140505],[-80.9344658,46.7139756]]]}},
{"type":"Feature","properties":{"full_id":"w246242499","osm_id":"246242499","osm_type":"way","railway":"rail","covered":null,"tunnel":null,"railway:track_ref":null,"abandoned:electrified":null,"Source":null,"layer":null,"bridge":null,"railway:preferred_direction":null,"workrules":null,"railway:traffic_mode":null,"usage":null,"reporting_marks":null,"owner:wikipedia":null,"owner:wikidata":null,"owner":null,"operator:wikipedia":null,"operator:wikidata":null,"operator:short":null,"operator":null,"name":null,"maxspeed":null,"service":"yard","gauge":"1435","electrified":"no"},"geometry":{"type":"MultiLineString","coordinates":[[[-80.9344391,46.7140731],[-80.9343691,46.7141005],[-80.9340956,46.7142016],[-80.9338654,46.7142712],[-80.9337099,46.7143153],[-80.9334518,46.7143781],[-80.9332614,46.7144002],[-80.933071,46.7144223],[-80.9327469,46.714422],[-80.9315346,46.7144257]]]}},
{"type":"Feature","properties":{"full_id":"w246242500","osm_id":"246242500","osm_type":"way","railway":"rail","covered":null,"tunnel":null,"railway:track_ref":null,"abandoned:electrified":null,"Source":null,"layer":null,"bridge":null,"railway:preferred_direction":null,"workrules":null,"railway:traffic_mode":null,"usage":null,"reporting_marks":null,"owner:wikipedia":null,"owner:wikidata":null,"owner":null,"operator:wikipedia":null,"operator:wikidata":null,"operator:short":null,"operator":null,"name":null,"maxspeed":null,"service":"yard","gauge":"1435","electrified":"no"},"geometry":{"type":"MultiLineString","coordinates":[[[-80.9299239,46.711528],[-80.930598,46.7116251],[-80.9422606,46.7134859],[-80.9465028,46.7141557]]]}},
{"type":"Feature","properties":{"full_id":"w246242501","osm_id":"246242501","osm_type":"way","railway":"rail","covered":null,"tunnel":null,"railway:track_ref":null,"abandoned:electrified":null,"Source":null,"layer":null,"bridge":null,"railway:preferred_direction":null,"workrules":null,"railway:traffic_mode":null,"usage":null,"reporting_marks":null,"owner:wikipedia":null,"owner:wikidata":null,"owner":null,"operator:wikipedia":null,"operator:wikidata":null,"operator:short":null,"operator":null,"name":null,"maxspeed":null,"service":"yard","gauge":"1435","electrified":"no"},"geometry":{"type":"MultiLineString","coordinates":[[[-80.9326504,46.7139623],[-80.9334009,46.713946],[-80.9337442,46.7139147],[-80.9340317,46.7138685],[-80.9343799,46.713786],[-80.9347774,46.7136625],[-80.935037,46.7135653]]]}},
{"type":"Feature","properties":{"full_id":"w246242502","osm_id":"246242502","osm_type":"way","railway":"rail","covered":null,"tunnel":null,"railway:track_ref":null,"abandoned:electrified":null,"Source":null,"layer":null,"bridge":null,"railway:preferred_direction":null,"workrules":null,"railway:traffic_mode":null,"usage":null,"reporting_marks":null,"owner:wikipedia":null,"owner:wikidata":null,"owner":null,"operator:wikipedia":null,"operator:wikidata":null,"operator:short":null,"operator":null,"name":null,"maxspeed":null,"service":"yard","gauge":"1435","electrified":"no"},"geometry":{"type":"MultiLineString","coordinates":[[[-80.9326504,46.7123034],[-80.9314568,46.712068],[-80.9311344,46.7120094],[-80.9308045,46.7119322],[-80.9303651,46.7118179],[-80.9299548,46.7116928],[-80.9296699,46.7115809],[-80.9293835,46.7114832],[-80.929016,46.7113894],[-80.9286538,46.7112884]]]}},
{"type":"Feature","properties":{"full_id":"w246242504","osm_id":"246242504","osm_type":"way","railway":"rail","covered":null,"tunnel":null,"railway:track_ref":null,"abandoned:electrified":null,"Source":null,"layer":null,"bridge":null,"railway:preferred_direction":null,"workrules":null,"railway:traffic_mode":null,"usage":null,"reporting_marks":null,"owner:wikipedia":null,"owner:wikidata":null,"owner":null,"operator:wikipedia":null,"operator:wikidata":null,"operator:short":null,"operator":null,"name":null,"maxspeed":null,"service":"yard","gauge":"1435","electrified":"no"},"geometry":{"type":"MultiLineString","coordinates":[[[-80.9201409,46.7094404],[-80.9205268,46.7096054],[-80.9207843,46.7096955],[-80.9210311,46.7097801],[-80.9210639,46.709787],[-80.9213148,46.7098393],[-80.9218411,46.7099677],[-80.9223239,46.7100707],[-80.9226109,46.7101222],[-80.9229891,46.7101958],[-80.9236569,46.7103025],[-80.9241285,46.7103892],[-80.926433,46.7107825],[-80.9275161,46.7110053],[-80.9280021,46.7110859],[-80.9283556,46.7111735]]]}},
{"type":"Feature","properties":{"full_id":"w246242505","osm_id":"246242505","osm_type":"way","railway":"rail","covered":null,"tunnel":null,"railway:track_ref":null,"abandoned:electrified":null,"Source":null,"layer":null,"bridge":null,"railway:preferred_direction":null,"workrules":null,"railway:traffic_mode":null,"usage":null,"reporting_marks":null,"owner:wikipedia":null,"owner:wikidata":null,"owner":null,"operator:wikipedia":null,"operator:wikidata":null,"operator:short":null,"operator":null,"name":null,"maxspeed":null,"service":"yard","gauge":"1435","electrified":"no"},"geometry":{"type":"MultiLineString","coordinates":[[[-80.9315856,46.7142013],[-80.932395,46.7142126],[-80.932645,46.7142363],[-80.9330441,46.7142641],[-80.9333612,46.7142528],[-80.9334807,46.7142345],[-80.9336235,46.7142126],[-80.9339883,46.7141428],[-80.934235,46.7140637],[-80.9344658,46.7139756],[-80.934544,46.7139457],[-80.9348069,46.7138482],[-80.9350479,46.7137615]]]}},
{"type":"Feature","properties":{"full_id":"w246242508","osm_id":"246242508","osm_type":"way","railway":"rail","covered":null,"tunnel":null,"railway:track_ref":null,"abandoned:electrified":null,"Source":null,"layer":null,"bridge":null,"railway:preferred_direction":null,"workrules":null,"railway:traffic_mode":null,"usage":null,"reporting_marks":null,"owner:wikipedia":null,"owner:wikidata":null,"owner":null,"operator:wikipedia":null,"operator:wikidata":null,"operator:short":null,"operator":null,"name":null,"maxspeed":null,"service":"yard","gauge":"1435","electrified":"no"},"geometry":{"type":"MultiLineString","coordinates":[[[-80.9327443,46.7148137],[-80.9331788,46.7148027],[-80.9334545,46.7147699],[-80.9337442,46.7147128],[-80.9340124,46.7146356],[-80.9341653,46.714551],[-80.9343638,46.7144333],[-80.9345896,46.7142473],[-80.9347619,46.7140758],[-80.9349222,46.7139163],[-80.9349929,46.7138552],[-80.9351073,46.7137563],[-80.9351986,46.7136964],[-80.9352891,46.713637],[-80.9356571,46.7134602],[-80.9359141,46.7133483],[-80.9362172,46.7132729],[-80.9364822,46.7132258],[-80.9369231,46.7131696],[-80.9371265,46.7131721],[-80.9371748,46.7131726],[-80.9373845,46.7131751],[-80.9383495,46.7132453],[-80.9405252,46.7133738],[-80.941756,46.7134697],[-80.9417857,46.7134716],[-80.9420876,46.7135158],[-80.9439232,46.7137952],[-80.945106,46.7139883],[-80.9456827,46.7140876],[-80.9459885,46.7141299],[-80.9463881,46.7141538],[-80.9465028,46.7141557],[-80.9466943,46.714159],[-80.9470083,46.7141738],[-80.9473702,46.7142491],[-80.9478312,46.7143285],[-80.9483653,46.714433],[-80.9489765,46.7146209],[-80.9495027,46.7148482],[-80.9496811,46.7149482],[-80.9500613,46.7151894]]]}},
{"type":"Feature","properties":{"full_id":"w246242509","osm_id":"246242509","osm_type":"way","railway":"rail","covered":null,"tunnel":null,"railway:track_ref":null,"abandoned:electrified":null,"Source":null,"layer":null,"bridge":null,"railway:preferred_direction":null,"workrules":null,"railway:traffic_mode":null,"usage":null,"reporting_marks":null,"owner:wikipedia":null,"owner:wikidata":null,"owner":null,"operator:wikipedia":null,"operator:wikidata":null,"operator:short":null,"operator":null,"name":null,"maxspeed":null,"service":"yard","gauge":"1435","electrified":"no"},"geometry":{"type":"MultiLineString","coordinates":[[[-80.9332539,46.7136754],[-80.9345467,46.7134308],[-80.9353701,46.7132708],[-80.9357832,46.7132009],[-80.9362118,46.7131681],[-80.9365315,46.7131567],[-80.9371265,46.7131721]]]}},
{"type":"Feature","properties":{"full_id":"w246242510","osm_id":"246242510","osm_type":"way","railway":"rail","covered":null,"tunnel":null,"railway:track_ref":null,"abandoned:electrified":null,"Source":null,"layer":null,"bridge":null,"railway:preferred_direction":null,"workrules":null,"railway:traffic_mode":null,"usage":null,"reporting_marks":null,"owner:wikipedia":null,"owner:wikidata":null,"owner":null,"operator:wikipedia":null,"operator:wikidata":null,"operator:short":null,"operator":null,"name":null,"maxspeed":null,"service":"yard","gauge":"1435","electrified":"no"},"geometry":{"type":"MultiLineString","coordinates":[[[-80.9270997,46.7110246],[-80.9258778,46.710788],[-80.9243913,46.7105179],[-80.9230829,46.7102804],[-80.9223802,46.710159],[-80.9218706,46.7100505],[-80.9215219,46.7099585],[-80.9212853,46.7098871],[-80.9210639,46.709787]]]}},
{"type":"Feature","properties":{"full_id":"w246242511","osm_id":"246242511","osm_type":"way","railway":"rail","covered":null,"tunnel":null,"railway:track_ref":null,"abandoned:electrified":null,"Source":null,"layer":null,"bridge":null,"railway:preferred_direction":null,"workrules":null,"railway:traffic_mode":null,"usage":null,"reporting_marks":null,"owner:wikipedia":null,"owner:wikidata":null,"owner":null,"operator:wikipedia":null,"operator:wikidata":null,"operator:short":null,"operator":null,"name":null,"maxspeed":null,"service":"yard","gauge":"1435","electrified":"no"},"geometry":{"type":"MultiLineString","coordinates":[[[-80.9329267,46.7124082],[-80.9313254,46.712125],[-80.9310089,46.7120643],[-80.9305529,46.7119393],[-80.93029,46.7118565],[-80.9299548,46.7116928]]]}},
{"type":"Feature","properties":{"full_id":"w246242512","osm_id":"246242512","osm_type":"way","railway":"rail","covered":null,"tunnel":null,"railway:track_ref":null,"abandoned:electrified":null,"Source":null,"layer":null,"bridge":null,"railway:preferred_direction":null,"workrules":null,"railway:traffic_mode":null,"usage":null,"reporting_marks":null,"owner:wikipedia":null,"owner:wikidata":null,"owner":null,"operator:wikipedia":null,"operator:wikidata":null,"operator:short":null,"operator":null,"name":null,"maxspeed":null,"service":"yard","gauge":"1435","electrified":"no"},"geometry":{"type":"MultiLineString","coordinates":[[[-80.9316867,46.7119951],[-80.9322239,46.7120699],[-80.9337528,46.7123236],[-80.9378592,46.7129692],[-80.9392424,46.7132017]]]}},
{"type":"Feature","properties":{"full_id":"w246242513","osm_id":"246242513","osm_type":"way","railway":"rail","covered":null,"tunnel":null,"railway:track_ref":null,"abandoned:electrified":null,"Source":null,"layer":null,"bridge":null,"railway:preferred_direction":null,"workrules":null,"railway:traffic_mode":null,"usage":null,"reporting_marks":null,"owner:wikipedia":null,"owner:wikidata":null,"owner":null,"operator:wikipedia":null,"operator:wikidata":null,"operator:short":null,"operator":null,"name":null,"maxspeed":null,"service":"yard","gauge":"1435","electrified":"no"},"geometry":{"type":"MultiLineString","coordinates":[[[-80.9334068,46.7134823],[-80.9355225,46.7131239],[-80.9357585,46.7131074],[-80.9360268,46.7130945],[-80.9363164,46.7130982],[-80.9366576,46.7131236],[-80.9368776,46.713142],[-80.9371748,46.7131726]]]}},
{"type":"Feature","properties":{"full_id":"w246242514","osm_id":"246242514","osm_type":"way","railway":"rail","covered":null,"tunnel":null,"railway:track_ref":null,"abandoned:electrified":null,"Source":null,"layer":null,"bridge":null,"railway:preferred_direction":null,"workrules":null,"railway:traffic_mode":null,"usage":null,"reporting_marks":null,"owner:wikipedia":null,"owner:wikidata":null,"owner":null,"operator:wikipedia":null,"operator:wikidata":null,"operator:short":null,"operator":null,"name":null,"maxspeed":null,"service":"yard","gauge":"1435","electrified":"no"},"geometry":{"type":"MultiLineString","coordinates":[[[-80.9470083,46.7141738],[-80.9465012,46.7140983],[-80.9458249,46.7139901],[-80.9445145,46.7137792],[-80.9419437,46.7133704],[-80.9337608,46.7120551],[-80.9298389,46.7114246],[-80.9291739,46.7113249]]]}},
{"type":"Feature","properties":{"full_id":"w246242515","osm_id":"246242515","osm_type":"way","railway":"rail","covered":null,"tunnel":null,"railway:track_ref":null,"abandoned:electrified":null,"Source":null,"layer":null,"bridge":null,"railway:preferred_direction":null,"workrules":null,"railway:traffic_mode":null,"usage":null,"reporting_marks":null,"owner:wikipedia":null,"owner:wikidata":null,"owner":null,"operator:wikipedia":null,"operator:wikidata":null,"operator:short":null,"operator":null,"name":null,"maxspeed":null,"service":"yard","gauge":"1435","electrified":"no"},"geometry":{"type":"MultiLineString","coordinates":[[[-80.9383848,46.7131501],[-80.93776,46.7130427],[-80.9347259,46.712574],[-80.9331537,46.7123255],[-80.9324342,46.7121788],[-80.932258,46.7121368],[-80.9319552,46.7120646],[-80.9316867,46.7119951],[-80.9314783,46.7119411],[-80.931252,46.7118814],[-80.9310888,46.7118384],[-80.9308221,46.7117676],[-80.9305068,46.7116839],[-80.9303699,46.7116473],[-80.9299239,46.711528],[-80.9294747,46.7114078],[-80.9291739,46.7113249],[-80.9288604,46.7112386],[-80.9284983,46.7111558],[-80.9282134,46.7110644]]]}},
{"type":"Feature","properties":{"full_id":"w246242516","osm_id":"246242516","osm_type":"way","railway":"rail","covered":null,"tunnel":null,"railway:track_ref":null,"abandoned:electrified":null,"Source":null,"layer":null,"bridge":null,"railway:preferred_direction":null,"workrules":null,"railway:traffic_mode":null,"usage":null,"reporting_marks":null,"owner:wikipedia":null,"owner:wikidata":null,"owner":null,"operator:wikipedia":null,"operator:wikidata":null,"operator:short":null,"operator":null,"name":null,"maxspeed":null,"service":"yard","gauge":"1435","electrified":"no"},"geometry":{"type":"MultiLineString","coordinates":[[[-80.9223802,46.710159],[-80.9231066,46.7103432],[-80.9242143,46.7105602],[-80.9253387,46.7107953],[-80.9264786,46.7110216],[-80.9273879,46.7111889]]]}},
{"type":"Feature","properties":{"full_id":"w246242517","osm_id":"246242517","osm_type":"way","railway":"rail","covered":null,"tunnel":null,"railway:track_ref":null,"abandoned:electrified":null,"Source":null,"layer":null,"bridge":null,"railway:preferred_direction":null,"workrules":null,"railway:traffic_mode":null,"usage":null,"reporting_marks":null,"owner:wikipedia":null,"owner:wikidata":null,"owner":null,"operator:wikipedia":null,"operator:wikidata":null,"operator:short":null,"operator":null,"name":null,"maxspeed":null,"service":"yard","gauge":"1435","electrified":"no"},"geometry":{"type":"MultiLineString","coordinates":[[[-80.9327469,46.7138096],[-80.9332914,46.7138041],[-80.933565,46.7137875],[-80.9338359,46.7137526],[-80.9342678,46.713668],[-80.9349383,46.7134988],[-80.935316,46.713409],[-80.9355633,46.7133627],[-80.9357081,46.713337],[-80.9358419,46.7133156]]]}},
{"type":"Feature","properties":{"full_id":"w246242518","osm_id":"246242518","osm_type":"way","railway":"rail","covered":null,"tunnel":null,"railway:track_ref":null,"abandoned:electrified":null,"Source":null,"layer":null,"bridge":null,"railway:preferred_direction":null,"workrules":null,"railway:traffic_mode":null,"usage":null,"reporting_marks":null,"owner:wikipedia":null,"owner:wikidata":null,"owner":null,"operator:wikipedia":null,"operator:wikidata":null,"operator:short":null,"operator":null,"name":null,"maxspeed":null,"service":"yard","gauge":"1435","electrified":"no"},"geometry":{"type":"MultiLineString","coordinates":[[[-80.9326423,46.7139108],[-80.9331439,46.7138979],[-80.9334679,46.7138853],[-80.9337978,46.7138503],[-80.9340768,46.7137933],[-80.9343563,46.7137232],[-80.9347447,46.713637],[-80.935037,46.7135653],[-80.9352199,46.713508],[-80.935464,46.7134381],[-80.935788,46.7133299],[-80.9358419,46.7133156],[-80.9360461,46.7132616],[-80.9361389,46.7132397],[-80.9363062,46.7132027],[-80.9366517,46.7131773],[-80.9369231,46.7131696]]]}},
{"type":"Feature","properties":{"full_id":"w246242519","osm_id":"246242519","osm_type":"way","railway":"rail","covered":null,"tunnel":null,"railway:track_ref":null,"abandoned:electrified":null,"Source":null,"layer":null,"bridge":null,"railway:preferred_direction":null,"workrules":null,"railway:traffic_mode":null,"usage":null,"reporting_marks":null,"owner:wikipedia":null,"owner:wikidata":null,"owner":null,"operator:wikipedia":null,"operator:wikidata":null,"operator:short":null,"operator":null,"name":null,"maxspeed":null,"service":"yard","gauge":"1435","electrified":"no"},"geometry":{"type":"MultiLineString","coordinates":[[[-80.9342994,46.7127083],[-80.934058,46.7126697],[-80.9312959,46.7122059],[-80.9310008,46.7121489],[-80.9307594,46.7120551],[-80.93029,46.7118565]]]}},
{"type":"Feature","properties":{"full_id":"w246242520","osm_id":"246242520","osm_type":"way","railway":"rail","covered":null,"tunnel":null,"railway:track_ref":null,"abandoned:electrified":null,"Source":null,"layer":null,"bridge":null,"railway:preferred_direction":null,"workrules":null,"railway:traffic_mode":null,"usage":null,"reporting_marks":null,"owner:wikipedia":null,"owner:wikidata":null,"owner":null,"operator:wikipedia":null,"operator:wikidata":null,"operator:short":null,"operator":null,"name":null,"maxspeed":null,"service":"yard","gauge":"1435","electrified":"no"},"geometry":{"type":"MultiLineString","coordinates":[[[-80.9308221,46.7117676],[-80.931084,46.7118069],[-80.938098,46.7129066],[-80.9403288,46.7132715]]]}},
{"type":"Feature","properties":{"full_id":"w246242521","osm_id":"246242521","osm_type":"way","railway":"rail","covered":null,"tunnel":null,"railway:track_ref":null,"abandoned:electrified":null,"Source":null,"layer":null,"bridge":null,"railway:preferred_direction":null,"workrules":null,"railway:traffic_mode":null,"usage":null,"reporting_marks":null,"owner:wikipedia":null,"owner:wikidata":null,"owner":null,"operator:wikipedia":null,"operator:wikidata":null,"operator:short":null,"operator":null,"name":null,"maxspeed":null,"service":"yard","gauge":"1435","electrified":"no"},"geometry":{"type":"MultiLineString","coordinates":[[[-80.9269517,46.7107159],[-80.927218,46.7107937],[-80.9275703,46.7108965],[-80.9278339,46.710969],[-80.9280853,46.7110381],[-80.9282134,46.7110644],[-80.9283723,46.711097],[-80.9294934,46.7112937],[-80.933661,46.7119708],[-80.9413536,46.7132104],[-80.9474507,46.7141848],[-80.9477833,46.7142344],[-80.9480645,46.7142788],[-80.9483488,46.7143506],[-80.9487462,46.7144478],[-80.9490542,46.7145639],[-80.9492795,46.714643],[-80.94947,46.7147294],[-80.9496899,46.7148508],[-80.9499126,46.7149924],[-80.9500834,46.7151066]]]}},
{"type":"Feature","properties":{"full_id":"w246242523","osm_id":"246242523","osm_type":"way","railway":"rail","covered":null,"tunnel":null,"railway:track_ref":null,"abandoned:electrified":null,"Source":null,"layer":null,"bridge":null,"railway:preferred_direction":null,"workrules":null,"railway:traffic_mode":null,"usage":null,"reporting_marks":null,"owner:wikipedia":null,"owner:wikidata":null,"owner":null,"operator:wikipedia":null,"operator:wikidata":null,"operator:short":null,"operator":null,"name":null,"maxspeed":null,"service":"yard","gauge":"1435","electrified":"no"},"geometry":{"type":"MultiLineString","coordinates":[[[-80.9409195,46.7133186],[-80.9397845,46.7131294],[-80.9361426,46.7125499],[-80.934565,46.7123092],[-80.9311993,46.7117664],[-80.9303699,46.7116473]]]}},
{"type":"Feature","properties":{"full_id":"w246242524","osm_id":"246242524","osm_type":"way","railway":"rail","covered":null,"tunnel":null,"railway:track_ref":null,"abandoned:electrified":null,"Source":null,"layer":null,"bridge":null,"railway:preferred_direction":null,"workrules":null,"railway:traffic_mode":null,"usage":null,"reporting_marks":null,"owner:wikipedia":null,"owner:wikidata":null,"owner":null,"operator:wikipedia":null,"operator:wikidata":null,"operator:short":null,"operator":null,"name":null,"maxspeed":null,"service":"yard","gauge":"1435","electrified":"no"},"geometry":{"type":"MultiLineString","coordinates":[[[-80.9278339,46.710969],[-80.9284313,46.7110566],[-80.9413755,46.7131328],[-80.9470376,46.7140303],[-80.9476783,46.7141446],[-80.9480193,46.7141903],[-80.9484511,46.7142914],[-80.9488397,46.7144112],[-80.9491428,46.7145142],[-80.9495455,46.714685],[-80.9497493,46.7148027],[-80.9499367,46.7148986],[-80.9501002,46.7149966]]]}},
{"type":"Feature","properties":{"full_id":"w246242525","osm_id":"246242525","osm_type":"way","railway":"rail","covered":null,"tunnel":null,"railway:track_ref":null,"abandoned:electrified":null,"Source":null,"layer":null,"bridge":null,"railway:preferred_direction":null,"workrules":null,"railway:traffic_mode":null,"usage":null,"reporting_marks":null,"owner:wikipedia":null,"owner:wikidata":null,"owner":null,"operator:wikipedia":null,"operator:wikidata":null,"operator:short":null,"operator":null,"name":null,"maxspeed":null,"service":"yard","gauge":"1435","electrified":"no"},"geometry":{"type":"MultiLineString","coordinates":[[[-80.9332271,46.7136496],[-80.9345194,46.7134035],[-80.9352494,46.7132579],[-80.9357671,46.7131659],[-80.9360348,46.7131552],[-80.9362767,46.7131457],[-80.9365315,46.7131567]]]}},
{"type":"Feature","properties":{"full_id":"w246242526","osm_id":"246242526","osm_type":"way","railway":"rail","covered":null,"tunnel":null,"railway:track_ref":null,"abandoned:electrified":null,"Source":null,"layer":null,"bridge":null,"railway:preferred_direction":null,"workrules":null,"railway:traffic_mode":null,"usage":null,"reporting_marks":null,"owner:wikipedia":null,"owner:wikidata":null,"owner":null,"operator:wikipedia":null,"operator:wikidata":null,"operator:short":null,"operator":null,"name":null,"maxspeed":null,"service":"yard","gauge":"1435","electrified":"no"},"geometry":{"type":"MultiLineString","coordinates":[[[-80.9386743,46.7131659],[-80.9384783,46.7131258],[-80.9381055,46.7130559],[-80.933396,46.7123181],[-80.9326928,46.712197],[-80.932258,46.7121368]]]}},
{"type":"Feature","properties":{"full_id":"w246242527","osm_id":"246242527","osm_type":"way","railway":"rail","covered":null,"tunnel":null,"railway:track_ref":null,"abandoned:electrified":null,"Source":null,"layer":null,"bridge":null,"railway:preferred_direction":null,"workrules":null,"railway:traffic_mode":null,"usage":null,"reporting_marks":null,"owner:wikipedia":null,"owner:wikidata":null,"owner":null,"operator:wikipedia":null,"operator:wikidata":null,"operator:short":null,"operator":null,"name":null,"maxspeed":null,"service":"yard","gauge":"1435","electrified":"no"},"geometry":{"type":"MultiLineString","coordinates":[[[-80.9327657,46.7145875],[-80.9330849,46.7145802],[-80.9333317,46.714536],[-80.9336208,46.7144701],[-80.9338783,46.714391],[-80.9341068,46.7142951],[-80.9343938,46.714137],[-80.9346508,46.7140103],[-80.9348819,46.7139169]]]}},
{"type":"Feature","properties":{"full_id":"w246247058","osm_id":"246247058","osm_type":"way","railway":"rail","covered":null,"tunnel":null,"railway:track_ref":null,"abandoned:electrified":null,"Source":null,"layer":null,"bridge":null,"railway:preferred_direction":null,"workrules":null,"railway:traffic_mode":null,"usage":"industrial","reporting_marks":"CN","owner:wikipedia":"en:Canadian National Railway","owner:wikidata":"Q624798","owner":"Canadian National Railway","operator:wikipedia":"en:Canadian National Railway","operator:wikidata":"Q624798","operator:short":"CN","operator":"Canadian National Railway","name":null,"maxspeed":null,"service":"spur","gauge":"1435","electrified":"no"},"geometry":{"type":"MultiLineString","coordinates":[[[-80.909661,46.5297476],[-80.9095813,46.5295632],[-80.9093771,46.5292067],[-80.9092044,46.5290285],[-80.9089057,46.5287401],[-80.9086982,46.5285536],[-80.9083954,46.5283077]]]}},
{"type":"Feature","properties":{"full_id":"w246247059","osm_id":"246247059","osm_type":"way","railway":"rail","covered":null,"tunnel":null,"railway:track_ref":null,"abandoned:electrified":null,"Source":null,"layer":null,"bridge":null,"railway:preferred_direction":null,"workrules":null,"railway:traffic_mode":null,"usage":null,"reporting_marks":"CN","owner:wikipedia":"en:Canadian National Railway","owner:wikidata":"Q624798","owner":"Canadian National Railway","operator:wikipedia":"en:Canadian National Railway","operator:wikidata":"Q624798","operator:short":"CN","operator":"Canadian National Railway","name":"Sudbury Siding","maxspeed":null,"service":"siding","gauge":"1435","electrified":"no"},"geometry":{"type":"MultiLineString","coordinates":[[[-80.8944985,46.5206994],[-80.8947372,46.5208448],[-80.8949054,46.5209518],[-80.8960555,46.5215158],[-80.8970081,46.5219918],[-80.8981385,46.5225705],[-80.9002549,46.5236705],[-80.9021558,46.5247089],[-80.9034448,46.5254233],[-80.9035543,46.5254864],[-80.9054846,46.5265987],[-80.9065677,46.5272234],[-80.9072657,46.527631],[-80.907922,46.5280135],[-80.9083954,46.5283077]]]}},
{"type":"Feature","properties":{"full_id":"w246254631","osm_id":"246254631","osm_type":"way","railway":"rail","covered":null,"tunnel":null,"railway:track_ref":null,"abandoned:electrified":null,"Source":null,"layer":null,"bridge":null,"railway:preferred_direction":null,"workrules":null,"railway:traffic_mode":null,"usage":null,"reporting_marks":null,"owner:wikipedia":null,"owner:wikidata":null,"owner":null,"operator:wikipedia":null,"operator:wikidata":null,"operator:short":null,"operator":null,"name":null,"maxspeed":null,"service":"spur","gauge":"1435","electrified":"no"},"geometry":{"type":"MultiLineString","coordinates":[[[-80.8474144,46.4861921],[-80.847781,46.4861299],[-80.8479776,46.4860959],[-80.8482337,46.4860161],[-80.848415,46.4859498],[-80.8486179,46.4858552],[-80.8487865,46.4857725],[-80.8489088,46.4856982],[-80.8490494,46.4855802],[-80.8491611,46.4854731],[-80.8492821,46.4853571],[-80.8494112,46.4852004],[-80.8495014,46.4850645],[-80.8495876,46.4848663],[-80.8496355,46.4846899]]]}},
{"type":"Feature","properties":{"full_id":"w246254635","osm_id":"246254635","osm_type":"way","railway":"rail","covered":null,"tunnel":null,"railway:track_ref":null,"abandoned:electrified":null,"Source":null,"layer":null,"bridge":null,"railway:preferred_direction":null,"workrules":null,"railway:traffic_mode":null,"usage":"branch","reporting_marks":"CPKC","owner:wikipedia":null,"owner:wikidata":null,"owner":null,"operator:wikipedia":"en:Canadian Pacific Kansas City","operator:wikidata":"Q117706368","operator:short":null,"operator":"Canadian Pacific Kansas City","name":"Cartier Subdivision","maxspeed":"40 mph","service":null,"gauge":"1435","electrified":"no"},"geometry":{"type":"MultiLineString","coordinates":[[[-80.8536012,46.4860218],[-80.8543436,46.4859964],[-80.8556331,46.485939],[-80.8568911,46.4858901],[-80.8576187,46.4858715],[-80.8583573,46.4858708],[-80.859119,46.4858875],[-80.8603642,46.4859345],[-80.8621516,46.4860075],[-80.8626889,46.4860275],[-80.8633174,46.4860354],[-80.8639285,46.4860256],[-80.8645632,46.486002],[-80.8652594,46.4859589],[-80.8677531,46.4857766]]]}},
{"type":"Feature","properties":{"full_id":"w246254640","osm_id":"246254640","osm_type":"way","railway":"rail","covered":null,"tunnel":null,"railway:track_ref":null,"abandoned:electrified":null,"Source":null,"layer":"1","bridge":"yes","railway:preferred_direction":null,"workrules":null,"railway:traffic_mode":null,"usage":"main","reporting_marks":"CN","owner:wikipedia":"en:Canadian National Railway","owner:wikidata":"Q624798","owner":"Canadian National Railway","operator:wikipedia":"en:Canadian National Railway","operator:wikidata":"Q624798","operator:short":"CN","operator":"Canadian National Railway","name":"CN Bala Subdivision","maxspeed":"35 mph","service":null,"gauge":"1435","electrified":"no"},"geometry":{"type":"MultiLineString","coordinates":[[[-80.8214043,46.4789936],[-80.8212999,46.4788489]]]}},
{"type":"Feature","properties":{"full_id":"w246254641","osm_id":"246254641","osm_type":"way","railway":"rail","covered":null,"tunnel":null,"railway:track_ref":null,"abandoned:electrified":null,"Source":null,"layer":"1","bridge":"yes","railway:preferred_direction":null,"workrules":null,"railway:traffic_mode":null,"usage":"main","reporting_marks":"CN","owner:wikipedia":"en:Canadian National Railway","owner:wikidata":"Q624798","owner":"Canadian National Railway","operator:wikipedia":"en:Canadian National Railway","operator:wikidata":"Q624798","operator:short":"CN","operator":"Canadian National Railway","name":"CN Bala Subdivision","maxspeed":"35 mph","service":null,"gauge":"1435","electrified":"no"},"geometry":{"type":"MultiLineString","coordinates":[[[-80.8223319,46.4803037],[-80.8221985,46.4800882]]]}},
{"type":"Feature","properties":{"full_id":"w246254642","osm_id":"246254642","osm_type":"way","railway":"rail","covered":null,"tunnel":null,"railway:track_ref":null,"abandoned:electrified":null,"Source":null,"layer":null,"bridge":null,"railway:preferred_direction":null,"workrules":null,"railway:traffic_mode":null,"usage":"branch","reporting_marks":"CN","owner:wikipedia":"en:Canadian National Railway","owner:wikidata":"Q624798","owner":"Canadian National Railway","operator:wikipedia":"en:Canadian National Railway","operator:wikidata":"Q624798","operator:short":"CN","operator":"Canadian National Railway","name":null,"maxspeed":null,"service":null,"gauge":"1435","electrified":"no"},"geometry":{"type":"MultiLineString","coordinates":[[[-80.9054005,46.5265094],[-80.9047568,46.526064],[-80.904455,46.5258749],[-80.9033661,46.5252455],[-80.903039,46.5250544],[-80.9021751,46.5245615],[-80.9018373,46.5243691],[-80.9014787,46.5241713],[-80.9010289,46.5238997],[-80.9008537,46.5237592],[-80.9007315,46.5236071],[-80.9006376,46.5234568],[-80.9005549,46.5232954],[-80.9005028,46.5230928],[-80.9004771,46.5229077],[-80.9004722,46.5227147],[-80.9004899,46.5225656],[-80.900528,46.522414],[-80.9005931,46.5222112],[-80.900691,46.5220247],[-80.9008115,46.5218728],[-80.9008822,46.5217806],[-80.9009678,46.5216948],[-80.9010821,46.5215911],[-80.9011466,46.5215237],[-80.9012131,46.5214687],[-80.9013544,46.5213727],[-80.9014804,46.521297],[-80.9016574,46.5211992],[-80.9018506,46.5211088],[-80.9020866,46.5210331],[-80.9023951,46.5209519],[-80.9026955,46.5208799],[-80.9029825,46.5208338],[-80.9031836,46.5208135],[-80.903624,46.5207875]]]}},
{"type":"Feature","properties":{"full_id":"w246254643","osm_id":"246254643","osm_type":"way","railway":"rail","covered":null,"tunnel":null,"railway:track_ref":null,"abandoned:electrified":null,"Source":null,"layer":null,"bridge":null,"railway:preferred_direction":null,"workrules":null,"railway:traffic_mode":null,"usage":"main","reporting_marks":"CN","owner:wikipedia":"en:Canadian National Railway","owner:wikidata":"Q624798","owner":"Canadian National Railway","operator:wikipedia":"en:Canadian National Railway","operator:wikidata":"Q624798","operator:short":"CN","operator":"Canadian National Railway","name":"CN Bala Subdivision","maxspeed":"35 mph","service":null,"gauge":"1435","electrified":"no"},"geometry":{"type":"MultiLineString","coordinates":[[[-80.8212999,46.4788489],[-80.8211162,46.4785485],[-80.8209741,46.4782047],[-80.8209181,46.477882],[-80.8209046,46.4775864],[-80.8209354,46.4773065],[-80.8210186,46.4770207],[-80.8211554,46.476724],[-80.8214684,46.4763311],[-80.8217821,46.4760073],[-80.8221934,46.475706],[-80.8231576,46.4749988],[-80.8238587,46.4744375],[-80.8244957,46.4739859],[-80.8250938,46.4735259],[-80.8260279,46.4728913],[-80.8276076,46.4717319],[-80.827949,46.4714663],[-80.8283658,46.4711053],[-80.8287046,46.4707691],[-80.8290797,46.4702954],[-80.829367,46.4698463],[-80.8295567,46.4694693],[-80.8296751,46.469132],[-80.829818,46.4684906],[-80.8298416,46.4681224],[-80.8298409,46.4677789],[-80.829726,46.4670314],[-80.8296696,46.4667753]]]}},
{"type":"Feature","properties":{"full_id":"w246254645","osm_id":"246254645","osm_type":"way","railway":"rail","covered":null,"tunnel":null,"railway:track_ref":null,"abandoned:electrified":null,"Source":null,"layer":null,"bridge":null,"railway:preferred_direction":null,"workrules":null,"railway:traffic_mode":null,"usage":null,"reporting_marks":null,"owner:wikipedia":null,"owner:wikidata":null,"owner":null,"operator:wikipedia":null,"operator:wikidata":null,"operator:short":null,"operator":null,"name":null,"maxspeed":null,"service":"spur","gauge":"1435","electrified":"no"},"geometry":{"type":"MultiLineString","coordinates":[[[-80.9026766,46.5207731],[-80.9030543,46.5207174],[-80.9032152,46.5206661],[-80.9033964,46.5205914],[-80.9036471,46.5204767],[-80.9037437,46.5204117],[-80.9038306,46.5203534],[-80.903987,46.5202518],[-80.9041368,46.5201071],[-80.9042184,46.51997],[-80.904252,46.519823],[-80.9042568,46.5197239],[-80.9042593,46.519557]]]}},
{"type":"Feature","properties":{"full_id":"w246254646","osm_id":"246254646","osm_type":"way","railway":"rail","covered":null,"tunnel":null,"railway:track_ref":null,"abandoned:electrified":null,"Source":null,"layer":null,"bridge":null,"railway:preferred_direction":null,"workrules":null,"railway:traffic_mode":null,"usage":"main","reporting_marks":"CN","owner:wikipedia":"en:Canadian National Railway","owner:wikidata":"Q624798","owner":"Canadian National Railway","operator:wikipedia":"en:Canadian National Railway","operator:wikidata":"Q624798","operator:short":"CN","operator":"Canadian National Railway","name":"CN Bala Subdivision","maxspeed":"35 mph","service":null,"gauge":"1435","electrified":"no"},"geometry":{"type":"MultiLineString","coordinates":[[[-80.8221985,46.4800882],[-80.8218365,46.47958],[-80.8215251,46.4791544],[-80.8214043,46.4789936]]]}},
{"type":"Feature","properties":{"full_id":"w246254651","osm_id":"246254651","osm_type":"way","railway":"rail","covered":null,"tunnel":null,"railway:track_ref":null,"abandoned:electrified":null,"Source":null,"layer":null,"bridge":null,"railway:preferred_direction":null,"workrules":null,"railway:traffic_mode":null,"usage":null,"reporting_marks":"CPKC","owner:wikipedia":null,"owner:wikidata":null,"owner":null,"operator:wikipedia":"en:Canadian Pacific Kansas City","operator:wikidata":"Q117706368","operator:short":null,"operator":"Canadian Pacific Kansas City","name":null,"maxspeed":null,"service":"spur","gauge":"1435","electrified":"no"},"geometry":{"type":"MultiLineString","coordinates":[[[-80.8446792,46.4862893],[-80.8474144,46.4861921],[-80.847629,46.4861817],[-80.8483571,46.4861576],[-80.8486415,46.4861458],[-80.8487694,46.4861476],[-80.8490656,46.4861675],[-80.8494525,46.4861821]]]}},
{"type":"Feature","properties":{"full_id":"w246626939","osm_id":"246626939","osm_type":"way","railway":"rail","covered":null,"tunnel":null,"railway:track_ref":null,"abandoned:electrified":null,"Source":null,"layer":null,"bridge":null,"railway:preferred_direction":null,"workrules":null,"railway:traffic_mode":null,"usage":"main","reporting_marks":"CN","owner:wikipedia":"en:Canadian National Railway","owner:wikidata":"Q624798","owner":"Canadian National Railway","operator:wikipedia":"en:Canadian National Railway","operator:wikidata":"Q624798","operator:short":"CN","operator":"Canadian National Railway","name":"CN Bala Subdivision","maxspeed":"65 mph","service":null,"gauge":"1435","electrified":"no"},"geometry":{"type":"MultiLineString","coordinates":[[[-80.9264337,46.5530507],[-80.9258822,46.5525338],[-80.9251816,46.5518681],[-80.9248169,46.5514872],[-80.9244671,46.5510524],[-80.9226181,46.5480423],[-80.9207585,46.5449802],[-80.9200931,46.5438975],[-80.9193741,46.542666],[-80.9190548,46.5421271],[-80.918397,46.5410715],[-80.9176467,46.5398538],[-80.9166818,46.5382354],[-80.9161186,46.5372058],[-80.9145067,46.534633],[-80.9143347,46.5343584],[-80.9141427,46.5340526],[-80.9140245,46.533854],[-80.9138759,46.5336041],[-80.9134483,46.5329492],[-80.913133,46.5325167],[-80.9126702,46.5319411],[-80.9123686,46.5315836],[-80.9120361,46.5312227],[-80.9115955,46.5307748],[-80.9113362,46.5305277],[-80.9107868,46.530026],[-80.9105863,46.5298554],[-80.9104193,46.5297216],[-80.9101003,46.529466],[-80.9096196,46.5291011],[-80.9091647,46.5287669],[-80.9084256,46.5282764]]]}},
{"type":"Feature","properties":{"full_id":"w246626940","osm_id":"246626940","osm_type":"way","railway":"rail","covered":null,"tunnel":null,"railway:track_ref":null,"abandoned:electrified":null,"Source":null,"layer":null,"bridge":null,"railway:preferred_direction":null,"workrules":null,"railway:traffic_mode":null,"usage":"main","reporting_marks":"CN","owner:wikipedia":"en:Canadian National Railway","owner:wikidata":"Q624798","owner":"Canadian National Railway","operator:wikipedia":"en:Canadian National Railway","operator:wikidata":"Q624798","operator:short":"CN","operator":"Canadian National Railway","name":"CN Bala Subdivision","maxspeed":"65 mph","service":null,"gauge":"1435","electrified":"no"},"geometry":{"type":"MultiLineString","coordinates":[[[-80.9084256,46.5282764],[-80.9079731,46.5279927],[-80.9074985,46.5277109],[-80.9068846,46.5273588],[-80.9062617,46.526997],[-80.9054694,46.5265485],[-80.9054005,46.5265094],[-80.9039707,46.5256866],[-80.9021617,46.5246576],[-80.9013059,46.5241821],[-80.9006364,46.5238242],[-80.9000862,46.5235328],[-80.899094,46.5230318],[-80.8981488,46.5225508],[-80.8970797,46.5219955],[-80.8944985,46.5206994],[-80.8941745,46.5205223],[-80.8884238,46.5176498],[-80.8877521,46.5172964]]]}},
{"type":"Feature","properties":{"full_id":"w246626981","osm_id":"246626981","osm_type":"way","railway":"rail","covered":null,"tunnel":null,"railway:track_ref":null,"abandoned:electrified":null,"Source":null,"layer":null,"bridge":null,"railway:preferred_direction":null,"workrules":null,"railway:traffic_mode":null,"usage":null,"reporting_marks":"CN","owner:wikipedia":"en:Canadian National Railway","owner:wikidata":"Q624798","owner":"Canadian National Railway","operator:wikipedia":"en:Canadian National Railway","operator:wikidata":"Q624798","operator:short":"CN","operator":"Canadian National Railway","name":"Sudbury Siding","maxspeed":null,"service":"siding","gauge":"1435","electrified":"no"},"geometry":{"type":"MultiLineString","coordinates":[[[-80.9083954,46.5283077],[-80.9085466,46.5284096],[-80.9090647,46.528755],[-80.9094943,46.5290604],[-80.9102348,46.5296279],[-80.9107341,46.5300443],[-80.9114678,46.5307197],[-80.9119272,46.5311782],[-80.9121272,46.5313949],[-80.912251,46.5315291],[-80.9127684,46.5321382],[-80.9131345,46.5325979],[-80.9135036,46.5331226],[-80.9137309,46.5334762],[-80.9140746,46.5340123],[-80.9143347,46.5343584]]]}},
{"type":"Feature","properties":{"full_id":"w246651385","osm_id":"246651385","osm_type":"way","railway":"rail","covered":null,"tunnel":null,"railway:track_ref":null,"abandoned:electrified":null,"Source":null,"layer":null,"bridge":null,"railway:preferred_direction":null,"workrules":null,"railway:traffic_mode":null,"usage":null,"reporting_marks":"CN","owner:wikipedia":"en:Canadian National Railway","owner:wikidata":"Q624798","owner":"Canadian National Railway","operator:wikipedia":"en:Canadian National Railway","operator:wikidata":"Q624798","operator:short":"CN","operator":"Canadian National Railway","name":"CN Bala Subdivision","maxspeed":"40 mph","service":null,"gauge":"1435","electrified":"no"},"geometry":{"type":"MultiLineString","coordinates":[[[-80.9437462,46.5870193],[-80.9437997,46.586833],[-80.9438385,46.5866468]]]}},
{"type":"Feature","properties":{"full_id":"w246651386","osm_id":"246651386","osm_type":"way","railway":"rail","covered":null,"tunnel":null,"railway:track_ref":null,"abandoned:electrified":null,"Source":null,"layer":null,"bridge":null,"railway:preferred_direction":null,"workrules":null,"railway:traffic_mode":null,"usage":"main","reporting_marks":"CN","owner:wikipedia":"en:Canadian National Railway","owner:wikidata":"Q624798","owner":"Canadian National Railway","operator:wikipedia":"en:Canadian National Railway","operator:wikidata":"Q624798","operator:short":"CN","operator":"Canadian National Railway","name":"CN Bala Subdivision","maxspeed":"70 mph","service":null,"gauge":"1435","electrified":"no"},"geometry":{"type":"MultiLineString","coordinates":[[[-80.9283495,46.626565],[-80.9286948,46.6235159],[-80.9289532,46.6220953],[-80.9292213,46.6201117],[-80.9295069,46.6179218],[-80.9296689,46.616644],[-80.9298647,46.6152344],[-80.9302224,46.6125586],[-80.9304314,46.6109535]]]}},
{"type":"Feature","properties":{"full_id":"w246680502","osm_id":"246680502","osm_type":"way","railway":"rail","covered":null,"tunnel":null,"railway:track_ref":null,"abandoned:electrified":null,"Source":null,"layer":null,"bridge":null,"railway:preferred_direction":null,"workrules":null,"railway:traffic_mode":null,"usage":null,"reporting_marks":null,"owner:wikipedia":null,"owner:wikidata":null,"owner":null,"operator:wikipedia":null,"operator:wikidata":null,"operator:short":null,"operator":null,"name":null,"maxspeed":null,"service":"spur","gauge":"1435","electrified":"no"},"geometry":{"type":"MultiLineString","coordinates":[[[-80.8040316,46.5646998],[-80.8037524,46.5644165],[-80.8034834,46.5641866],[-80.8031721,46.5639219],[-80.802866,46.563681],[-80.8025587,46.563462],[-80.8021878,46.5632212],[-80.8018048,46.5630052],[-80.8014865,46.5628359],[-80.8011998,46.5626779],[-80.8008174,46.5624928],[-80.8004487,46.562311],[-80.8000273,46.5621113],[-80.7999271,46.5620715],[-80.7985636,46.5615312],[-80.7974375,46.5610941],[-80.7962959,46.5606496],[-80.7953243,46.5602712],[-80.7925523,46.5591666],[-80.7901827,46.5582448],[-80.7894681,46.5579587],[-80.7887875,46.5576597],[-80.7881501,46.5573553],[-80.7876876,46.5571231],[-80.7872251,46.5568738],[-80.7865894,46.5565027]]]}},
{"type":"Feature","properties":{"full_id":"w246680506","osm_id":"246680506","osm_type":"way","railway":"rail","covered":null,"tunnel":null,"railway:track_ref":null,"abandoned:electrified":null,"Source":null,"layer":null,"bridge":null,"railway:preferred_direction":null,"workrules":null,"railway:traffic_mode":null,"usage":null,"reporting_marks":null,"owner:wikipedia":null,"owner:wikidata":null,"owner":null,"operator:wikipedia":null,"operator:wikidata":null,"operator:short":null,"operator":null,"name":null,"maxspeed":null,"service":"spur","gauge":"1435","electrified":"no"},"geometry":{"type":"MultiLineString","coordinates":[[[-80.797947,46.5751993],[-80.7978552,46.5753998]]]}},
{"type":"Feature","properties":{"full_id":"w246680507","osm_id":"246680507","osm_type":"way","railway":"rail","covered":null,"tunnel":null,"railway:track_ref":null,"abandoned:electrified":null,"Source":null,"layer":null,"bridge":null,"railway:preferred_direction":null,"workrules":null,"railway:traffic_mode":null,"usage":null,"reporting_marks":null,"owner:wikipedia":null,"owner:wikidata":null,"owner":null,"operator:wikipedia":null,"operator:wikidata":null,"operator:short":null,"operator":null,"name":null,"maxspeed":null,"service":"spur","gauge":"1435","electrified":"no"},"geometry":{"type":"MultiLineString","coordinates":[[[-80.7978552,46.5753998],[-80.796595,46.5781746],[-80.7961319,46.5792134],[-80.7960031,46.579468],[-80.7958547,46.5796888],[-80.7956257,46.5800087],[-80.7954335,46.5802729],[-80.7947773,46.5811223]]]}},
{"type":"Feature","properties":{"full_id":"w246680509","osm_id":"246680509","osm_type":"way","railway":"rail","covered":null,"tunnel":null,"railway:track_ref":null,"abandoned:electrified":null,"Source":null,"layer":null,"bridge":null,"railway:preferred_direction":null,"workrules":null,"railway:traffic_mode":null,"usage":null,"reporting_marks":null,"owner:wikipedia":null,"owner:wikidata":null,"owner":null,"operator:wikipedia":null,"operator:wikidata":null,"operator:short":null,"operator":null,"name":null,"maxspeed":null,"service":"spur","gauge":"1435","electrified":"no"},"geometry":{"type":"MultiLineString","coordinates":[[[-80.7961244,46.5782224],[-80.7960075,46.5786246],[-80.7959579,46.5788405],[-80.7959307,46.5789814],[-80.795899,46.5791809],[-80.7958711,46.5793727],[-80.7958125,46.5796067],[-80.7957735,46.5797094],[-80.7957027,46.5798601],[-80.7956257,46.5800087]]]}},
{"type":"Feature","properties":{"full_id":"w246680512","osm_id":"246680512","osm_type":"way","railway":"rail","covered":null,"tunnel":null,"railway:track_ref":null,"abandoned:electrified":null,"Source":null,"layer":null,"bridge":null,"railway:preferred_direction":null,"workrules":null,"railway:traffic_mode":null,"usage":null,"reporting_marks":null,"owner:wikipedia":null,"owner:wikidata":null,"owner":null,"operator:wikipedia":null,"operator:wikidata":null,"operator:short":null,"operator":null,"name":"Falconbridge Spur","maxspeed":null,"service":"spur","gauge":"1435","electrified":"no"},"geometry":{"type":"MultiLineString","coordinates":[[[-80.8063241,46.5676114],[-80.807056,46.5685344],[-80.8072875,46.5688389],[-80.8074965,46.5691467],[-80.8076224,46.5694505],[-80.8076932,46.5697518],[-80.8077137,46.5700644],[-80.8076715,46.5703783],[-80.8075748,46.5706728],[-80.8074532,46.5709267],[-80.8072808,46.5711746],[-80.8071239,46.5713734],[-80.8069061,46.5715811],[-80.806651,46.5717953],[-80.8063379,46.5719955],[-80.8059744,46.572176],[-80.8036548,46.5732381]]]}},
{"type":"Feature","properties":{"full_id":"w246680513","osm_id":"246680513","osm_type":"way","railway":"rail","covered":null,"tunnel":null,"railway:track_ref":null,"abandoned:electrified":null,"Source":null,"layer":null,"bridge":null,"railway:preferred_direction":null,"workrules":null,"railway:traffic_mode":null,"usage":null,"reporting_marks":null,"owner:wikipedia":null,"owner:wikidata":null,"owner":null,"operator:wikipedia":null,"operator:wikidata":null,"operator:short":null,"operator":null,"name":null,"maxspeed":null,"service":"spur","gauge":"1435","electrified":"no"},"geometry":{"type":"MultiLineString","coordinates":[[[-80.8004574,46.5737128],[-80.8000869,46.5737239],[-80.7997311,46.5737552],[-80.7993954,46.5738357],[-80.7991136,46.573942],[-80.7988407,46.57407],[-80.7986039,46.5742276],[-80.7984125,46.5743933],[-80.7982495,46.5745859],[-80.7981373,46.5747744],[-80.7980495,46.5749664],[-80.797947,46.5751993]]]}},
{"type":"Feature","properties":{"full_id":"w246687753","osm_id":"246687753","osm_type":"way","railway":"rail","covered":null,"tunnel":null,"railway:track_ref":null,"abandoned:electrified":null,"Source":null,"layer":null,"bridge":null,"railway:preferred_direction":null,"workrules":null,"railway:traffic_mode":null,"usage":null,"reporting_marks":"CPKC","owner:wikipedia":null,"owner:wikidata":null,"owner":null,"operator:wikipedia":"en:Canadian Pacific Kansas City","operator:wikidata":"Q117706368","operator:short":null,"operator":null,"name":null,"maxspeed":null,"service":"spur","gauge":"1435","electrified":"no"},"geometry":{"type":"MultiLineString","coordinates":[[[-81.0498222,46.5240602],[-81.0500639,46.5239491],[-81.050315,46.5238308],[-81.050646,46.5236705],[-81.0508611,46.5235718]]]}},
{"type":"Feature","properties":{"full_id":"w246687754","osm_id":"246687754","osm_type":"way","railway":"rail","covered":null,"tunnel":null,"railway:track_ref":null,"abandoned:electrified":null,"Source":null,"layer":null,"bridge":null,"railway:preferred_direction":null,"workrules":null,"railway:traffic_mode":null,"usage":null,"reporting_marks":"CPKC","owner:wikipedia":null,"owner:wikidata":null,"owner":null,"operator:wikipedia":"en:Canadian Pacific Kansas City","operator:wikidata":"Q117706368","operator:short":null,"operator":null,"name":null,"maxspeed":null,"service":"spur","gauge":"1435","electrified":"no"},"geometry":{"type":"MultiLineString","coordinates":[[[-81.0495193,46.5257677],[-81.0492753,46.5258149],[-81.0484626,46.5259754],[-81.0481181,46.5260471],[-81.0478994,46.5261286],[-81.0476419,46.5262154],[-81.0474327,46.5263298],[-81.0472154,46.5265254]]]}},
{"type":"Feature","properties":{"full_id":"w246687756","osm_id":"246687756","osm_type":"way","railway":"rail","covered":null,"tunnel":null,"railway:track_ref":null,"abandoned:electrified":null,"Source":null,"layer":null,"bridge":null,"railway:preferred_direction":null,"workrules":null,"railway:traffic_mode":null,"usage":"main","reporting_marks":"CPKC","owner:wikipedia":null,"owner:wikidata":null,"owner":null,"operator:wikipedia":"en:Canadian Pacific Kansas City","operator:wikidata":"Q117706368","operator:short":null,"operator":"Canadian Pacific Kansas City","name":"Cartier Subdivision","maxspeed":"45 mph","service":null,"gauge":"1435","electrified":"no"},"geometry":{"type":"MultiLineString","coordinates":[[[-81.064217,46.526142],[-81.063577,46.5259488],[-81.063286,46.5258531],[-81.0631032,46.525786],[-81.0630208,46.5257558],[-81.0627433,46.5256506],[-81.0624794,46.5255441],[-81.0621856,46.5254204],[-81.0590761,46.5240921],[-81.0561705,46.5228567],[-81.0550912,46.5223966],[-81.053202,46.5215821],[-81.0530438,46.5215088],[-81.0528821,46.5214294],[-81.0527028,46.5213348],[-81.0525306,46.5212392],[-81.05237,46.5211455],[-81.0521954,46.5210366],[-81.0520231,46.5209229],[-81.0518754,46.5208194],[-81.0517253,46.520711],[-81.0515472,46.5205694],[-81.0514101,46.5204564],[-81.0512808,46.5203384],[-81.0511609,46.520225],[-81.0510419,46.5201062],[-81.0509183,46.5199784],[-81.05082,46.5198722],[-81.0507274,46.5197655],[-81.0506433,46.5196529],[-81.0490778,46.5173513],[-81.0482641,46.516154],[-81.0481586,46.5160105],[-81.0480578,46.5158826],[-81.0479477,46.5157494],[-81.047838,46.5156209],[-81.047724,46.5154913]]]}},
{"type":"Feature","properties":{"full_id":"w246687758","osm_id":"246687758","osm_type":"way","railway":"rail","covered":null,"tunnel":null,"railway:track_ref":null,"abandoned:electrified":null,"Source":null,"layer":"1","bridge":"yes","railway:preferred_direction":null,"workrules":null,"railway:traffic_mode":null,"usage":"main","reporting_marks":"CPKC","owner:wikipedia":null,"owner:wikidata":null,"owner":null,"operator:wikipedia":null,"operator:wikidata":"Q117706368","operator:short":null,"operator":"Canadian Pacific Kansas City","name":"Cartier Subdivision","maxspeed":"50 mph","service":null,"gauge":"1435","electrified":"no"},"geometry":{"type":"MultiLineString","coordinates":[[[-81.0849596,46.5408308],[-81.0847686,46.5407193]]]}},
{"type":"Feature","properties":{"full_id":"w246687759","osm_id":"246687759","osm_type":"way","railway":"rail","covered":null,"tunnel":null,"railway:track_ref":null,"abandoned:electrified":null,"Source":null,"layer":null,"bridge":null,"railway:preferred_direction":null,"workrules":null,"railway:traffic_mode":null,"usage":null,"reporting_marks":"CPKC","owner:wikipedia":null,"owner:wikidata":null,"owner":null,"operator:wikipedia":"en:Canadian Pacific Kansas City","operator:wikidata":"Q117706368","operator:short":null,"operator":null,"name":null,"maxspeed":null,"service":"spur","gauge":"1435","electrified":"no"},"geometry":{"type":"MultiLineString","coordinates":[[[-81.0497614,46.5243263],[-81.0506138,46.5237369],[-81.0508611,46.5235718],[-81.0523135,46.5226019],[-81.0523411,46.5225834],[-81.0525552,46.5224378],[-81.0527047,46.5223574],[-81.052869,46.5222891],[-81.0530422,46.5222365],[-81.0532519,46.5221973],[-81.053445,46.5221661],[-81.0536558,46.522143],[-81.0538536,46.5221328],[-81.0540494,46.5221322],[-81.0542246,46.5221402],[-81.0544166,46.522172],[-81.0545846,46.5222152],[-81.054734,46.5222638],[-81.0550912,46.5223966]]]}},
{"type":"Feature","properties":{"full_id":"w246687762","osm_id":"246687762","osm_type":"way","railway":"rail","covered":null,"tunnel":null,"railway:track_ref":null,"abandoned:electrified":null,"Source":null,"layer":null,"bridge":null,"railway:preferred_direction":null,"workrules":null,"railway:traffic_mode":null,"usage":null,"reporting_marks":"CPKC","owner:wikipedia":null,"owner:wikidata":null,"owner":null,"operator:wikipedia":"en:Canadian Pacific Kansas City","operator:wikidata":"Q117706368","operator:short":null,"operator":null,"name":null,"maxspeed":null,"service":"spur","gauge":"1435","electrified":"no"},"geometry":{"type":"MultiLineString","coordinates":[[[-81.0526922,46.5221357],[-81.0514629,46.5229486],[-81.0513621,46.5230153],[-81.0502141,46.5237775],[-81.0498222,46.5240602],[-81.048991,46.5246596],[-81.0483116,46.5252314],[-81.0481932,46.5253311],[-81.0479906,46.5255565],[-81.0476687,46.5259644],[-81.0472154,46.5265254],[-81.0469481,46.5268194],[-81.0467675,46.5270181],[-81.046608,46.5272042],[-81.0457912,46.5281466]]]}},
{"type":"Feature","properties":{"full_id":"w246687763","osm_id":"246687763","osm_type":"way","railway":"rail","covered":null,"tunnel":null,"railway:track_ref":null,"abandoned:electrified":null,"Source":null,"layer":null,"bridge":null,"railway:preferred_direction":null,"workrules":null,"railway:traffic_mode":null,"usage":"main","reporting_marks":"CPKC","owner:wikipedia":null,"owner:wikidata":null,"owner":null,"operator:wikipedia":null,"operator:wikidata":"Q117706368","operator:short":null,"operator":"Canadian Pacific Kansas City","name":"Cartier Subdivision","maxspeed":"45 mph","service":null,"gauge":"1435","electrified":"no"},"geometry":{"type":"MultiLineString","coordinates":[[[-81.064217,46.526142],[-81.0634375,46.5258665],[-81.0631298,46.5257529],[-81.0630558,46.5257256],[-81.0627101,46.5255883],[-81.0623625,46.5254458],[-81.0606964,46.5247377],[-81.0590554,46.5240408],[-81.0578546,46.5235261],[-81.0565369,46.5229669],[-81.0562046,46.5228263],[-81.0547229,46.522197],[-81.0532843,46.5215805],[-81.0530814,46.5214856],[-81.0529081,46.5213998],[-81.0527473,46.5213176],[-81.0525795,46.5212237],[-81.0524178,46.5211305],[-81.0522755,46.5210427],[-81.0521263,46.5209452],[-81.0519702,46.5208377],[-81.0518285,46.5207378],[-81.0516933,46.5206348],[-81.0515511,46.5205205],[-81.0514215,46.5204085],[-81.0512953,46.5202912],[-81.0511561,46.5201598],[-81.0510324,46.5200361],[-81.0509094,46.5199008],[-81.0507978,46.5197687],[-81.0506802,46.5196256],[-81.0505814,46.5194888],[-81.0501013,46.5187776],[-81.0487795,46.5168177],[-81.0483101,46.5161285],[-81.0482087,46.5159923],[-81.0481062,46.515858],[-81.0479961,46.5157295],[-81.047881,46.515594],[-81.0477715,46.5154744],[-81.0476535,46.5153497],[-81.047527,46.5152215],[-81.0473933,46.5150885],[-81.0472594,46.5149635],[-81.0471105,46.5148339],[-81.0469494,46.5146945],[-81.0467803,46.5145556],[-81.0466164,46.514426],[-81.0464343,46.5142848],[-81.0462379,46.5141428],[-81.0460216,46.5139983],[-81.0458318,46.5138725],[-81.0456435,46.5137491],[-81.0454304,46.5136245],[-81.0452126,46.5135073],[-81.044971,46.5133787],[-81.0447239,46.513257],[-81.0444812,46.5131409],[-81.0442522,46.513041],[-81.0440345,46.5129463],[-81.0438004,46.5128473],[-81.0435072,46.5127377],[-81.043237,46.5126386],[-81.0429853,46.5125529],[-81.0427417,46.5124778],[-81.0425296,46.5124156],[-81.0422956,46.5123547],[-81.0414277,46.512139],[-81.0407338,46.5119674],[-81.0404964,46.5119055],[-81.0402679,46.5118359],[-81.0400237,46.5117521],[-81.039792,46.5116662],[-81.039577,46.5115804],[-81.0393606,46.5114851],[-81.0391676,46.511397],[-81.0389762,46.5113025],[-81.0387445,46.5111768],[-81.0385385,46.511055],[-81.0383239,46.5109166],[-81.0381188,46.5107818],[-81.0378935,46.5106138],[-81.0376985,46.5104607],[-81.0375019,46.5102922],[-81.0373356,46.5101361],[-81.0369892,46.5098089],[-81.0368551,46.5096836],[-81.0367345,46.509572],[-81.0366046,46.5094531],[-81.0364715,46.5093366],[-81.0363225,46.5092193],[-81.0361794,46.5091108],[-81.0360255,46.5090035],[-81.0358664,46.5088982],[-81.0356955,46.5087909],[-81.0325461,46.5068207],[-81.032353,46.5067131],[-81.0321377,46.506599]]]}},
{"type":"Feature","properties":{"full_id":"w246687764","osm_id":"246687764","osm_type":"way","railway":"rail","covered":null,"tunnel":null,"railway:track_ref":null,"abandoned:electrified":null,"Source":null,"layer":null,"bridge":null,"railway:preferred_direction":null,"workrules":null,"railway:traffic_mode":null,"usage":null,"reporting_marks":"CPKC","owner:wikipedia":null,"owner:wikidata":null,"owner":null,"operator:wikipedia":"en:Canadian Pacific Kansas City","operator:wikidata":"Q117706368","operator:short":null,"operator":null,"name":null,"maxspeed":null,"service":"spur","gauge":"1435","electrified":"no"},"geometry":{"type":"MultiLineString","coordinates":[[[-81.0514629,46.5229486],[-81.0516559,46.52286],[-81.0518422,46.5227938],[-81.0521495,46.5226847],[-81.0523135,46.5226019]]]}},
{"type":"Feature","properties":{"full_id":"w246687902","osm_id":"246687902","osm_type":"way","railway":"rail","covered":null,"tunnel":null,"railway:track_ref":null,"abandoned:electrified":null,"Source":null,"layer":null,"bridge":null,"railway:preferred_direction":null,"workrules":null,"railway:traffic_mode":null,"usage":null,"reporting_marks":null,"owner:wikipedia":null,"owner:wikidata":null,"owner":null,"operator:wikipedia":null,"operator:wikidata":null,"operator:short":null,"operator":null,"name":null,"maxspeed":null,"service":"spur","gauge":"1435","electrified":"no"},"geometry":{"type":"MultiLineString","coordinates":[[[-80.8040368,46.5613691],[-80.8038065,46.5616586],[-80.8036721,46.5617945],[-80.8035366,46.5619054],[-80.8033809,46.5620088],[-80.8032042,46.5621054],[-80.8029671,46.5622098],[-80.8027747,46.5622847],[-80.8025413,46.5623606],[-80.8023215,46.5624065],[-80.8020663,46.5624423],[-80.8017826,46.5624702],[-80.8014999,46.5624724],[-80.8012176,46.5624471],[-80.8009442,46.5624037],[-80.8006498,46.5623313],[-80.8003118,46.5622179],[-80.8000273,46.5621113]]]}},
{"type":"Feature","properties":{"full_id":"w246687903","osm_id":"246687903","osm_type":"way","railway":"rail","covered":null,"tunnel":null,"railway:track_ref":null,"abandoned:electrified":null,"Source":null,"layer":null,"bridge":null,"railway:preferred_direction":null,"workrules":null,"railway:traffic_mode":null,"usage":null,"reporting_marks":null,"owner:wikipedia":null,"owner:wikidata":null,"owner":null,"operator:wikipedia":null,"operator:wikidata":null,"operator:short":null,"operator":null,"name":"Falconbridge Spur","maxspeed":null,"service":"spur","gauge":"1435","electrified":"no"},"geometry":{"type":"MultiLineString","coordinates":[[[-80.8040316,46.5646998],[-80.8036832,46.5642642],[-80.8035193,46.5640197],[-80.803411,46.563792],[-80.8033374,46.5635807],[-80.8032848,46.5633245],[-80.8032832,46.5629547],[-80.8033146,46.5627547],[-80.8033692,46.5625297],[-80.8034754,46.56227],[-80.8036381,46.5619921],[-80.8038309,46.5617036],[-80.8040368,46.5613691]]]}},
{"type":"Feature","properties":{"full_id":"w246687904","osm_id":"246687904","osm_type":"way","railway":"rail","covered":null,"tunnel":null,"railway:track_ref":null,"abandoned:electrified":null,"Source":null,"layer":null,"bridge":null,"railway:preferred_direction":null,"workrules":null,"railway:traffic_mode":null,"usage":null,"reporting_marks":"CPKC","owner:wikipedia":null,"owner:wikidata":null,"owner":null,"operator:wikipedia":"en:Canadian Pacific Kansas City","operator:wikidata":"Q117706368","operator:short":null,"operator":"Canadian Pacific Kansas City","name":"Falconbridge Spur","maxspeed":null,"service":"spur","gauge":"1435","electrified":"no"},"geometry":{"type":"MultiLineString","coordinates":[[[-80.8097764,46.4927129],[-80.8094567,46.4929424],[-80.8092438,46.4931147],[-80.8090426,46.4932998],[-80.8088651,46.4935106],[-80.8087339,46.4937184],[-80.8086319,46.4939591],[-80.8085924,46.4941897],[-80.8085895,46.4944216],[-80.8086149,46.4946577],[-80.8086901,46.4948939],[-80.8088071,46.4951291],[-80.8089552,46.4953552],[-80.8091982,46.4957155],[-80.8098709,46.496713],[-80.8117257,46.49957],[-80.812337,46.5005318],[-80.8124273,46.5006739],[-80.8130503,46.5016003],[-80.8132309,46.5018758],[-80.8133689,46.5021277],[-80.8134741,46.5023558],[-80.8144237,46.5044762],[-80.8145283,46.5047176],[-80.8146199,46.5049411],[-80.8146917,46.5051558],[-80.814732,46.5053548],[-80.8147577,46.5055182],[-80.8147703,46.5057227],[-80.8147743,46.5058942]]]}},
{"type":"Feature","properties":{"full_id":"w246735514","osm_id":"246735514","osm_type":"way","railway":"rail","covered":null,"tunnel":null,"railway:track_ref":null,"abandoned:electrified":null,"Source":null,"layer":null,"bridge":null,"railway:preferred_direction":null,"workrules":null,"railway:traffic_mode":null,"usage":"main","reporting_marks":"CN","owner:wikipedia":"en:Canadian National Railway","owner:wikidata":"Q624798","owner":"Canadian National Railway","operator:wikipedia":"en:Canadian National Railway","operator:wikidata":"Q624798","operator:short":"CN","operator":"Canadian National Railway","name":"CN Bala Subdivision","maxspeed":"45 mph","service":null,"gauge":"1435","electrified":"no"},"geometry":{"type":"MultiLineString","coordinates":[[[-80.8625503,46.5170234],[-80.8600244,46.5166916],[-80.8544096,46.5159359],[-80.8483314,46.5151283],[-80.844462,46.514615]]]}},
{"type":"Feature","properties":{"full_id":"w246735516","osm_id":"246735516","osm_type":"way","railway":"rail","covered":null,"tunnel":null,"railway:track_ref":null,"abandoned:electrified":null,"Source":null,"layer":null,"bridge":null,"railway:preferred_direction":null,"workrules":null,"railway:traffic_mode":null,"usage":null,"reporting_marks":"CPKC","owner:wikipedia":null,"owner:wikidata":null,"owner":null,"operator:wikipedia":"en:Canadian Pacific Kansas City","operator:wikidata":"Q117706368","operator:short":null,"operator":"Canadian Pacific Kansas City","name":"Falconbridge Spur","maxspeed":null,"service":"spur","gauge":"1435","electrified":"no"},"geometry":{"type":"MultiLineString","coordinates":[[[-80.8147743,46.5058942],[-80.814814,46.5098252],[-80.814814,46.5101302],[-80.81481,46.5104078],[-80.8147911,46.5106505],[-80.8147501,46.5108832],[-80.8146759,46.5111209],[-80.8146057,46.5113042],[-80.8145165,46.5115562],[-80.813917,46.5130353],[-80.8137044,46.5135319],[-80.8135947,46.5138242],[-80.8135179,46.5140805],[-80.8134415,46.514344],[-80.8133772,46.514564],[-80.8132902,46.5147829],[-80.8131545,46.5150092],[-80.8129815,46.5152038],[-80.8127723,46.5154064],[-80.8125426,46.5155672],[-80.8122844,46.5157091],[-80.8120453,46.5158184],[-80.8117835,46.5159101],[-80.8114805,46.5159893],[-80.8112022,46.5160746],[-80.8109342,46.5161662],[-80.8107108,46.5162667],[-80.8104802,46.516385],[-80.8102796,46.516519],[-80.8100852,46.5166763],[-80.8098895,46.5168551],[-80.8097473,46.5170308],[-80.8096202,46.5172091],[-80.8095301,46.5174142],[-80.8089727,46.5187869],[-80.8088775,46.519026],[-80.808811,46.519211],[-80.8087591,46.5193841],[-80.8087172,46.519568],[-80.8086865,46.5197673],[-80.808671,46.5199354],[-80.8086659,46.5201198],[-80.8086832,46.5203089],[-80.808704,46.5204945],[-80.8087359,46.5206789],[-80.8089477,46.5217278],[-80.8090838,46.5223354],[-80.8091287,46.522579],[-80.8091953,46.5228071],[-80.8092915,46.5230399],[-80.8094189,46.5232665],[-80.8097952,46.5238831]]]}},
{"type":"Feature","properties":{"full_id":"w246735518","osm_id":"246735518","osm_type":"way","railway":"rail","covered":null,"tunnel":null,"railway:track_ref":null,"abandoned:electrified":null,"Source":null,"layer":null,"bridge":null,"railway:preferred_direction":null,"workrules":null,"railway:traffic_mode":null,"usage":null,"reporting_marks":"CPKC","owner:wikipedia":null,"owner:wikidata":null,"owner":null,"operator:wikipedia":"en:Canadian Pacific Kansas City","operator:wikidata":"Q117706368","operator:short":null,"operator":"Canadian Pacific Kansas City","name":"Falconbridge Spur","maxspeed":null,"service":"spur","gauge":"1435","electrified":"no"},"geometry":{"type":"MultiLineString","coordinates":[[[-80.8097952,46.5238831],[-80.8145584,46.5315863],[-80.8150397,46.5323516],[-80.81534,46.5328434],[-80.8155882,46.5333013],[-80.8157988,46.5336898],[-80.8160172,46.5340891],[-80.8167368,46.5354141],[-80.8174021,46.5366803],[-80.8175955,46.5370394],[-80.8177312,46.5372864],[-80.8178649,46.5375425],[-80.8179666,46.537805],[-80.8180401,46.538065],[-80.8180866,46.5383213],[-80.8181098,46.5385866],[-80.81811,46.5388434],[-80.8181077,46.5400128],[-80.8180979,46.5416884],[-80.8180894,46.5419719],[-80.8180612,46.5422324],[-80.8180198,46.5424645],[-80.8179735,46.5426654],[-80.8179023,46.5428845],[-80.8178144,46.5430931],[-80.8177045,46.5433086],[-80.8174604,46.5438485],[-80.8173617,46.5440612],[-80.8172618,46.5443211],[-80.8171918,46.5445744],[-80.8171552,46.5448122],[-80.8171451,46.5450851],[-80.817146,46.5460326],[-80.8171397,46.5462918],[-80.8171343,46.5475385],[-80.8171115,46.5501751],[-80.8171134,46.5517546],[-80.8170969,46.5522333],[-80.8170828,46.552518],[-80.8170617,46.5527574],[-80.8170317,46.5529605],[-80.8169836,46.5531547],[-80.8169109,46.5533294],[-80.8168182,46.5535013],[-80.8167104,46.5536601],[-80.8165969,46.553807],[-80.8164559,46.5539651],[-80.816305,46.5541071],[-80.8161175,46.5542689],[-80.8159179,46.5544016],[-80.81572,46.5545345],[-80.8154795,46.5546721],[-80.8152922,46.5547542],[-80.8096155,46.5573159],[-80.8069003,46.5585141],[-80.8064945,46.5586938],[-80.8061518,46.5588615],[-80.8058367,46.5590549],[-80.8055561,46.5592727],[-80.8053396,46.5594925],[-80.8051108,46.5597737],[-80.8046134,46.5605095],[-80.8042216,46.5611002],[-80.8040368,46.5613691]]]}},
{"type":"Feature","properties":{"full_id":"w246735519","osm_id":"246735519","osm_type":"way","railway":"rail","covered":null,"tunnel":null,"railway:track_ref":null,"abandoned:electrified":null,"Source":null,"layer":null,"bridge":null,"railway:preferred_direction":null,"workrules":null,"railway:traffic_mode":null,"usage":"branch","reporting_marks":null,"owner:wikipedia":null,"owner:wikidata":null,"owner":null,"operator:wikipedia":null,"operator:wikidata":"Q2962343","operator:short":null,"operator":"Ottawa Valley Railway","name":"OVR Cartier Subdivision","maxspeed":null,"service":null,"gauge":"1435","electrified":"no"},"geometry":{"type":"MultiLineString","coordinates":[[[-80.8090457,46.493172],[-80.8067587,46.4946006],[-80.8064427,46.4947891],[-80.8032033,46.4966611],[-80.8031096,46.4967193],[-80.8019579,46.4972794]]]}},
{"type":"Feature","properties":{"full_id":"w246735520","osm_id":"246735520","osm_type":"way","railway":"rail","covered":null,"tunnel":null,"railway:track_ref":null,"abandoned:electrified":null,"Source":null,"layer":null,"bridge":null,"railway:preferred_direction":null,"workrules":null,"railway:traffic_mode":null,"usage":"branch","reporting_marks":null,"owner:wikipedia":null,"owner:wikidata":null,"owner":null,"operator:wikipedia":null,"operator:wikidata":"Q117706368","operator:short":null,"operator":"Canadian Pacific Kansas City","name":"CPKC Cartier Subdivision","maxspeed":"40 mph","service":null,"gauge":"1435","electrified":"no"},"geometry":{"type":"MultiLineString","coordinates":[[[-80.8235804,46.4851294],[-80.8231613,46.4851828],[-80.8228051,46.4852555],[-80.8224692,46.4853362],[-80.8221438,46.4854293],[-80.821753,46.4855585],[-80.8214205,46.4856998],[-80.8211353,46.4858247],[-80.8208749,46.4859607],[-80.820584,46.4861254],[-80.8190564,46.4870221],[-80.8129037,46.490778],[-80.8097764,46.4927129]]]}},
{"type":"Feature","properties":{"full_id":"w246738379","osm_id":"246738379","osm_type":"way","railway":"rail","covered":null,"tunnel":null,"railway:track_ref":null,"abandoned:electrified":null,"Source":null,"layer":null,"bridge":null,"railway:preferred_direction":null,"workrules":null,"railway:traffic_mode":null,"usage":"main","reporting_marks":"CN","owner:wikipedia":"en:Canadian National Railway","owner:wikidata":"Q624798","owner":"Canadian National Railway","operator:wikipedia":"en:Canadian National Railway","operator:wikidata":"Q624798","operator:short":"CN","operator":"Canadian National Railway","name":"CN Bala Subdivision","maxspeed":"40 mph","service":null,"gauge":"1435","electrified":"no"},"geometry":{"type":"MultiLineString","coordinates":[[[-80.9325464,46.6007748],[-80.9328085,46.6001745],[-80.9329968,46.5998625],[-80.9332177,46.5995706],[-80.9334995,46.5992426],[-80.9338093,46.5989426],[-80.9340512,46.5987217],[-80.9343714,46.5984785],[-80.9347733,46.5982114],[-80.9352486,46.5979403],[-80.9357932,46.5976822],[-80.9363728,46.597436],[-80.9368857,46.597229],[-80.937416,46.5970018],[-80.9377222,46.5968429],[-80.9380283,46.596672],[-80.9383245,46.5964739],[-80.9385506,46.5962919],[-80.9387165,46.596134],[-80.9388912,46.5959661],[-80.9390472,46.5957975],[-80.9392061,46.5956169],[-80.9393953,46.5953606],[-80.9395553,46.5950892],[-80.9396804,46.5948358],[-80.9397978,46.5945654],[-80.9399357,46.5941664],[-80.9402544,46.5930686],[-80.9405732,46.5920088],[-80.9407693,46.5913687],[-80.9409507,46.5907628],[-80.9411224,46.5903244],[-80.9412766,46.5900252],[-80.9414981,46.589704],[-80.9417327,46.5893868],[-80.941978,46.5890856],[-80.9422581,46.5887933],[-80.9429004,46.5881602],[-80.9432365,46.5878262],[-80.943482,46.5875102],[-80.9436433,46.5872547],[-80.9437462,46.5870193]]]}},
{"type":"Feature","properties":{"full_id":"w246962451","osm_id":"246962451","osm_type":"way","railway":"rail","covered":null,"tunnel":null,"railway:track_ref":null,"abandoned:electrified":null,"Source":null,"layer":null,"bridge":null,"railway:preferred_direction":null,"workrules":"CA-CROR","railway:traffic_mode":"mixed","usage":"main","reporting_marks":"CN;VIA","owner:wikipedia":null,"owner:wikidata":null,"owner":"Canadian National Railway","operator:wikipedia":null,"operator:wikidata":null,"operator:short":null,"operator":"Canadian National Railway;VIA Rail","name":"Ruel Subdivision","maxspeed":"50 mph","service":null,"gauge":"1435","electrified":"no"},"geometry":{"type":"MultiLineString","coordinates":[[[-80.9510766,46.7509797],[-80.9515201,46.7497611],[-80.9516629,46.7493486],[-80.9518184,46.7488125],[-80.9518911,46.74835],[-80.9519186,46.7478332],[-80.9519059,46.7473423],[-80.9518346,46.7468342],[-80.9516568,46.7461215],[-80.9515575,46.7457231],[-80.9512712,46.7443372],[-80.9509987,46.7426609],[-80.9509016,46.7422021],[-80.9506969,46.7412148],[-80.950615,46.7408197],[-80.9504671,46.7402743],[-80.9502754,46.7394084],[-80.9501333,46.7384099],[-80.9500882,46.7374502],[-80.9501073,46.7363815],[-80.9502787,46.7353345],[-80.950523,46.7343534],[-80.9510259,46.7324544],[-80.9513344,46.7311992],[-80.9513788,46.7306479],[-80.951391,46.7303698],[-80.951371,46.7300123]]]}},
{"type":"Feature","properties":{"full_id":"w246962455","osm_id":"246962455","osm_type":"way","railway":"rail","covered":null,"tunnel":null,"railway:track_ref":null,"abandoned:electrified":null,"Source":null,"layer":null,"bridge":null,"railway:preferred_direction":null,"workrules":"CA-CROR","railway:traffic_mode":"mixed","usage":"main","reporting_marks":"CN;VIA","owner:wikipedia":null,"owner:wikidata":null,"owner":"Canadian National Railway","operator:wikipedia":null,"operator:wikidata":null,"operator:short":null,"operator":"Canadian National Railway;VIA Rail","name":"Ruel Subdivision","maxspeed":"50 mph","service":null,"gauge":"1435","electrified":"no"},"geometry":{"type":"MultiLineString","coordinates":[[[-80.951371,46.7300123],[-80.9513424,46.7296338],[-80.9511015,46.7288171]]]}},
{"type":"Feature","properties":{"full_id":"w246962457","osm_id":"246962457","osm_type":"way","railway":"rail","covered":null,"tunnel":null,"railway:track_ref":null,"abandoned:electrified":null,"Source":null,"layer":null,"bridge":null,"railway:preferred_direction":null,"workrules":"CA-CROR","railway:traffic_mode":"mixed","usage":"main","reporting_marks":"CN;VIA","owner:wikipedia":null,"owner:wikidata":null,"owner":"Canadian National Railway","operator:wikipedia":null,"operator:wikidata":null,"operator:short":null,"operator":"Canadian National Railway;VIA Rail","name":"Ruel Subdivision","maxspeed":"50 mph","service":null,"gauge":"1435","electrified":"no"},"geometry":{"type":"MultiLineString","coordinates":[[[-80.9511015,46.7288171],[-80.9506762,46.7274269],[-80.9504475,46.7266771],[-80.9503108,46.7261999],[-80.9502734,46.7254229],[-80.950277,46.7248666],[-80.9503477,46.7244001],[-80.950705,46.7228073],[-80.9508692,46.7221925]]]}},
{"type":"Feature","properties":{"full_id":"w246962460","osm_id":"246962460","osm_type":"way","railway":"rail","covered":null,"tunnel":null,"railway:track_ref":null,"abandoned:electrified":null,"Source":null,"layer":null,"bridge":null,"railway:preferred_direction":null,"workrules":"CA-CROR","railway:traffic_mode":"mixed","usage":"main","reporting_marks":"CN;VIA","owner:wikipedia":null,"owner:wikidata":null,"owner":"Canadian National Railway","operator:wikipedia":null,"operator:wikidata":null,"operator:short":null,"operator":"Canadian National Railway;VIA Rail","name":"Ruel Subdivision","maxspeed":"50 mph","service":null,"gauge":"1435","electrified":"no"},"geometry":{"type":"MultiLineString","coordinates":[[[-80.9552403,46.8105913],[-80.955028,46.8102506],[-80.9548656,46.8099475],[-80.9546945,46.8095744],[-80.9545679,46.8092662],[-80.9544457,46.8089381],[-80.9543092,46.8085421],[-80.9540717,46.8077537],[-80.9539,46.8071968],[-80.9537278,46.8066777],[-80.9534851,46.8061869],[-80.9530758,46.8055012],[-80.9528152,46.8051757],[-80.9522801,46.8046379],[-80.9519094,46.8042808],[-80.9512716,46.8036542],[-80.9508628,46.8032204],[-80.9505603,46.8028723],[-80.9503916,46.802648],[-80.95008,46.8022043],[-80.9498677,46.801785],[-80.9497307,46.8014693],[-80.9495987,46.8011179],[-80.9494885,46.800718],[-80.9493679,46.8001679],[-80.9493395,46.7998694],[-80.9493266,46.7995583],[-80.949345,46.7991058],[-80.9493764,46.7987513],[-80.9494836,46.7981847],[-80.9498854,46.7968003],[-80.9501916,46.7957779],[-80.9504698,46.7948345],[-80.9505548,46.794434],[-80.9505844,46.7941718],[-80.9505875,46.7938357],[-80.9505923,46.7935896],[-80.9505678,46.7932796],[-80.9504849,46.7929672],[-80.9503729,46.7925156],[-80.9501785,46.7917922],[-80.9499867,46.7911495],[-80.9498913,46.7908244],[-80.9498321,46.7905821],[-80.9497607,46.7902044],[-80.949717,46.7897833],[-80.9497344,46.7893591],[-80.9497673,46.7889204],[-80.9498148,46.788362]]]}},
{"type":"Feature","properties":{"full_id":"w246962463","osm_id":"246962463","osm_type":"way","railway":"rail","covered":null,"tunnel":null,"railway:track_ref":null,"abandoned:electrified":null,"Source":null,"layer":null,"bridge":null,"railway:preferred_direction":null,"workrules":"CA-CROR","railway:traffic_mode":"mixed","usage":"main","reporting_marks":"CN;VIA","owner:wikipedia":null,"owner:wikidata":null,"owner":"Canadian National Railway","operator:wikipedia":null,"operator:wikidata":null,"operator:short":null,"operator":"Canadian National Railway;VIA Rail","name":"Ruel Subdivision","maxspeed":"40 mph","service":null,"gauge":"1435","electrified":"no"},"geometry":{"type":"MultiLineString","coordinates":[[[-80.9966986,46.8702757],[-80.9966402,46.8696033],[-80.9964699,46.8682656]]]}},
{"type":"Feature","properties":{"full_id":"w246962519","osm_id":"246962519","osm_type":"way","railway":"rail","covered":null,"tunnel":null,"railway:track_ref":null,"abandoned:electrified":null,"Source":null,"layer":null,"bridge":null,"railway:preferred_direction":null,"workrules":null,"railway:traffic_mode":null,"usage":null,"reporting_marks":null,"owner:wikipedia":null,"owner:wikidata":null,"owner":null,"operator:wikipedia":null,"operator:wikidata":null,"operator:short":null,"operator":null,"name":null,"maxspeed":null,"service":"yard","gauge":"1435","electrified":"no"},"geometry":{"type":"MultiLineString","coordinates":[[[-80.9505536,46.7154687],[-80.9508517,46.7157608],[-80.9509828,46.71591],[-80.9510981,46.7160645],[-80.9512349,46.7163128],[-80.9513453,46.7165442],[-80.951439,46.7168312],[-80.9515087,46.7171364],[-80.9515407,46.7174345],[-80.9515302,46.7176511],[-80.951439,46.7186],[-80.9513968,46.7192465],[-80.9513831,46.7198418]]]}},
{"type":"Feature","properties":{"full_id":"w246962520","osm_id":"246962520","osm_type":"way","railway":"rail","covered":null,"tunnel":null,"railway:track_ref":null,"abandoned:electrified":null,"Source":null,"layer":null,"bridge":null,"railway:preferred_direction":null,"workrules":null,"railway:traffic_mode":null,"usage":null,"reporting_marks":null,"owner:wikipedia":null,"owner:wikidata":null,"owner":null,"operator:wikipedia":null,"operator:wikidata":null,"operator:short":null,"operator":null,"name":null,"maxspeed":null,"service":"yard","gauge":"1435","electrified":"no"},"geometry":{"type":"MultiLineString","coordinates":[[[-80.9506236,46.7153048],[-80.9508221,46.7154924],[-80.9509774,46.7156654],[-80.951144,46.7158381],[-80.9513261,46.7160994],[-80.9514658,46.7163199],[-80.9516214,46.7167466],[-80.9516804,46.7169893],[-80.951734,46.717276],[-80.9517555,46.717482],[-80.9516217,46.7188627]]]}},
{"type":"Feature","properties":{"full_id":"w246962521","osm_id":"246962521","osm_type":"way","railway":"rail","covered":null,"tunnel":null,"railway:track_ref":null,"abandoned:electrified":null,"Source":null,"layer":null,"bridge":null,"railway:preferred_direction":null,"workrules":null,"railway:traffic_mode":null,"usage":null,"reporting_marks":null,"owner:wikipedia":null,"owner:wikidata":null,"owner":null,"operator:wikipedia":null,"operator:wikidata":null,"operator:short":null,"operator":null,"name":null,"maxspeed":null,"service":"yard","gauge":"1435","electrified":"no"},"geometry":{"type":"MultiLineString","coordinates":[[[-80.9504758,46.7155465],[-80.950554,46.7156174],[-80.9508382,46.7159069],[-80.9510841,46.7162997],[-80.9512031,46.7166012],[-80.9513202,46.716828],[-80.9513663,46.7171421],[-80.9513998,46.7174198],[-80.9513816,46.7177696],[-80.9513623,46.718182],[-80.9512897,46.7202458]]]}},
{"type":"Feature","properties":{"full_id":"w246962522","osm_id":"246962522","osm_type":"way","railway":"rail","covered":null,"tunnel":null,"railway:track_ref":null,"abandoned:electrified":null,"Source":null,"layer":null,"bridge":null,"railway:preferred_direction":null,"workrules":null,"railway:traffic_mode":null,"usage":null,"reporting_marks":null,"owner:wikipedia":null,"owner:wikidata":null,"owner":null,"operator:wikipedia":null,"operator:wikidata":null,"operator:short":null,"operator":null,"name":null,"maxspeed":null,"service":"yard","gauge":"1435","electrified":"no"},"geometry":{"type":"MultiLineString","coordinates":[[[-80.950544,46.7153503],[-80.950677,46.7154632],[-80.9508757,46.7156616],[-80.9510632,46.7158714],[-80.9511973,46.7160921],[-80.9513744,46.7163643],[-80.9514712,46.7165958],[-80.951557,46.71689],[-80.9516214,46.7171438],[-80.9516428,46.7173496],[-80.9516375,46.7175077],[-80.9515818,46.7181985],[-80.9515371,46.718912],[-80.9515333,46.719215]]]}},
{"type":"Feature","properties":{"full_id":"w246962523","osm_id":"246962523","osm_type":"way","railway":"rail","covered":null,"tunnel":null,"railway:track_ref":null,"abandoned:electrified":null,"Source":null,"layer":"1","bridge":"yes","railway:preferred_direction":null,"workrules":null,"railway:traffic_mode":null,"usage":null,"reporting_marks":null,"owner:wikipedia":null,"owner:wikidata":null,"owner":null,"operator:wikipedia":null,"operator:wikidata":null,"operator:short":null,"operator":null,"name":null,"maxspeed":null,"service":"yard","gauge":"1435","electrified":"no"},"geometry":{"type":"MultiLineString","coordinates":[[[-80.9501002,46.7149966],[-80.950544,46.7153503]]]}},
{"type":"Feature","properties":{"full_id":"w246962524","osm_id":"246962524","osm_type":"way","railway":"rail","covered":null,"tunnel":null,"railway:track_ref":null,"abandoned:electrified":null,"Source":null,"layer":"1","bridge":"yes","railway:preferred_direction":null,"workrules":null,"railway:traffic_mode":null,"usage":null,"reporting_marks":null,"owner:wikipedia":null,"owner:wikidata":null,"owner":null,"operator:wikipedia":null,"operator:wikidata":null,"operator:short":null,"operator":null,"name":null,"maxspeed":null,"service":"yard","gauge":"1435","electrified":"no"},"geometry":{"type":"MultiLineString","coordinates":[[[-80.9500834,46.7151066],[-80.9505536,46.7154687]]]}},
{"type":"Feature","properties":{"full_id":"w246962525","osm_id":"246962525","osm_type":"way","railway":"rail","covered":null,"tunnel":null,"railway:track_ref":null,"abandoned:electrified":null,"Source":null,"layer":"1","bridge":"yes","railway:preferred_direction":null,"workrules":null,"railway:traffic_mode":null,"usage":null,"reporting_marks":null,"owner:wikipedia":null,"owner:wikidata":null,"owner":null,"operator:wikipedia":null,"operator:wikidata":null,"operator:short":null,"operator":null,"name":null,"maxspeed":null,"service":"yard","gauge":"1435","electrified":"no"},"geometry":{"type":"MultiLineString","coordinates":[[[-80.9501129,46.7149116],[-80.9506236,46.7153048]]]}},
{"type":"Feature","properties":{"full_id":"w246962526","osm_id":"246962526","osm_type":"way","railway":"rail","covered":null,"tunnel":null,"railway:track_ref":null,"abandoned:electrified":null,"Source":null,"layer":"1","bridge":"yes","railway:preferred_direction":null,"workrules":null,"railway:traffic_mode":null,"usage":null,"reporting_marks":null,"owner:wikipedia":null,"owner:wikidata":null,"owner":null,"operator:wikipedia":null,"operator:wikidata":null,"operator:short":null,"operator":null,"name":null,"maxspeed":null,"service":"yard","gauge":"1435","electrified":"no"},"geometry":{"type":"MultiLineString","coordinates":[[[-80.9500613,46.7151894],[-80.9504758,46.7155465]]]}},
{"type":"Feature","properties":{"full_id":"w248055472","osm_id":"248055472","osm_type":"way","railway":"rail","covered":null,"tunnel":null,"railway:track_ref":null,"abandoned:electrified":null,"Source":null,"layer":null,"bridge":null,"railway:preferred_direction":null,"workrules":null,"railway:traffic_mode":null,"usage":"branch","reporting_marks":null,"owner:wikipedia":null,"owner:wikidata":null,"owner":null,"operator:wikipedia":null,"operator:wikidata":"Q2962343","operator:short":null,"operator":"Ottawa Valley Railway","name":"OVR Cartier Subdivision","maxspeed":null,"service":null,"gauge":"1435","electrified":"no"},"geometry":{"type":"MultiLineString","coordinates":[[[-80.7010443,46.511222],[-80.6991949,46.5114185],[-80.6983813,46.51146],[-80.6974692,46.5115065],[-80.6967064,46.5115313],[-80.6955327,46.5115255],[-80.6945696,46.5114956],[-80.6937875,46.5114689],[-80.692541957107608,46.511445632550696]]]}},
{"type":"Feature","properties":{"full_id":"w248406403","osm_id":"248406403","osm_type":"way","railway":"rail","covered":null,"tunnel":null,"railway:track_ref":null,"abandoned:electrified":null,"Source":null,"layer":null,"bridge":null,"railway:preferred_direction":null,"workrules":null,"railway:traffic_mode":null,"usage":"main","reporting_marks":"CPKC","owner:wikipedia":null,"owner:wikidata":null,"owner":null,"operator:wikipedia":null,"operator:wikidata":"Q117706368","operator:short":null,"operator":"Canadian Pacific Kansas City","name":"Cartier Subdivision","maxspeed":"50 mph","service":null,"gauge":"1435","electrified":"no"},"geometry":{"type":"MultiLineString","coordinates":[[[-81.4052572,46.6010167],[-81.4048018,46.6008755],[-81.404408,46.6007622],[-81.4039806,46.6006526],[-81.403512,46.6005408],[-81.4022777,46.6002611],[-81.4012264,46.600014],[-81.4007531,46.5998912],[-81.4003237,46.5997676],[-81.3998778,46.5996296],[-81.3994526,46.5994851],[-81.3990252,46.5993245],[-81.3986177,46.599163],[-81.398273,46.5990167],[-81.3978835,46.5988413],[-81.3974837,46.598654],[-81.3960316,46.5979708],[-81.3951435,46.5975544],[-81.3939997,46.5970131],[-81.393227,46.596652],[-81.3921489,46.5961434],[-81.3911524,46.5956746],[-81.3901833,46.5952182],[-81.3889944,46.5946608],[-81.3884774,46.5944134],[-81.3881677,46.5942619],[-81.3878584,46.5940979],[-81.3875636,46.5939283],[-81.3873095,46.5937646],[-81.3870225,46.5935678],[-81.3867677,46.5933725],[-81.3865162,46.593167],[-81.385135,46.591998],[-81.3843118,46.5912984],[-81.3833946,46.5905111],[-81.3832414,46.5903693],[-81.3830951,46.5902241],[-81.3829545,46.5900743],[-81.3828167,46.5899129],[-81.3827052,46.5897681],[-81.3826017,46.5896125],[-81.3825059,46.5894568],[-81.3824108,46.5892812],[-81.3823269,46.5890917],[-81.3822522,46.5889062],[-81.3821908,46.5887147],[-81.382146,46.5885259],[-81.3821167,46.5883403],[-81.3820973,46.5881245],[-81.3820887,46.587898],[-81.3820841,46.5876963],[-81.3820774,46.5874612],[-81.3820784,46.5869709],[-81.3820779,46.5867688],[-81.3820734,46.5865685],[-81.3820623,46.5863592],[-81.3820441,46.5861612],[-81.3820192,46.5859781],[-81.3819898,46.5858051],[-81.381947,46.5855983],[-81.3818912,46.5853806],[-81.3818335,46.5851688],[-81.381773,46.5849427],[-81.381447,46.5838191],[-81.3809989,46.5822844],[-81.3809577,46.5821264],[-81.3809111,46.5819675],[-81.3808617,46.5818099],[-81.3808093,46.5816595],[-81.3807497,46.5815032],[-81.3806845,46.5813497],[-81.3806149,46.5811977],[-81.3805376,46.5810497],[-81.3804489,46.5808914],[-81.3803511,46.5807392],[-81.3802511,46.5805916],[-81.3801498,46.5804517],[-81.3800374,46.5803079],[-81.379915,46.5801637],[-81.379792,46.5800276],[-81.379677,46.5799053],[-81.3795402,46.5797733],[-81.3794035,46.5796478],[-81.3792606,46.5795296],[-81.3790817,46.5793861],[-81.3789043,46.5792469],[-81.3787201,46.5791186],[-81.3785162,46.5789781],[-81.3782965,46.5788386],[-81.3780768,46.5787036],[-81.3778496,46.5785704],[-81.3776454,46.5784589],[-81.3774205,46.5783403],[-81.3771498,46.5782059],[-81.3768682,46.5780745],[-81.3765739,46.5779443],[-81.3762743,46.57782],[-81.3759362,46.5776937],[-81.3755972,46.5775774],[-81.3752477,46.5774643],[-81.3748303,46.5773458],[-81.3744338,46.5772422],[-81.374019,46.5771464],[-81.373633,46.5770681],[-81.373276,46.5770067],[-81.372898,46.576946],[-81.3725273,46.5768983],[-81.3721579,46.5768594],[-81.3717083,46.5768204],[-81.3712542,46.5767856],[-81.3704638,46.5767264],[-81.3688983,46.5766124],[-81.3672064,46.5764727],[-81.3653601,46.5763294],[-81.3623996,46.5760986],[-81.3615237,46.576032],[-81.3611717,46.5760106],[-81.360846,46.5759944],[-81.3605268,46.575988],[-81.3601792,46.5759858],[-81.3598584,46.5759899],[-81.359552,46.5759996],[-81.3592129,46.5760168],[-81.3588929,46.5760372],[-81.3585665,46.5760598],[-81.358234,46.5760828],[-81.3560655,46.5762373],[-81.3543571,46.5763554],[-81.3522051,46.5765095],[-81.350861,46.5765997],[-81.3469896,46.5768674],[-81.3457611,46.5769505],[-81.3454057,46.5769681],[-81.3450953,46.576978],[-81.3447429,46.5769844],[-81.3443764,46.5769825],[-81.3440243,46.576975],[-81.3436397,46.5769591],[-81.3432705,46.5769391],[-81.3429023,46.5769074],[-81.3425367,46.5768702],[-81.3421668,46.5768278],[-81.3418405,46.576786],[-81.3358105,46.5759824],[-81.3302126,46.5752348],[-81.3277031,46.574903],[-81.3266899,46.5747677],[-81.3235754,46.5743502],[-81.3189566,46.5737366],[-81.3165849,46.5734189]]]}},
{"type":"Feature","properties":{"full_id":"w248406404","osm_id":"248406404","osm_type":"way","railway":"rail","covered":null,"tunnel":null,"railway:track_ref":null,"abandoned:electrified":null,"Source":null,"layer":null,"bridge":null,"railway:preferred_direction":null,"workrules":null,"railway:traffic_mode":null,"usage":null,"reporting_marks":null,"owner:wikipedia":null,"owner:wikidata":null,"owner":null,"operator:wikipedia":null,"operator:wikidata":null,"operator:short":null,"operator":"Canadian Pacific Kansas City","name":"Levack Siding","maxspeed":null,"service":"siding","gauge":"1435","electrified":"no"},"geometry":{"type":"MultiLineString","coordinates":[[[-81.417952,46.6056436],[-81.4176228,46.6055217],[-81.4171912,46.6053655],[-81.4167659,46.6052208],[-81.4154995,46.6047888],[-81.4128874,46.6039026],[-81.4115894,46.6034628],[-81.4109041,46.6032281],[-81.4105322,46.603099],[-81.410192,46.6029767],[-81.4098035,46.6028341],[-81.4094671,46.602702],[-81.4089922,46.6025168],[-81.4078602,46.6020564],[-81.4077436,46.6020094],[-81.4076143,46.6019532],[-81.4074695,46.6018869],[-81.4069616,46.6016518]]]}},
{"type":"Feature","properties":{"full_id":"w248406405","osm_id":"248406405","osm_type":"way","railway":"rail","covered":null,"tunnel":null,"railway:track_ref":null,"abandoned:electrified":"contact_line","Source":null,"layer":null,"bridge":null,"railway:preferred_direction":null,"workrules":null,"railway:traffic_mode":null,"usage":"branch","reporting_marks":null,"owner:wikipedia":null,"owner:wikidata":null,"owner":null,"operator:wikipedia":null,"operator:wikidata":null,"operator:short":null,"operator":"Canadian Pacific Kansas City","name":"Levack Spur","maxspeed":null,"service":null,"gauge":"1435","electrified":"no"},"geometry":{"type":"MultiLineString","coordinates":[[[-81.3982367,46.6036637],[-81.3979237,46.6040262],[-81.3977744,46.6041996],[-81.3976027,46.604384],[-81.3974168,46.6045586],[-81.3972837,46.6046783],[-81.3971392,46.6047982]]]}},
{"type":"Feature","properties":{"full_id":"w248406407","osm_id":"248406407","osm_type":"way","railway":"rail","covered":null,"tunnel":null,"railway:track_ref":null,"abandoned:electrified":null,"Source":null,"layer":null,"bridge":null,"railway:preferred_direction":null,"workrules":null,"railway:traffic_mode":null,"usage":"main","reporting_marks":"CPKC","owner:wikipedia":null,"owner:wikidata":null,"owner":null,"operator:wikipedia":null,"operator:wikidata":"Q117706368","operator:short":null,"operator":"Canadian Pacific Kansas City","name":"Cartier Subdivision","maxspeed":"45 mph","service":null,"gauge":"1435","electrified":"no"},"geometry":{"type":"MultiLineString","coordinates":[[[-81.444905348222321,46.621506478793066],[-81.4434514,46.6208795],[-81.4424485,46.6204482],[-81.4394683,46.6191595],[-81.4373894,46.6182627],[-81.434194,46.6168851],[-81.4326573,46.6162234],[-81.4302335,46.6151749],[-81.429541,46.6148746],[-81.4292758,46.6147551],[-81.4290434,46.6146442],[-81.4288058,46.6145188],[-81.4285404,46.6143645],[-81.4283473,46.6142359],[-81.4281815,46.6141243],[-81.42804,46.614014],[-81.4278892,46.6138847],[-81.4277324,46.6137485],[-81.4275991,46.6136163],[-81.4274691,46.6134735],[-81.4273463,46.6133263]]]}},
{"type":"Feature","properties":{"full_id":"w248608755","osm_id":"248608755","osm_type":"way","railway":"rail","covered":null,"tunnel":null,"railway:track_ref":null,"abandoned:electrified":null,"Source":null,"layer":null,"bridge":null,"railway:preferred_direction":null,"workrules":null,"railway:traffic_mode":null,"usage":"main","reporting_marks":"CPKC","owner:wikipedia":null,"owner:wikidata":null,"owner":null,"operator:wikipedia":null,"operator:wikidata":"Q117706368","operator:short":null,"operator":"Canadian Pacific Kansas City","name":"Cartier Subdivision","maxspeed":"65 mph","service":null,"gauge":"1435","electrified":"no"},"geometry":{"type":"MultiLineString","coordinates":[[[-81.2509494,46.5784904],[-81.2449557,46.5794863],[-81.2447018,46.5795275],[-81.2331534,46.581465],[-81.2270489,46.582476],[-81.2206471,46.5835523],[-81.2178331,46.5840248],[-81.2139398,46.5846699],[-81.2078276,46.5856823],[-81.2046708,46.5862132]]]}},
{"type":"Feature","properties":{"full_id":"w248608858","osm_id":"248608858","osm_type":"way","railway":"rail","covered":null,"tunnel":null,"railway:track_ref":null,"abandoned:electrified":null,"Source":null,"layer":"1","bridge":"yes","railway:preferred_direction":null,"workrules":null,"railway:traffic_mode":null,"usage":"main","reporting_marks":"CPKC","owner:wikipedia":null,"owner:wikidata":null,"owner":null,"operator:wikipedia":null,"operator:wikidata":"Q117706368","operator:short":null,"operator":"Canadian Pacific Kansas City","name":"Cartier Subdivision","maxspeed":"50 mph","service":null,"gauge":"1435","electrified":"no"},"geometry":{"type":"MultiLineString","coordinates":[[[-81.3165849,46.5734189],[-81.3159129,46.5733266]]]}},
{"type":"Feature","properties":{"full_id":"w248885250","osm_id":"248885250","osm_type":"way","railway":"rail","covered":null,"tunnel":null,"railway:track_ref":null,"abandoned:electrified":null,"Source":null,"layer":"1","bridge":"yes","railway:preferred_direction":null,"workrules":null,"railway:traffic_mode":null,"usage":"branch","reporting_marks":null,"owner:wikipedia":null,"owner:wikidata":null,"owner":null,"operator:wikipedia":null,"operator:wikidata":"Q117706368","operator:short":null,"operator":"Canadian Pacific Kansas City","name":"Cartier Subdivision","maxspeed":"40 mph","service":null,"gauge":"1435","electrified":"no"},"geometry":{"type":"MultiLineString","coordinates":[[[-80.8378135,46.4865822],[-80.8375833,46.4865906]]]}},
{"type":"Feature","properties":{"full_id":"w248885253","osm_id":"248885253","osm_type":"way","railway":"rail","covered":null,"tunnel":null,"railway:track_ref":null,"abandoned:electrified":null,"Source":null,"layer":"1","bridge":"yes","railway:preferred_direction":null,"workrules":null,"railway:traffic_mode":null,"usage":"main","reporting_marks":"CN","owner:wikipedia":"en:Canadian National Railway","owner:wikidata":"Q624798","owner":"Canadian National Railway","operator:wikipedia":"en:Canadian National Railway","operator:wikidata":"Q624798","operator:short":"CN","operator":"Canadian National Railway","name":"CN Bala Subdivision","maxspeed":"35 mph","service":null,"gauge":"1435","electrified":"no"},"geometry":{"type":"MultiLineString","coordinates":[[[-80.8317108,46.4854049],[-80.8318505,46.4855021]]]}},
{"type":"Feature","properties":{"full_id":"w248885255","osm_id":"248885255","osm_type":"way","railway":"rail","covered":null,"tunnel":null,"railway:track_ref":null,"abandoned:electrified":null,"Source":null,"layer":null,"bridge":null,"railway:preferred_direction":null,"workrules":null,"railway:traffic_mode":null,"usage":"main","reporting_marks":"CN","owner:wikipedia":"en:Canadian National Railway","owner:wikidata":"Q624798","owner":"Canadian National Railway","operator:wikipedia":"en:Canadian National Railway","operator:wikidata":"Q624798","operator:short":"CN","operator":"Canadian National Railway","name":"CN Bala Subdivision","maxspeed":"45 mph","service":null,"gauge":"1435","electrified":"no"},"geometry":{"type":"MultiLineString","coordinates":[[[-80.8333331,46.4866452],[-80.835069,46.4880092],[-80.838366,46.4905819],[-80.8391866,46.4911999]]]}},
{"type":"Feature","properties":{"full_id":"w249645790","osm_id":"249645790","osm_type":"way","railway":"rail","covered":null,"tunnel":null,"railway:track_ref":null,"abandoned:electrified":null,"Source":null,"layer":null,"bridge":null,"railway:preferred_direction":null,"workrules":null,"railway:traffic_mode":null,"usage":"main","reporting_marks":"CPKC","owner:wikipedia":null,"owner:wikidata":null,"owner":null,"operator:wikipedia":null,"operator:wikidata":"Q117706368","operator:short":null,"operator":"Canadian Pacific Kansas City","name":"Cartier Subdivision","maxspeed":"75 mph","service":null,"gauge":"1435","electrified":"no"},"geometry":{"type":"MultiLineString","coordinates":[[[-81.1466979,46.5673616],[-81.1329274,46.5621903],[-81.1213973,46.557818],[-81.1144808,46.5552274],[-81.1075442,46.5526459]]]}},
{"type":"Feature","properties":{"full_id":"w249645791","osm_id":"249645791","osm_type":"way","railway":"rail","covered":null,"tunnel":null,"railway:track_ref":null,"abandoned:electrified":null,"Source":null,"layer":null,"bridge":null,"railway:preferred_direction":null,"workrules":null,"railway:traffic_mode":null,"usage":"main","reporting_marks":"CPKC","owner:wikipedia":null,"owner:wikidata":null,"owner":null,"operator:wikipedia":null,"operator:wikidata":"Q117706368","operator:short":null,"operator":"Canadian Pacific Kansas City","name":"Cartier Subdivision","maxspeed":"75 mph","service":null,"gauge":"1435","electrified":"no"},"geometry":{"type":"MultiLineString","coordinates":[[[-81.1874557,46.5826917],[-81.1834124,46.5811709],[-81.1821527,46.5807066],[-81.1718804,46.5768325],[-81.1515227,46.5691802],[-81.1466979,46.5673616]]]}},
{"type":"Feature","properties":{"full_id":"w249655668","osm_id":"249655668","osm_type":"way","railway":"rail","covered":null,"tunnel":null,"railway:track_ref":null,"abandoned:electrified":null,"Source":null,"layer":null,"bridge":null,"railway:preferred_direction":null,"workrules":null,"railway:traffic_mode":null,"usage":"main","reporting_marks":"CPKC","owner:wikipedia":null,"owner:wikidata":null,"owner":null,"operator:wikipedia":"en:Canadian Pacific Kansas City","operator:wikidata":"Q117706368","operator:short":null,"operator":"Canadian Pacific Kansas City","name":"Cartier Subdivision","maxspeed":"35 mph","service":null,"gauge":"1435","electrified":"no"},"geometry":{"type":"MultiLineString","coordinates":[[[-80.9948559,46.4888341],[-80.9947247,46.4887086],[-80.9946221,46.4886149],[-80.9944982,46.4885102],[-80.9943795,46.488422],[-80.9942961,46.488364],[-80.994175,46.4882862],[-80.9940671,46.4882204],[-80.993963,46.4881625],[-80.9938334,46.4880933],[-80.9936962,46.4880273],[-80.9927682,46.4875985],[-80.9922161,46.4873464],[-80.991593,46.487056],[-80.9909678,46.4867663],[-80.9901384,46.4863787],[-80.9891458,46.4859249],[-80.9884652,46.4856177],[-80.9878375,46.4853317],[-80.9872589,46.4850712]]]}},
{"type":"Feature","properties":{"full_id":"w249655669","osm_id":"249655669","osm_type":"way","railway":"rail","covered":null,"tunnel":null,"railway:track_ref":null,"abandoned:electrified":null,"Source":null,"layer":null,"bridge":null,"railway:preferred_direction":null,"workrules":null,"railway:traffic_mode":null,"usage":"main","reporting_marks":"CPKC","owner:wikipedia":null,"owner:wikidata":null,"owner":null,"operator:wikipedia":null,"operator:wikidata":"Q117706368","operator:short":null,"operator":"Canadian Pacific Kansas City","name":"Cartier Subdivision","maxspeed":"40 mph","service":null,"gauge":"1435","electrified":"no"},"geometry":{"type":"MultiLineString","coordinates":[[[-80.9772673,46.4836991],[-80.9769931,46.483726],[-80.9767066,46.4837617],[-80.9764105,46.483798],[-80.976103,46.4838411],[-80.9757875,46.4838906],[-80.9754982,46.483943],[-80.9752179,46.4839997],[-80.9749436,46.4840675],[-80.9746825,46.4841449],[-80.9744312,46.4842267],[-80.9741737,46.4843193],[-80.9739244,46.4844155],[-80.9736851,46.4845142],[-80.9734794,46.4846101],[-80.9732679,46.4847162],[-80.9730494,46.4848427],[-80.9728688,46.4849527],[-80.9724221,46.4852302],[-80.9716646,46.4857331],[-80.9714185,46.4859003],[-80.9711974,46.486064],[-80.9709752,46.4862368],[-80.9707495,46.4864289],[-80.9705718,46.4865904],[-80.9698752,46.487247],[-80.9687831,46.4882548],[-80.968629,46.4883928],[-80.9684528,46.4885483],[-80.968277,46.488688],[-80.9680929,46.4888253],[-80.9679166,46.4889445],[-80.9677138,46.4890682],[-80.9675149,46.4891793],[-80.9672603,46.4893013],[-80.9670679,46.4893822],[-80.9668944,46.4894513],[-80.9667284,46.4895103],[-80.9665632,46.4895647],[-80.9664002,46.4896117],[-80.9662217,46.4896583],[-80.9660367,46.4897009],[-80.9658487,46.4897426],[-80.9656502,46.4897785],[-80.9654501,46.4898099],[-80.9652358,46.4898359],[-80.9650348,46.4898554],[-80.9648342,46.4898646],[-80.9646288,46.4898694],[-80.9644272,46.4898674],[-80.9642181,46.4898598],[-80.9640072,46.4898487],[-80.9637891,46.4898317],[-80.963578,46.4898106],[-80.9633549,46.4897803],[-80.9631454,46.4897457],[-80.9629365,46.4897035],[-80.9627405,46.4896569],[-80.9625659,46.4896104],[-80.9623496,46.4895471],[-80.962225,46.4895093],[-80.9601572,46.4888751],[-80.9588823,46.4884857],[-80.9580642,46.4882339],[-80.9572032,46.4879754],[-80.955872,46.4875636],[-80.9556717,46.4875043],[-80.9554901,46.4874524],[-80.955307,46.4874038],[-80.9551367,46.4873618],[-80.954987,46.4873275],[-80.9548447,46.4873007],[-80.9547017,46.4872769],[-80.9545509,46.4872562],[-80.9543796,46.4872355],[-80.9542134,46.4872208],[-80.9540594,46.4872125],[-80.9539011,46.4872069],[-80.9537329,46.4872029],[-80.9535616,46.4872017],[-80.9533926,46.4872064],[-80.9532279,46.4872161],[-80.9530795,46.4872248],[-80.9529098,46.4872404],[-80.9527523,46.4872602],[-80.9525896,46.4872847],[-80.9522367,46.487348],[-80.9517531,46.4874391],[-80.951574,46.4874689],[-80.9514103,46.4874913],[-80.9512742,46.4875074],[-80.9511162,46.4875248],[-80.9509536,46.4875357],[-80.950791,46.4875422],[-80.950515,46.4875404],[-80.9502892,46.487533],[-80.9500522,46.4875184],[-80.9498417,46.4875007],[-80.9491365,46.487425],[-80.9489323,46.4874067],[-80.9487214,46.4873928],[-80.9485115,46.4873823],[-80.9482985,46.487375],[-80.9480987,46.4873737],[-80.9478841,46.4873777],[-80.9476829,46.4873842],[-80.9474812,46.4873933],[-80.9470696,46.4874137],[-80.9468144,46.4874255],[-80.946535,46.4874328],[-80.9462875,46.4874356]]]}},
{"type":"Feature","properties":{"full_id":"w249655670","osm_id":"249655670","osm_type":"way","railway":"rail","covered":null,"tunnel":null,"railway:track_ref":null,"abandoned:electrified":null,"Source":null,"layer":null,"bridge":null,"railway:preferred_direction":null,"workrules":null,"railway:traffic_mode":null,"usage":"main","reporting_marks":"CPKC","owner:wikipedia":null,"owner:wikidata":null,"owner":null,"operator:wikipedia":"en:Canadian Pacific Kansas City","operator:wikidata":"Q117706368","operator:short":null,"operator":"Canadian Pacific Kansas City","name":"Cartier Subdivision","maxspeed":"35 mph","service":null,"gauge":"1435","electrified":"no"},"geometry":{"type":"MultiLineString","coordinates":[[[-80.9953544,46.4893681],[-80.9954712,46.4895227],[-80.995588,46.489673],[-80.9957265,46.4898399],[-80.9958973,46.4900361],[-80.9960486,46.4902118],[-80.996166,46.4903602],[-80.9962786,46.4905042],[-80.9969302,46.491359],[-80.9975806,46.4922052],[-80.9982182,46.4930466],[-80.9982711,46.4931195],[-80.9983211,46.4931818],[-80.9984738,46.4933816],[-80.998637,46.4935847],[-80.9987748,46.4937448],[-80.9989064,46.4938827],[-80.9990293,46.4940027],[-80.9992108,46.4941601],[-80.9993878,46.4942977],[-80.9995516,46.4944128],[-80.999862,46.4946061],[-81.0001258,46.494753],[-81.0004394,46.494912],[-81.00102,46.4951952]]]}},
{"type":"Feature","properties":{"full_id":"w249655671","osm_id":"249655671","osm_type":"way","railway":"rail","covered":null,"tunnel":null,"railway:track_ref":null,"abandoned:electrified":null,"Source":null,"layer":null,"bridge":null,"railway:preferred_direction":null,"workrules":null,"railway:traffic_mode":null,"usage":"main","reporting_marks":"CPKC","owner:wikipedia":null,"owner:wikidata":null,"owner":null,"operator:wikipedia":"en:Canadian Pacific Kansas City","operator:wikidata":"Q117706368","operator:short":null,"operator":"Canadian Pacific Kansas City","name":"Cartier Subdivision","maxspeed":"35 mph","service":null,"gauge":"1435","electrified":"no"},"geometry":{"type":"MultiLineString","coordinates":[[[-81.0009939,46.4952272],[-81.0005449,46.4950168],[-81.0001422,46.494811],[-80.999799,46.4946151],[-80.999509,46.4944391],[-80.9993356,46.4943189],[-80.9991248,46.4941529],[-80.9989589,46.494006],[-80.9988104,46.4938529],[-80.9986557,46.4936797],[-80.9985022,46.49349],[-80.9982584,46.4931801],[-80.9982122,46.4931212],[-80.998156,46.4930467],[-80.9971783,46.4917704],[-80.9967918,46.4912684],[-80.99623,46.4905163],[-80.9961053,46.4903593],[-80.9959823,46.4902078],[-80.9958578,46.4900628],[-80.995727,46.4899098],[-80.995579,46.4897339],[-80.995441,46.4895581],[-80.9951811,46.489218],[-80.9950564,46.4890527],[-80.9949611,46.4889468],[-80.9948559,46.4888341]]]}},
{"type":"Feature","properties":{"full_id":"w249655672","osm_id":"249655672","osm_type":"way","railway":"rail","covered":null,"tunnel":null,"railway:track_ref":null,"abandoned:electrified":null,"Source":null,"layer":null,"bridge":null,"railway:preferred_direction":null,"workrules":null,"railway:traffic_mode":null,"usage":"main","reporting_marks":"CPKC","owner:wikipedia":null,"owner:wikidata":null,"owner":null,"operator:wikipedia":null,"operator:wikidata":"Q117706368","operator:short":null,"operator":"Canadian Pacific Kansas City","name":"Cartier Subdivision","maxspeed":"35 mph","service":null,"gauge":"1435","electrified":"no"},"geometry":{"type":"MultiLineString","coordinates":[[[-81.0310742,46.5061833],[-81.028376,46.5053272],[-81.0235013,46.5037606],[-81.0232236,46.5036757],[-81.0229807,46.5036008],[-81.0227334,46.5035274],[-81.022503,46.5034682],[-81.0222782,46.5034162],[-81.0220572,46.5033737],[-81.0218577,46.5033396],[-81.0216271,46.5033115],[-81.0213901,46.5032889],[-81.0157427,46.5029476],[-81.0154875,46.5029317],[-81.0152443,46.5029151],[-81.0150203,46.5028972],[-81.0147934,46.5028774],[-81.0145838,46.5028553],[-81.0143895,46.5028309],[-81.0141879,46.5027981],[-81.0139743,46.5027613],[-81.0137763,46.5027206],[-81.0135793,46.5026756],[-81.0133817,46.502624],[-81.0131818,46.5025644],[-81.0129802,46.5024989],[-81.0127914,46.502431],[-81.0126135,46.502358],[-81.0124403,46.5022834],[-81.0095403,46.5009407],[-81.0083065,46.500355],[-81.0076843,46.499985],[-81.0076203,46.4999419],[-81.0075465,46.4998896],[-81.0073401,46.4997483],[-81.0072145,46.4996513],[-81.0070912,46.4995536],[-81.0069668,46.4994479],[-81.0068578,46.4993486],[-81.0067313,46.4992343],[-81.0066212,46.4991173],[-81.0065067,46.4989921],[-81.0064009,46.4988727],[-81.0062938,46.4987479],[-81.0061957,46.4986237],[-81.0060952,46.4984963],[-81.0056408,46.4979131],[-81.0055181,46.4977585],[-81.0053817,46.4976094],[-81.0052587,46.4974844],[-81.0051181,46.4973525],[-81.0049638,46.4972286],[-81.0048007,46.497106],[-81.0046482,46.4970007],[-81.0044818,46.4968922],[-81.0043228,46.4967931],[-81.0041461,46.4966908],[-81.0039328,46.4965794],[-81.0037442,46.4964856],[-81.0027495,46.4960106],[-81.0015322,46.4954288],[-81.00102,46.4951952]]]}},
{"type":"Feature","properties":{"full_id":"w249655673","osm_id":"249655673","osm_type":"way","railway":"rail","covered":null,"tunnel":null,"railway:track_ref":null,"abandoned:electrified":null,"Source":null,"layer":null,"bridge":null,"railway:preferred_direction":null,"workrules":null,"railway:traffic_mode":null,"usage":"main","reporting_marks":"CPKC","owner:wikipedia":null,"owner:wikidata":null,"owner":null,"operator:wikipedia":"en:Canadian Pacific Kansas City","operator:wikidata":"Q117706368","operator:short":null,"operator":"Canadian Pacific Kansas City","name":"Cartier Subdivision","maxspeed":"35 mph","service":null,"gauge":"1435","electrified":"no"},"geometry":{"type":"MultiLineString","coordinates":[[[-81.0310451,46.5062206],[-81.030747,46.5061229],[-81.0304727,46.506035],[-81.0291158,46.5056121],[-81.0272398,46.505007],[-81.0253366,46.5043927],[-81.0240063,46.5039635],[-81.0229699,46.5036336],[-81.0227657,46.503574],[-81.0225392,46.5035149],[-81.022314,46.5034642],[-81.0221023,46.5034209],[-81.0218933,46.503385],[-81.0216436,46.50335],[-81.0213943,46.5033231],[-81.0211044,46.5033037],[-81.0204316,46.5032636],[-81.015735,46.5029828],[-81.0154656,46.5029653],[-81.0152048,46.5029465],[-81.0149492,46.5029261],[-81.0147634,46.5029089],[-81.0145796,46.5028889],[-81.0143827,46.502865],[-81.0141777,46.5028351],[-81.0139796,46.5028005],[-81.0138153,46.5027687],[-81.0136382,46.5027256],[-81.0134447,46.5026745],[-81.0132533,46.5026221],[-81.0130336,46.5025527],[-81.0128133,46.5024765],[-81.0125707,46.5023803],[-81.0123388,46.502278],[-81.0119471,46.5021021],[-81.0101366,46.5012597],[-81.0090771,46.5007649],[-81.0084941,46.5004919],[-81.0082878,46.5003894],[-81.0080793,46.5002743],[-81.0078663,46.5001486],[-81.0076496,46.5000088],[-81.0075894,46.4999725],[-81.0075083,46.4999117],[-81.0072987,46.4997679],[-81.0071153,46.4996354],[-81.0069597,46.4995073],[-81.0068182,46.4993861],[-81.0066965,46.4992672],[-81.0065747,46.4991393],[-81.0064492,46.4989973],[-81.0063237,46.4988545],[-81.0061906,46.498697],[-81.0057929,46.4981824],[-81.005479,46.4977949],[-81.0053787,46.497681],[-81.0052679,46.497572],[-81.0051563,46.4974671],[-81.0050305,46.4973588],[-81.0048944,46.4972468],[-81.0047466,46.4971324],[-81.0045888,46.4970205],[-81.0044151,46.4969047],[-81.0042295,46.4967937],[-81.0040441,46.4966901],[-81.0038294,46.4965774],[-81.0023687,46.4958782],[-81.0009939,46.4952272]]]}},
{"type":"Feature","properties":{"full_id":"w249655681","osm_id":"249655681","osm_type":"way","railway":"rail","covered":null,"tunnel":null,"railway:track_ref":null,"abandoned:electrified":null,"Source":null,"layer":null,"bridge":null,"railway:preferred_direction":null,"workrules":null,"railway:traffic_mode":null,"usage":"branch","reporting_marks":"CN","owner:wikipedia":"en:Canadian National Railway","owner:wikidata":"Q624798","owner":"Canadian National Railway","operator:wikipedia":"en:Canadian National Railway","operator:wikidata":"Q624798","operator:short":"CN","operator":"Canadian National Railway","name":"Sudbury Spur","maxspeed":null,"service":null,"gauge":"1435","electrified":"no"},"geometry":{"type":"MultiLineString","coordinates":[[[-81.0013748,46.5006419],[-81.0015431,46.500419],[-81.0015844,46.5003502],[-81.0016433,46.5002772],[-81.0016683,46.5002462],[-81.0017757,46.5001264],[-81.0019178,46.4999634],[-81.0020684,46.4998308],[-81.0023031,46.4996534],[-81.0025328,46.499495],[-81.0025678,46.4994738],[-81.0026082,46.4994489],[-81.0026349,46.4994348],[-81.0027137,46.4993933],[-81.0028305,46.4993317],[-81.0031307,46.4991974],[-81.0033629,46.4990989],[-81.0035883,46.4990225],[-81.003889,46.4989504],[-81.0042095,46.4988781],[-81.0044243,46.498799],[-81.0046317,46.4987085],[-81.0048245,46.4986171],[-81.0051564,46.4984515]]]}},
{"type":"Feature","properties":{"full_id":"w254338104","osm_id":"254338104","osm_type":"way","railway":"rail","covered":null,"tunnel":null,"railway:track_ref":null,"abandoned:electrified":null,"Source":null,"layer":null,"bridge":null,"railway:preferred_direction":null,"workrules":"CA-CROR","railway:traffic_mode":"mixed","usage":"main","reporting_marks":"CN;VIA","owner:wikipedia":null,"owner:wikidata":null,"owner":"Canadian National Railway","operator:wikipedia":null,"operator:wikidata":null,"operator:short":null,"operator":"Canadian National Railway;VIA Rail","name":"Ruel Subdivision","maxspeed":"50 mph","service":null,"gauge":"1435","electrified":"no"},"geometry":{"type":"MultiLineString","coordinates":[[[-80.9589341,46.816675],[-80.9587684,46.8162802],[-80.9585686,46.8159149],[-80.9573439,46.8139206],[-80.9565452,46.8126617],[-80.9560793,46.8119241],[-80.9556349,46.8112082],[-80.9552403,46.8105913]]]}},
{"type":"Feature","properties":{"full_id":"w254352400","osm_id":"254352400","osm_type":"way","railway":"rail","covered":null,"tunnel":null,"railway:track_ref":null,"abandoned:electrified":null,"Source":null,"layer":null,"bridge":null,"railway:preferred_direction":null,"workrules":"CA-CROR","railway:traffic_mode":"mixed","usage":"main","reporting_marks":"CN;VIA","owner:wikipedia":null,"owner:wikidata":null,"owner":"Canadian National Railway","operator:wikipedia":null,"operator:wikidata":null,"operator:short":null,"operator":"Canadian National Railway;VIA Rail","name":"Ruel Subdivision","maxspeed":"40 mph","service":null,"gauge":"1435","electrified":"no"},"geometry":{"type":"MultiLineString","coordinates":[[[-80.99676,46.8718768],[-80.9967788,46.871052],[-80.9966986,46.8702757]]]}},
{"type":"Feature","properties":{"full_id":"w254352401","osm_id":"254352401","osm_type":"way","railway":"rail","covered":null,"tunnel":null,"railway:track_ref":null,"abandoned:electrified":null,"Source":null,"layer":"1","bridge":"yes","railway:preferred_direction":null,"workrules":"CA-CROR","railway:traffic_mode":"mixed","usage":"main","reporting_marks":"CN;VIA","owner:wikipedia":null,"owner:wikidata":null,"owner":"Canadian National Railway","operator:wikipedia":null,"operator:wikidata":null,"operator:short":null,"operator":"Canadian National Railway;VIA Rail","name":"Ruel Subdivision","maxspeed":"45 mph","service":null,"gauge":"1435","electrified":"no"},"geometry":{"type":"MultiLineString","coordinates":[[[-80.9625697,46.8314345],[-80.9625349,46.8312744]]]}},
{"type":"Feature","properties":{"full_id":"w254352402","osm_id":"254352402","osm_type":"way","railway":"rail","covered":null,"tunnel":null,"railway:track_ref":null,"abandoned:electrified":null,"Source":null,"layer":null,"bridge":null,"railway:preferred_direction":null,"workrules":"CA-CROR","railway:traffic_mode":"mixed","usage":"main","reporting_marks":"CN;VIA","owner:wikipedia":null,"owner:wikidata":null,"owner":"Canadian National Railway","operator:wikipedia":null,"operator:wikidata":null,"operator:short":null,"operator":"Canadian National Railway;VIA Rail","name":"Ruel Subdivision","maxspeed":"45 mph","service":null,"gauge":"1435","electrified":"no"},"geometry":{"type":"MultiLineString","coordinates":[[[-80.9625349,46.8312744],[-80.9624407,46.8307398],[-80.9622286,46.8298672],[-80.9619312,46.8288459],[-80.9618058,46.8284233],[-80.9614436,46.8275427],[-80.9605558,46.8259236],[-80.960352,46.8255919],[-80.9600627,46.8251212],[-80.9593543,46.8240397],[-80.9590951,46.8234402],[-80.9589834,46.8231138],[-80.9589009,46.8226272],[-80.9588844,46.8221498],[-80.9589274,46.8217091],[-80.9590377,46.820975],[-80.9592126,46.8199465],[-80.9593614,46.8186631],[-80.959361,46.818431],[-80.9592907,46.8180074],[-80.9592513,46.8177212]]]}},
{"type":"Feature","properties":{"full_id":"w254375458","osm_id":"254375458","osm_type":"way","railway":"rail","covered":null,"tunnel":null,"railway:track_ref":null,"abandoned:electrified":null,"Source":null,"layer":null,"bridge":null,"railway:preferred_direction":null,"workrules":"CA-CROR","railway:traffic_mode":"mixed","usage":"main","reporting_marks":"CN;VIA","owner:wikipedia":null,"owner:wikidata":null,"owner":"Canadian National Railway","operator:wikipedia":null,"operator:wikidata":null,"operator:short":null,"operator":"Canadian National Railway;VIA Rail","name":"Ruel Subdivision","maxspeed":"40 mph","service":null,"gauge":"1435","electrified":"no"},"geometry":{"type":"MultiLineString","coordinates":[[[-80.9955082,46.8616678],[-80.9952698,46.8613358],[-80.9948649,46.8609305],[-80.9944627,46.8605964],[-80.9941573,46.8603768],[-80.9936945,46.8600975],[-80.992808,46.8595859],[-80.9924254,46.8593552],[-80.9920014,46.8590814],[-80.9917122,46.8588732],[-80.9913763,46.8586065],[-80.9908984,46.8581912],[-80.9906266,46.8579141],[-80.9901547,46.8574191],[-80.9897325,46.8568847],[-80.989385,46.8564747],[-80.9890722,46.8561717],[-80.9888318,46.8559718],[-80.9884057,46.8556546],[-80.9879951,46.8553113],[-80.9875737,46.8549291],[-80.9873853,46.8547355],[-80.987273,46.8545895],[-80.9869352,46.8540999],[-80.9863682,46.8532875],[-80.9859982,46.8527224],[-80.9855678,46.8520768],[-80.9852423,46.8517045],[-80.9846946,46.8511881],[-80.9843797,46.8509491],[-80.9839617,46.8506613],[-80.9832403,46.8502716],[-80.9825358,46.8499723],[-80.9813565,46.8495984],[-80.9806741,46.8494041],[-80.979879,46.8491771],[-80.9791332,46.8489031],[-80.9786735,46.8487046],[-80.9782507,46.8484998],[-80.9778268,46.8482578],[-80.9770971,46.8477846],[-80.9766264,46.847437],[-80.9761958,46.8470656],[-80.9757818,46.8466362],[-80.9753906,46.846137],[-80.9752121,46.8458187],[-80.9749621,46.8453673],[-80.9747055,46.8448801],[-80.9742521,46.8440772],[-80.9737678,46.8431213],[-80.9735452,46.8427407],[-80.9732983,46.8424326],[-80.972927,46.8420872],[-80.9724781,46.8417825],[-80.9717715,46.8413842],[-80.9707198,46.8407867],[-80.9695745,46.8401328]]]}},
{"type":"Feature","properties":{"full_id":"w254375459","osm_id":"254375459","osm_type":"way","railway":"rail","covered":null,"tunnel":null,"railway:track_ref":null,"abandoned:electrified":null,"Source":null,"layer":"1","bridge":"yes","railway:preferred_direction":null,"workrules":"CA-CROR","railway:traffic_mode":"mixed","usage":"main","reporting_marks":"CN;VIA","owner:wikipedia":null,"owner:wikidata":null,"owner":"Canadian National Railway","operator:wikipedia":null,"operator:wikidata":null,"operator:short":null,"operator":"Canadian National Railway;VIA Rail","name":"Ruel Subdivision","maxspeed":null,"service":null,"gauge":"1435","electrified":"no"},"geometry":{"type":"MultiLineString","coordinates":[[[-80.9964699,46.8682656],[-80.9964538,46.8680567]]]}},
{"type":"Feature","properties":{"full_id":"w254375460","osm_id":"254375460","osm_type":"way","railway":"rail","covered":null,"tunnel":null,"railway:track_ref":null,"abandoned:electrified":null,"Source":null,"layer":null,"bridge":null,"railway:preferred_direction":null,"workrules":"CA-CROR","railway:traffic_mode":"mixed","usage":"main","reporting_marks":"CN;VIA","owner:wikipedia":null,"owner:wikidata":null,"owner":"Canadian National Railway","operator:wikipedia":null,"operator:wikidata":null,"operator:short":null,"operator":"Canadian National Railway;VIA Rail","name":"Ruel Subdivision","maxspeed":"40 mph","service":null,"gauge":"1435","electrified":"no"},"geometry":{"type":"MultiLineString","coordinates":[[[-80.9930809,46.8764978],[-80.993571,46.8763027],[-80.9939713,46.8761151],[-80.9943421,46.8759235],[-80.9946844,46.8756395],[-80.9950184,46.8752465],[-80.9954497,46.8746387],[-80.9957978,46.8740974],[-80.9961244,46.8736266],[-80.9962885,46.873325],[-80.9965323,46.8728067],[-80.9966634,46.8724034],[-80.9967148,46.8721683],[-80.99676,46.8718768]]]}},
{"type":"Feature","properties":{"full_id":"w254375461","osm_id":"254375461","osm_type":"way","railway":"rail","covered":null,"tunnel":null,"railway:track_ref":null,"abandoned:electrified":null,"Source":null,"layer":null,"bridge":null,"railway:preferred_direction":null,"workrules":"CA-CROR","railway:traffic_mode":"mixed","usage":"main","reporting_marks":"CN;VIA","owner:wikipedia":null,"owner:wikidata":null,"owner":"Canadian National Railway","operator:wikipedia":null,"operator:wikidata":null,"operator:short":null,"operator":"Canadian National Railway;VIA Rail","name":"Ruel Subdivision","maxspeed":"40 mph","service":null,"gauge":"1435","electrified":"no"},"geometry":{"type":"MultiLineString","coordinates":[[[-80.9964538,46.8680567],[-80.9963955,46.8674005],[-80.996318,46.8665428],[-80.9962268,46.8654328],[-80.9961419,46.8645822],[-80.9960559,46.8637704],[-80.9959639,46.8630929],[-80.9958876,46.8626823],[-80.995768,46.8622234],[-80.9956603,46.8619489],[-80.9955082,46.8616678]]]}},
{"type":"Feature","properties":{"full_id":"w257374180","osm_id":"257374180","osm_type":"way","railway":"rail","covered":null,"tunnel":null,"railway:track_ref":null,"abandoned:electrified":null,"Source":null,"layer":null,"bridge":null,"railway:preferred_direction":null,"workrules":null,"railway:traffic_mode":null,"usage":null,"reporting_marks":"CPKC","owner:wikipedia":null,"owner:wikidata":null,"owner":null,"operator:wikipedia":"en:Canadian Pacific Kansas City","operator:wikidata":"Q117706368","operator:short":null,"operator":"Canadian Pacific Kansas City","name":null,"maxspeed":null,"service":"siding","gauge":"1435","electrified":"no"},"geometry":{"type":"MultiLineString","coordinates":[[[-80.8715935,46.4854478],[-80.8719648,46.4854072],[-80.8721623,46.4853836],[-80.8723336,46.4853637],[-80.8725731,46.4853382],[-80.8740794,46.4852088],[-80.8743736,46.4851856],[-80.8749352,46.4851464],[-80.8769012,46.4850057],[-80.8772043,46.4849818],[-80.8775263,46.4849527],[-80.8778288,46.484921],[-80.8781113,46.4848848],[-80.8784206,46.4848402],[-80.8787254,46.4847888],[-80.8790043,46.4847379],[-80.879296,46.4846758],[-80.8796378,46.484598],[-80.8799285,46.4845293],[-80.8802285,46.4844535],[-80.8805243,46.4843741],[-80.8807999,46.4842951],[-80.8811853,46.4841691],[-80.8814567,46.4840738],[-80.8817576,46.4839591],[-80.8820123,46.4838601],[-80.8822837,46.4837459],[-80.8825232,46.4836442],[-80.8828154,46.4835111],[-80.8830719,46.4833824],[-80.8833295,46.4832537],[-80.8835675,46.4831259],[-80.8837827,46.4830073],[-80.8840342,46.4828623],[-80.8842486,46.4827345],[-80.8844387,46.4826146],[-80.8846094,46.4825013],[-80.8847876,46.4823809],[-80.8849951,46.4822349],[-80.8852078,46.4820752],[-80.8854095,46.4819201],[-80.8856377,46.4817369],[-80.8858755,46.4815362],[-80.8861012,46.4813334],[-80.8862847,46.4811632],[-80.8864434,46.4809972],[-80.8865927,46.4808313],[-80.8867461,46.4806642],[-80.8869139,46.4804729],[-80.8870638,46.480286],[-80.8872155,46.4801011],[-80.8873429,46.4799373],[-80.8874308,46.4798237],[-80.8874998,46.4797393],[-80.887551,46.4796782],[-80.8876218,46.4795969],[-80.8876885,46.4795182]]]}},
{"type":"Feature","properties":{"full_id":"w257374183","osm_id":"257374183","osm_type":"way","railway":"rail","covered":null,"tunnel":null,"railway:track_ref":null,"abandoned:electrified":null,"Source":null,"layer":null,"bridge":null,"railway:preferred_direction":null,"workrules":null,"railway:traffic_mode":null,"usage":"main","reporting_marks":"CPKC","owner:wikipedia":null,"owner:wikidata":null,"owner":null,"operator:wikipedia":null,"operator:wikidata":"Q117706368","operator:short":null,"operator":"Canadian Pacific Kansas City","name":"Cartier Subdivision","maxspeed":"45 mph","service":null,"gauge":"1435","electrified":"no"},"geometry":{"type":"MultiLineString","coordinates":[[[-80.8688062,46.4856251],[-80.869641,46.4855672],[-80.8701749,46.4855361],[-80.8706184,46.4855124],[-80.8709803,46.4854922],[-80.8713518,46.4854657],[-80.8715935,46.4854478],[-80.874089,46.485252],[-80.8767338,46.4850609]]]}},
{"type":"Feature","properties":{"full_id":"w257515849","osm_id":"257515849","osm_type":"way","railway":"rail","covered":null,"tunnel":null,"railway:track_ref":null,"abandoned:electrified":null,"Source":null,"layer":"1","bridge":"yes","railway:preferred_direction":null,"workrules":"CA-CROR","railway:traffic_mode":"mixed","usage":"main","reporting_marks":"CN;VIA","owner:wikipedia":null,"owner:wikidata":null,"owner":"Canadian National Railway","operator:wikipedia":null,"operator:wikidata":null,"operator:short":null,"operator":"Canadian National Railway;VIA Rail","name":"Ruel Subdivision","maxspeed":"50 mph","service":null,"gauge":"1435","electrified":"no"},"geometry":{"type":"MultiLineString","coordinates":[[[-80.9498148,46.788362],[-80.9498248,46.7883022]]]}},
{"type":"Feature","properties":{"full_id":"w257515850","osm_id":"257515850","osm_type":"way","railway":"rail","covered":null,"tunnel":null,"railway:track_ref":null,"abandoned:electrified":null,"Source":null,"layer":null,"bridge":null,"railway:preferred_direction":null,"workrules":null,"railway:traffic_mode":null,"usage":null,"reporting_marks":null,"owner:wikipedia":null,"owner:wikidata":null,"owner":null,"operator:wikipedia":null,"operator:wikidata":null,"operator:short":null,"operator":null,"name":null,"maxspeed":null,"service":"siding","gauge":"1435","electrified":"no"},"geometry":{"type":"MultiLineString","coordinates":[[[-80.9592513,46.8177212],[-80.9592332,46.8180593],[-80.9592922,46.8183833],[-80.9593164,46.8186605],[-80.9592466,46.8191964],[-80.9590943,46.8202436],[-80.9589516,46.8210795],[-80.9588577,46.8218045],[-80.9588201,46.8221606],[-80.9588228,46.8225166],[-80.9588765,46.8229461],[-80.9590186,46.823493],[-80.9591313,46.8238013],[-80.9593298,46.8241611],[-80.9598313,46.82493],[-80.9602685,46.8255852],[-80.960805,46.8264863],[-80.9612529,46.8273286],[-80.9616821,46.8282737],[-80.9617352,46.8284308],[-80.9619481,46.8291006],[-80.9623955,46.8308429],[-80.9624948,46.8312814],[-80.962535,46.8314796],[-80.9626477,46.8319182],[-80.9628166,46.832577],[-80.9633128,46.8345972],[-80.9634309,46.8349569],[-80.9635408,46.8351973],[-80.9637286,46.8354652]]]}},
{"type":"Feature","properties":{"full_id":"w257515852","osm_id":"257515852","osm_type":"way","railway":"rail","covered":null,"tunnel":null,"railway:track_ref":null,"abandoned:electrified":null,"Source":null,"layer":null,"bridge":null,"railway:preferred_direction":null,"workrules":"CA-CROR","railway:traffic_mode":"mixed","usage":"main","reporting_marks":"CN;VIA","owner:wikipedia":null,"owner:wikidata":null,"owner":"Canadian National Railway","operator:wikipedia":null,"operator:wikidata":null,"operator:short":null,"operator":"Canadian National Railway;VIA Rail","name":"Ruel Subdivision","maxspeed":"50 mph","service":null,"gauge":"1435","electrified":"no"},"geometry":{"type":"MultiLineString","coordinates":[[[-80.9490321,46.7743471],[-80.9490955,46.7736875],[-80.949228,46.7727889],[-80.9493053,46.7719994],[-80.9493314,46.7715558],[-80.9494248,46.7708973],[-80.9495007,46.770102],[-80.9495842,46.7693686],[-80.9495731,46.7689701],[-80.9496348,46.768331],[-80.9497096,46.7678596],[-80.9498541,46.7672742],[-80.9499399,46.7669762],[-80.9503433,46.7656716],[-80.9503977,46.7650847],[-80.9504003,46.7646114],[-80.950451,46.7637228],[-80.9504951,46.7629915],[-80.9505709,46.7614359],[-80.9506004,46.7604798],[-80.9506355,46.7594851],[-80.9507054,46.7579755],[-80.9507234,46.7573452],[-80.9507938,46.7560726],[-80.9508036,46.7556177],[-80.9507865,46.7549197],[-80.9506806,46.7540639],[-80.950584,46.7533428],[-80.9505769,46.752875],[-80.9506201,46.7524469],[-80.9506939,46.7520636],[-80.9508115,46.7516742],[-80.9510766,46.7509797]]]}},
{"type":"Feature","properties":{"full_id":"w258542956","osm_id":"258542956","osm_type":"way","railway":"rail","covered":null,"tunnel":null,"railway:track_ref":null,"abandoned:electrified":null,"Source":null,"layer":null,"bridge":null,"railway:preferred_direction":null,"workrules":null,"railway:traffic_mode":null,"usage":null,"reporting_marks":"CPKC","owner:wikipedia":null,"owner:wikidata":null,"owner":null,"operator:wikipedia":"en:Canadian Pacific Kansas City","operator:wikidata":"Q117706368","operator:short":null,"operator":"Canadian Pacific Kansas City","name":null,"maxspeed":null,"service":"siding","gauge":"1435","electrified":"no"},"geometry":{"type":"MultiLineString","coordinates":[[[-80.8114361,46.3919177],[-80.8114837,46.3922154],[-80.8115271,46.3924113],[-80.8115641,46.3926085],[-80.8115834,46.3928056],[-80.8116244,46.393793]]]}},
{"type":"Feature","properties":{"full_id":"w258542966","osm_id":"258542966","osm_type":"way","railway":"rail","covered":null,"tunnel":null,"railway:track_ref":null,"abandoned:electrified":null,"Source":null,"layer":null,"bridge":null,"railway:preferred_direction":"forward","workrules":null,"railway:traffic_mode":null,"usage":"main","reporting_marks":null,"owner:wikipedia":null,"owner:wikidata":null,"owner":null,"operator:wikipedia":null,"operator:wikidata":null,"operator:short":null,"operator":"Canadian National Railway","name":null,"maxspeed":"25 mph","service":null,"gauge":"1435","electrified":"no"},"geometry":{"type":"MultiLineString","coordinates":[[[-80.8131899,46.3831258],[-80.8130732,46.3834948],[-80.812967,46.3837472],[-80.8128596,46.3839397],[-80.8127648,46.3840854],[-80.8126568,46.3842274],[-80.8125357,46.3843538],[-80.8124051,46.3844726],[-80.8120202,46.3847829]]]}},
{"type":"Feature","properties":{"full_id":"w263674439","osm_id":"263674439","osm_type":"way","railway":"rail","covered":null,"tunnel":null,"railway:track_ref":null,"abandoned:electrified":null,"Source":null,"layer":null,"bridge":null,"railway:preferred_direction":null,"workrules":null,"railway:traffic_mode":null,"usage":null,"reporting_marks":null,"owner:wikipedia":null,"owner:wikidata":null,"owner":null,"operator:wikipedia":null,"operator:wikidata":null,"operator:short":null,"operator":"Vale","name":null,"maxspeed":null,"service":"spur","gauge":"1435","electrified":"no"},"geometry":{"type":"MultiLineString","coordinates":[[[-81.0574426,46.5022529],[-81.0568875,46.5017009],[-81.056726,46.5015067],[-81.0566434,46.5013851],[-81.0565839,46.501263],[-81.0565495,46.5011451],[-81.0565334,46.5010159],[-81.0565254,46.500822],[-81.0565388,46.5006522],[-81.0565571,46.5005023],[-81.0566053,46.5003473],[-81.0566971,46.5001297],[-81.0576594,46.4983865]]]}},
{"type":"Feature","properties":{"full_id":"w309454793","osm_id":"309454793","osm_type":"way","railway":"rail","covered":null,"tunnel":null,"railway:track_ref":null,"abandoned:electrified":null,"Source":null,"layer":null,"bridge":null,"railway:preferred_direction":null,"workrules":null,"railway:traffic_mode":null,"usage":null,"reporting_marks":null,"owner:wikipedia":null,"owner:wikidata":null,"owner":null,"operator:wikipedia":null,"operator:wikidata":null,"operator:short":null,"operator":null,"name":null,"maxspeed":null,"service":"crossover","gauge":"1435","electrified":"no"},"geometry":{"type":"MultiLineString","coordinates":[[[-80.9051379,46.4807948],[-80.9054433,46.4809621],[-80.9057,46.4811139],[-80.9059359,46.4812446]]]}},
{"type":"Feature","properties":{"full_id":"w309455602","osm_id":"309455602","osm_type":"way","railway":"rail","covered":null,"tunnel":null,"railway:track_ref":null,"abandoned:electrified":null,"Source":null,"layer":null,"bridge":null,"railway:preferred_direction":null,"workrules":null,"railway:traffic_mode":null,"usage":null,"reporting_marks":"CPKC","owner:wikipedia":null,"owner:wikidata":null,"owner":null,"operator:wikipedia":"en:Canadian Pacific Kansas City","operator:wikidata":"Q117706368","operator:short":null,"operator":null,"name":null,"maxspeed":null,"service":"crossover","gauge":"1435","electrified":"no"},"geometry":{"type":"MultiLineString","coordinates":[[[-80.906067,46.4813106],[-80.9063063,46.4814231],[-80.9066603,46.4815742],[-80.9069408,46.4817019]]]}},
{"type":"Feature","properties":{"full_id":"w309895181","osm_id":"309895181","osm_type":"way","railway":"rail","covered":null,"tunnel":null,"railway:track_ref":null,"abandoned:electrified":null,"Source":null,"layer":null,"bridge":null,"railway:preferred_direction":null,"workrules":null,"railway:traffic_mode":null,"usage":"main","reporting_marks":"CPKC","owner:wikipedia":null,"owner:wikidata":null,"owner":null,"operator:wikipedia":null,"operator:wikidata":"Q117706368","operator:short":null,"operator":"Canadian Pacific Kansas City","name":"Cartier Subdivision","maxspeed":"45 mph","service":null,"gauge":"1435","electrified":"no"},"geometry":{"type":"MultiLineString","coordinates":[[[-80.9340533,46.4872419],[-80.933769,46.4872846],[-80.933533,46.4873089],[-80.9332986,46.4873312],[-80.9330946,46.4873434],[-80.9328826,46.4873521],[-80.9326714,46.4873561],[-80.9324494,46.4873571],[-80.9322252,46.4873497],[-80.9319953,46.4873374],[-80.9317684,46.4873185],[-80.9315365,46.4872946],[-80.9313119,46.4872657],[-80.9310877,46.4872292],[-80.9308535,46.4871873],[-80.9306,46.4871352],[-80.9303644,46.4870788],[-80.9301335,46.4870175],[-80.9299302,46.4869562],[-80.9297208,46.4868877],[-80.929517,46.4868146],[-80.9293037,46.4867291],[-80.9291197,46.486648],[-80.9289242,46.4865584],[-80.9287498,46.4864692],[-80.9285807,46.4863803],[-80.9284145,46.4862855],[-80.9282277,46.4861685],[-80.9280247,46.4860332],[-80.927847,46.485904],[-80.9276579,46.4857627],[-80.9274817,46.4856192],[-80.9264928,46.4847901],[-80.9259933,46.4843767],[-80.9258128,46.4842329],[-80.9256218,46.4840943],[-80.925421,46.4839557],[-80.9252481,46.4838439],[-80.9250638,46.4837352],[-80.9248784,46.4836314],[-80.9247059,46.4835418],[-80.924504,46.4834404],[-80.9242794,46.4833362],[-80.9240308,46.4832299],[-80.9237939,46.4831394],[-80.9235257,46.4830505],[-80.9232437,46.4829615],[-80.9229413,46.4828741],[-80.922655,46.4827998],[-80.9223477,46.4827294],[-80.9220102,46.4826554],[-80.9210341,46.4824512],[-80.9207336,46.4823945],[-80.9204562,46.4823464],[-80.9201726,46.482301],[-80.9199142,46.4822653],[-80.9196679,46.4822412],[-80.9194164,46.4822216],[-80.9191653,46.4822146],[-80.9189445,46.4822096],[-80.9186869,46.4822128],[-80.918427,46.4822262],[-80.9181356,46.4822474],[-80.9178856,46.4822771],[-80.9176326,46.4823152],[-80.917386,46.4823594],[-80.9171501,46.4824084],[-80.9169172,46.4824635],[-80.9166636,46.4825294],[-80.9164051,46.482609],[-80.9161725,46.4826924],[-80.9154179,46.4829791],[-80.9151801,46.4830664],[-80.9149437,46.4831506],[-80.9146991,46.4832282],[-80.9144362,46.4833034],[-80.9141801,46.4833625],[-80.9139054,46.4834156],[-80.913649,46.4834554],[-80.9133857,46.4834912],[-80.9131297,46.4835151],[-80.912866,46.4835317],[-80.9125897,46.4835415],[-80.9122986,46.4835401],[-80.9120332,46.4835312],[-80.9117587,46.4835129],[-80.911499,46.483484],[-80.9112341,46.4834507],[-80.9109742,46.4834078],[-80.9107157,46.4833506],[-80.9104712,46.4832902],[-80.9102222,46.4832226],[-80.9099847,46.4831481],[-80.9097476,46.4830612],[-80.9095063,46.4829623],[-80.909272,46.4828578],[-80.9082246,46.4823461],[-80.9070152,46.4817392],[-80.9069408,46.4817019],[-80.9051379,46.4807948],[-80.9048856,46.4806648],[-80.9047349,46.4805896],[-80.9030082,46.4797282],[-80.9027224,46.4795884],[-80.9024671,46.4794682],[-80.9021889,46.4793377],[-80.9019407,46.4792259],[-80.9016955,46.4791179],[-80.9014523,46.4790149],[-80.9011974,46.4789109],[-80.8994378,46.4782183],[-80.8952693,46.4765756],[-80.8950658,46.4764982],[-80.8948758,46.4764343],[-80.8946496,46.4763693],[-80.8944365,46.4763165],[-80.8941967,46.4762673],[-80.8939509,46.4762289],[-80.89372,46.4761971],[-80.8934746,46.476172],[-80.8932162,46.476159],[-80.8929861,46.4761528],[-80.8927235,46.4761596],[-80.8924633,46.4761741],[-80.8922334,46.4761951],[-80.8920076,46.4762233],[-80.8917786,46.4762549],[-80.8915827,46.476287],[-80.8913932,46.476322],[-80.8911639,46.4763712],[-80.8909358,46.4764301],[-80.8907057,46.4765086],[-80.8904861,46.4765969],[-80.8902823,46.4766845],[-80.8901006,46.4767732],[-80.8899193,46.4768747],[-80.8897212,46.4769929],[-80.8895496,46.4771139],[-80.8894035,46.4772313],[-80.8892658,46.47735],[-80.8891493,46.4774648],[-80.8890166,46.4776036],[-80.8889002,46.4777338],[-80.8887881,46.4778771],[-80.8886699,46.4780338],[-80.8885686,46.478181],[-80.888478,46.4783129],[-80.8880665,46.4789331],[-80.8876885,46.4795182],[-80.8875701,46.4796919],[-80.8874545,46.4798584],[-80.8873387,46.4800272],[-80.887228,46.4801757],[-80.8871012,46.4803407],[-80.8869749,46.4804982],[-80.8868548,46.4806353],[-80.8867353,46.480774],[-80.8866052,46.4809122],[-80.8864528,46.4810699],[-80.8862819,46.481239],[-80.8861032,46.4814106],[-80.8859264,46.4815703],[-80.8857639,46.4817088],[-80.8855899,46.4818493],[-80.8854273,46.4819774],[-80.8852606,46.4821043],[-80.8850805,46.4822381],[-80.8849297,46.482345],[-80.8847621,46.4824627],[-80.8845776,46.4825872],[-80.8843745,46.4827178],[-80.884151,46.4828526],[-80.8839571,46.4829686],[-80.8837609,46.4830813],[-80.8835045,46.4832189],[-80.8832737,46.4833393],[-80.883046,46.4834532],[-80.8828311,46.4835565],[-80.8825767,46.4836762],[-80.8823419,46.4837785],[-80.8821081,46.4838761],[-80.8818508,46.4839755],[-80.8816033,46.4840699],[-80.8813221,46.4841728],[-80.8810742,46.4842583],[-80.8808215,46.4843384],[-80.880573,46.4844083],[-80.8802945,46.4844828],[-80.8799921,46.4845587],[-80.8797134,46.4846263],[-80.8793979,46.4846975],[-80.8791499,46.4847502],[-80.878874,46.484802],[-80.8786096,46.4848503],[-80.8783093,46.4848982],[-80.8779837,46.4849448],[-80.8776521,46.4849819],[-80.877304,46.4850148],[-80.8770341,46.4850372],[-80.8767338,46.4850609]]]}},
{"type":"Feature","properties":{"full_id":"w311434896","osm_id":"311434896","osm_type":"way","railway":"rail","covered":null,"tunnel":null,"railway:track_ref":null,"abandoned:electrified":null,"Source":null,"layer":null,"bridge":null,"railway:preferred_direction":null,"workrules":null,"railway:traffic_mode":null,"usage":null,"reporting_marks":"CPKC","owner:wikipedia":null,"owner:wikidata":null,"owner":null,"operator:wikipedia":"en:Canadian Pacific Kansas City","operator:wikidata":"Q117706368","operator:short":null,"operator":"Canadian Pacific Kansas City","name":"Larchwood Siding","maxspeed":null,"service":"siding","gauge":"1435","electrified":"no"},"geometry":{"type":"MultiLineString","coordinates":[[[-81.2449557,46.5794863],[-81.245569,46.579415],[-81.2458212,46.5793844],[-81.2460638,46.5793471],[-81.2537018,46.5780693],[-81.2586747,46.5772371],[-81.2655061,46.5760929],[-81.2716177,46.5750711],[-81.2821391,46.5733107],[-81.283439,46.5730929],[-81.2852299,46.5727932],[-81.2854464,46.5727552],[-81.2856292,46.5727172],[-81.2862921,46.5725744]]]}},
{"type":"Feature","properties":{"full_id":"w332628622","osm_id":"332628622","osm_type":"way","railway":"rail","covered":null,"tunnel":null,"railway:track_ref":null,"abandoned:electrified":"contact_line","Source":null,"layer":null,"bridge":null,"railway:preferred_direction":null,"workrules":null,"railway:traffic_mode":null,"usage":null,"reporting_marks":null,"owner:wikipedia":null,"owner:wikidata":null,"owner":null,"operator:wikipedia":null,"operator:wikidata":null,"operator:short":null,"operator":"Canadian Pacific Kansas City","name":null,"maxspeed":null,"service":"siding","gauge":"1435","electrified":"no"},"geometry":{"type":"MultiLineString","coordinates":[[[-81.4100269,46.6029713],[-81.4103389,46.6031064],[-81.4105668,46.6032055],[-81.4108012,46.6032896],[-81.4137336,46.6042851],[-81.416295,46.6051603],[-81.416598,46.6052539],[-81.4168882,46.6053344],[-81.4172727,46.6054431]]]}},
{"type":"Feature","properties":{"full_id":"w332628626","osm_id":"332628626","osm_type":"way","railway":"rail","covered":null,"tunnel":null,"railway:track_ref":null,"abandoned:electrified":null,"Source":null,"layer":null,"bridge":null,"railway:preferred_direction":null,"workrules":null,"railway:traffic_mode":null,"usage":null,"reporting_marks":null,"owner:wikipedia":null,"owner:wikidata":null,"owner":null,"operator:wikipedia":null,"operator:wikidata":null,"operator:short":null,"operator":"Canadian Pacific Kansas City","name":"Levack Siding","maxspeed":null,"service":"siding","gauge":"1435","electrified":"no"},"geometry":{"type":"MultiLineString","coordinates":[[[-81.444910735744998,46.621549405707974],[-81.4440963,46.6211991],[-81.4425954,46.6205525],[-81.4407272,46.6197442],[-81.4394192,46.6191838],[-81.438204,46.6186582],[-81.4371698,46.6182121],[-81.4362733,46.6178285],[-81.4348482,46.6172145],[-81.432823,46.6163402],[-81.4321971,46.61607],[-81.4300549,46.6151459],[-81.4297173,46.6149985],[-81.4293769,46.6148465],[-81.4290804,46.6147103],[-81.4287709,46.6145443],[-81.4285158,46.6143991],[-81.4282782,46.6142464],[-81.428073,46.614097],[-81.4278897,46.6139522],[-81.4277228,46.6138029],[-81.4275698,46.6136496],[-81.4274141,46.6134836],[-81.4272927,46.6133378],[-81.4271616,46.6131613],[-81.4270585,46.6130053],[-81.4269658,46.6128502],[-81.4268819,46.61268],[-81.4268001,46.6125059],[-81.4267292,46.6123139],[-81.4266743,46.6121279],[-81.4266052,46.611837],[-81.4264872,46.6113242],[-81.4264393,46.6111214],[-81.4263879,46.6109312],[-81.4263204,46.6107332],[-81.4262503,46.6105578],[-81.4261749,46.6104024],[-81.4260713,46.6102197],[-81.4259536,46.61004],[-81.4258308,46.6098711],[-81.4256948,46.6097076],[-81.4255596,46.6095573],[-81.4254093,46.6094061],[-81.4252644,46.6092725],[-81.4250998,46.6091353],[-81.4249157,46.608998],[-81.4247169,46.6088655],[-81.4245122,46.6087364],[-81.4242838,46.6086062],[-81.4240254,46.6084772],[-81.4232838,46.6081202],[-81.4225782,46.607779],[-81.4203579,46.606706],[-81.419524,46.6063079],[-81.4192048,46.6061623],[-81.4188794,46.6060214],[-81.4184156,46.6058298],[-81.4181966,46.6057395],[-81.417952,46.6056436]]]}},
{"type":"Feature","properties":{"full_id":"w345035611","osm_id":"345035611","osm_type":"way","railway":"rail","covered":null,"tunnel":null,"railway:track_ref":null,"abandoned:electrified":null,"Source":null,"layer":null,"bridge":null,"railway:preferred_direction":null,"workrules":null,"railway:traffic_mode":null,"usage":"main","reporting_marks":"CPKC","owner:wikipedia":null,"owner:wikidata":null,"owner":null,"operator:wikipedia":"en:Canadian Pacific Kansas City","operator:wikidata":"Q117706368","operator:short":null,"operator":"Canadian Pacific Kansas City","name":"Cartier Subdivision","maxspeed":"45 mph","service":null,"gauge":"1435","electrified":"no"},"geometry":{"type":"MultiLineString","coordinates":[[[-80.8703338,46.4855871],[-80.8706317,46.4855624],[-80.8708662,46.4855429],[-80.8715182,46.4854916],[-80.8720347,46.4854568],[-80.8724532,46.4854278],[-80.8740982,46.4852921],[-80.8768903,46.4850894],[-80.8772165,46.4850623],[-80.8775614,46.4850304],[-80.8778723,46.484994],[-80.8782076,46.484952],[-80.8785031,46.4849089],[-80.8788008,46.4848593],[-80.8791103,46.4848027],[-80.8794442,46.4847318],[-80.8798348,46.4846438],[-80.8801828,46.4845631],[-80.8805232,46.4844748],[-80.8808675,46.4843756],[-80.8812064,46.4842657],[-80.8815147,46.4841532],[-80.8818455,46.4840245],[-80.8821751,46.4838959],[-80.8825597,46.4837297],[-80.8828792,46.4835814],[-80.8832104,46.4834194],[-80.883526,46.4832598],[-80.8838218,46.4830968],[-80.8841018,46.4829375],[-80.8843809,46.4827696],[-80.884627,46.4826088],[-80.8849145,46.4824141],[-80.8851636,46.482236],[-80.8853599,46.4820934],[-80.8855489,46.4819509],[-80.8857224,46.4818175],[-80.885905,46.4816703],[-80.8861011,46.481496],[-80.8863071,46.481304],[-80.8865105,46.4811055],[-80.8866748,46.4809295],[-80.8868673,46.4807124],[-80.8870317,46.4805135],[-80.8871854,46.4803291],[-80.8873244,46.4801414],[-80.8874609,46.479957],[-80.8875876,46.4797679],[-80.8877947,46.4794612],[-80.8881168,46.4789542],[-80.8885772,46.4782642],[-80.888707,46.4780679],[-80.888834,46.4779047],[-80.8889642,46.4777562],[-80.8890928,46.4776068],[-80.8892293,46.4774642],[-80.889363,46.477337],[-80.8895097,46.47721],[-80.8896516,46.4771054],[-80.8897977,46.4770014],[-80.8899474,46.4769117],[-80.8900999,46.4768276],[-80.8902617,46.4767467],[-80.8904345,46.476667],[-80.8906148,46.4765909],[-80.8907896,46.4765265],[-80.890965,46.4764734],[-80.8911415,46.4764262],[-80.8913375,46.4763791],[-80.8915088,46.4763451],[-80.8917012,46.4763094],[-80.8919014,46.4762786],[-80.8920872,46.476253],[-80.8922754,46.4762331],[-80.892487,46.4762144],[-80.8926997,46.4762016],[-80.8928773,46.4761944],[-80.8930622,46.4761941],[-80.8932486,46.476199],[-80.8934444,46.4762121],[-80.8936403,46.4762312],[-80.8938592,46.4762588],[-80.8940664,46.4762879],[-80.8942479,46.4763223],[-80.8944345,46.4763606],[-80.8946144,46.4764028],[-80.8947865,46.4764481],[-80.8949641,46.4765048],[-80.8951323,46.4765634],[-80.895301,46.476626],[-80.8994116,46.4782496],[-80.9012287,46.478966],[-80.9016382,46.4791372],[-80.9020032,46.4792978],[-80.902351,46.4794594],[-80.9026831,46.4796154],[-80.9028963,46.4797193],[-80.9046996,46.4806219],[-80.9048487,46.4806965],[-80.9059359,46.4812446],[-80.906067,46.4813106],[-80.9069812,46.4817687],[-80.908255,46.4824069],[-80.9090736,46.4828146],[-80.909296,46.4829223],[-80.9095274,46.4830259],[-80.9097787,46.4831221],[-80.9100225,46.4832069],[-80.9102797,46.4832878],[-80.9105292,46.4833571],[-80.9107602,46.4834127],[-80.9110108,46.4834599],[-80.911273,46.4835008],[-80.9115485,46.4835344],[-80.9118103,46.4835583],[-80.9121218,46.4835721],[-80.912412,46.4835812],[-80.9127067,46.4835819],[-80.9129536,46.4835742],[-80.9132125,46.4835593],[-80.9134952,46.4835289],[-80.9137806,46.4834864],[-80.9140455,46.4834366],[-80.9143058,46.4833816],[-80.9145477,46.4833174],[-80.914806,46.4832412],[-80.9150519,46.483162],[-80.9153017,46.4830719],[-80.9155339,46.4829843],[-80.9160548,46.4827841],[-80.9163041,46.4826932],[-80.9165389,46.4826192],[-80.9167752,46.4825505],[-80.9170324,46.4824825],[-80.9172989,46.482418],[-80.9175534,46.4823688],[-80.9178186,46.482329],[-80.9180947,46.482297],[-80.9183738,46.4822755],[-80.9186607,46.4822615],[-80.9189084,46.4822574],[-80.9191591,46.4822596],[-80.9194159,46.4822673],[-80.9196787,46.4822851],[-80.919916,46.4823059],[-80.920185,46.4823387],[-80.9204439,46.4823804],[-80.9210617,46.4824954],[-80.9217565,46.4826383],[-80.9220687,46.4827036],[-80.9223465,46.4827636],[-80.9226113,46.4828254],[-80.9228553,46.482886],[-80.9231308,46.4829635],[-80.9233616,46.4830375],[-80.9235932,46.4831152],[-80.923814,46.4831979],[-80.9240349,46.4832833],[-80.924263,46.4833823],[-80.9244473,46.4834637],[-80.9246572,46.4835611],[-80.9248546,46.4836642],[-80.9250244,46.4837615],[-80.9252031,46.4838709],[-80.9253752,46.4839805],[-80.9255618,46.4841118],[-80.925739,46.4842417],[-80.9259266,46.4843879],[-80.9264522,46.4848163],[-80.927051,46.485315],[-80.9275902,46.485769],[-80.9277515,46.4858927],[-80.9279017,46.4860059],[-80.9280692,46.4861219],[-80.928241,46.4862342],[-80.9284099,46.4863373],[-80.9285893,46.4864403],[-80.9287686,46.4865365],[-80.9289409,46.4866194],[-80.9291206,46.4867023],[-80.9293058,46.4867808],[-80.9294965,46.4868578],[-80.9297015,46.4869311],[-80.9298869,46.4869923],[-80.9300917,46.4870541],[-80.9302794,46.4871057],[-80.9304793,46.487153],[-80.9306979,46.4872003],[-80.9309222,46.4872431],[-80.9311385,46.4872805],[-80.9313675,46.487315],[-80.9316066,46.4873445],[-80.9318434,46.4873658],[-80.9320583,46.4873805],[-80.9322902,46.4873907],[-80.9325047,46.4873944],[-80.9327296,46.4873935],[-80.9329534,46.4873883],[-80.9331603,46.4873808],[-80.9333635,46.4873658],[-80.9335615,46.4873471],[-80.933769,46.4873259],[-80.934064,46.4872845]]]}},
{"type":"Feature","properties":{"full_id":"w345035614","osm_id":"345035614","osm_type":"way","railway":"rail","covered":null,"tunnel":null,"railway:track_ref":null,"abandoned:electrified":null,"Source":null,"layer":null,"bridge":null,"railway:preferred_direction":null,"workrules":null,"railway:traffic_mode":null,"usage":"branch","reporting_marks":null,"owner:wikipedia":null,"owner:wikidata":null,"owner":null,"operator:wikipedia":null,"operator:wikidata":"Q117706368","operator:short":null,"operator":"Canadian Pacific Kansas City","name":"Cartier Subdivision","maxspeed":"40 mph","service":null,"gauge":"1435","electrified":"no"},"geometry":{"type":"MultiLineString","coordinates":[[[-80.8536012,46.4860218],[-80.8498614,46.4861675],[-80.8494525,46.4861821],[-80.84653,46.4862948],[-80.8441182,46.4863906],[-80.8378135,46.4865822]]]}},
{"type":"Feature","properties":{"full_id":"w364192842","osm_id":"364192842","osm_type":"way","railway":"rail","covered":null,"tunnel":null,"railway:track_ref":null,"abandoned:electrified":null,"Source":null,"layer":null,"bridge":null,"railway:preferred_direction":null,"workrules":null,"railway:traffic_mode":null,"usage":"main","reporting_marks":"CPKC","owner:wikipedia":null,"owner:wikidata":null,"owner":null,"operator:wikipedia":null,"operator:wikidata":"Q117706368","operator:short":null,"operator":"Canadian Pacific Kansas City","name":"Cartier Subdivision","maxspeed":"50 mph","service":null,"gauge":"1435","electrified":"no"},"geometry":{"type":"MultiLineString","coordinates":[[[-81.4069616,46.6016518],[-81.406769,46.6015734],[-81.4064268,46.6014338],[-81.4060847,46.6013033],[-81.4056938,46.6011602],[-81.4052572,46.6010167]]]}},
{"type":"Feature","properties":{"full_id":"w379243842","osm_id":"379243842","osm_type":"way","railway":"rail","covered":null,"tunnel":null,"railway:track_ref":null,"abandoned:electrified":null,"Source":null,"layer":null,"bridge":null,"railway:preferred_direction":"forward","workrules":null,"railway:traffic_mode":null,"usage":"main","reporting_marks":null,"owner:wikipedia":null,"owner:wikidata":null,"owner":null,"operator:wikipedia":null,"operator:wikidata":null,"operator:short":null,"operator":"Canadian Pacific Kansas City","name":null,"maxspeed":"25 mph","service":null,"gauge":"1435","electrified":"no"},"geometry":{"type":"MultiLineString","coordinates":[[[-80.8125753,46.3850426],[-80.8127949,46.3845749],[-80.8128631,46.384444],[-80.8129468,46.3843157],[-80.8130459,46.3841973],[-80.8131668,46.3840623],[-80.8131755,46.3840543],[-80.8133385,46.3839061],[-80.8137716,46.3835785]]]}},
{"type":"Feature","properties":{"full_id":"w379243844","osm_id":"379243844","osm_type":"way","railway":"rail","covered":null,"tunnel":null,"railway:track_ref":null,"abandoned:electrified":null,"Source":null,"layer":null,"bridge":null,"railway:preferred_direction":null,"workrules":null,"railway:traffic_mode":null,"usage":null,"reporting_marks":"CN","owner:wikipedia":"en:Canadian National Railway","owner:wikidata":"Q624798","owner":"Canadian National Railway","operator:wikipedia":"en:Canadian National Railway","operator:wikidata":"Q624798","operator:short":"CN","operator":"Canadian National Railway","name":null,"maxspeed":null,"service":"siding","gauge":"1435","electrified":"no"},"geometry":{"type":"MultiLineString","coordinates":[[[-80.825291,46.4736818],[-80.8255115,46.4736637],[-80.825824,46.4736378],[-80.8272857,46.4736588],[-80.8281816,46.4736717],[-80.8289019,46.4736717],[-80.8291536,46.4736697],[-80.8295008,46.4736419]]]}},
{"type":"Feature","properties":{"full_id":"w428515512","osm_id":"428515512","osm_type":"way","railway":"rail","covered":null,"tunnel":null,"railway:track_ref":null,"abandoned:electrified":null,"Source":null,"layer":null,"bridge":null,"railway:preferred_direction":null,"workrules":null,"railway:traffic_mode":null,"usage":null,"reporting_marks":"CN","owner:wikipedia":"en:Canadian National Railway","owner:wikidata":"Q624798","owner":"Canadian National Railway","operator:wikipedia":"en:Canadian National Railway","operator:wikidata":"Q624798","operator:short":"CN","operator":"Canadian National Railway","name":"Hotrum Siding","maxspeed":null,"service":"siding","gauge":"1435","electrified":"no"},"geometry":{"type":"MultiLineString","coordinates":[[[-80.8342781,46.4343248],[-80.8341468,46.4340799],[-80.8340564,46.4339405],[-80.8339675,46.4338094],[-80.833524,46.4331554],[-80.8328388,46.4321559],[-80.8319616,46.4308766],[-80.8317061,46.430459],[-80.8315351,46.4301672],[-80.8312716,46.4297027],[-80.8308639,46.4288724],[-80.8300612,46.4271137],[-80.8293491,46.4255617],[-80.8287912,46.4243353],[-80.8283809,46.4234387],[-80.8280127,46.4226339],[-80.8275742,46.4216711],[-80.827306,46.4210673],[-80.8269365,46.4202717],[-80.8263699,46.4190299],[-80.8260011,46.4181976],[-80.8258133,46.4177507],[-80.8256766,46.4173803],[-80.8255645,46.4169236],[-80.8255169,46.4165329],[-80.8255102,46.416026],[-80.8255091,46.4158935],[-80.8255076,46.4157258],[-80.8255089,46.4151558]]]}},
{"type":"Feature","properties":{"full_id":"w520544524","osm_id":"520544524","osm_type":"way","railway":"rail","covered":null,"tunnel":null,"railway:track_ref":null,"abandoned:electrified":null,"Source":null,"layer":null,"bridge":null,"railway:preferred_direction":null,"workrules":null,"railway:traffic_mode":null,"usage":"main","reporting_marks":"CN","owner:wikipedia":"en:Canadian National Railway","owner:wikidata":"Q624798","owner":"Canadian National Railway","operator:wikipedia":"en:Canadian National Railway","operator:wikidata":"Q624798","operator:short":"CN","operator":"Canadian National Railway","name":"CN Bala Subdivision","maxspeed":"70 mph","service":null,"gauge":"1435","electrified":"no"},"geometry":{"type":"MultiLineString","coordinates":[[[-80.9174967,46.6812254],[-80.9184333,46.6775972],[-80.9202065,46.6705976],[-80.9216047,46.6651845],[-80.9218779,46.6639582],[-80.9229274,46.6599505],[-80.9238694,46.6562225],[-80.9242643,46.6546214],[-80.9244385,46.6539187],[-80.9246171,46.6531853],[-80.9247503,46.6525304],[-80.9248969,46.651762],[-80.9250728,46.6502853],[-80.9270303,46.635853],[-80.9283495,46.626565]]]}},
{"type":"Feature","properties":{"full_id":"w523632852","osm_id":"523632852","osm_type":"way","railway":"rail","covered":null,"tunnel":null,"railway:track_ref":null,"abandoned:electrified":null,"Source":null,"layer":null,"bridge":null,"railway:preferred_direction":null,"workrules":null,"railway:traffic_mode":null,"usage":null,"reporting_marks":"CN","owner:wikipedia":"en:Canadian National Railway","owner:wikidata":"Q624798","owner":"Canadian National Railway","operator:wikipedia":"en:Canadian National Railway","operator:wikidata":"Q624798","operator:short":"CN","operator":"Canadian National Railway","name":null,"maxspeed":null,"service":"spur","gauge":"1435","electrified":"no"},"geometry":{"type":"MultiLineString","coordinates":[[[-80.9139968,46.5395166],[-80.9148512,46.5395193],[-80.9150625,46.5395327],[-80.9151656,46.539544],[-80.9153823,46.5395986],[-80.9156376,46.5396898],[-80.9158758,46.5397942],[-80.916085,46.5399363],[-80.9162728,46.5400672],[-80.9164874,46.5402055],[-80.9168548,46.540355],[-80.9172867,46.5404749],[-80.9175011,46.5405486],[-80.9175817,46.5405764],[-80.9179062,46.540735],[-80.9180067,46.5407871],[-80.918108,46.5408627],[-80.9182013,46.5409386],[-80.918302,46.5410301],[-80.9183789,46.5411288],[-80.9184577,46.5412469],[-80.9190492,46.5422383],[-80.9191817,46.5424184],[-80.9193741,46.542666]]]}},
{"type":"Feature","properties":{"full_id":"w523632853","osm_id":"523632853","osm_type":"way","railway":"rail","covered":null,"tunnel":null,"railway:track_ref":null,"abandoned:electrified":null,"Source":null,"layer":null,"bridge":null,"railway:preferred_direction":null,"workrules":null,"railway:traffic_mode":null,"usage":null,"reporting_marks":"CN","owner:wikipedia":"en:Canadian National Railway","owner:wikidata":"Q624798","owner":"Canadian National Railway","operator:wikipedia":"en:Canadian National Railway","operator:wikidata":"Q624798","operator:short":"CN","operator":"Canadian National Railway","name":null,"maxspeed":null,"service":"spur","gauge":"1435","electrified":"no"},"geometry":{"type":"MultiLineString","coordinates":[[[-80.9159241,46.5393496],[-80.9166402,46.5400118],[-80.9169567,46.5402517],[-80.9171445,46.5403753],[-80.9173242,46.5404657],[-80.9175011,46.5405486]]]}},
{"type":"Feature","properties":{"full_id":"w523632863","osm_id":"523632863","osm_type":"way","railway":"rail","covered":null,"tunnel":null,"railway:track_ref":null,"abandoned:electrified":null,"Source":null,"layer":null,"bridge":null,"railway:preferred_direction":null,"workrules":null,"railway:traffic_mode":null,"usage":null,"reporting_marks":"CN","owner:wikipedia":"en:Canadian National Railway","owner:wikidata":"Q624798","owner":"Canadian National Railway","operator:wikipedia":"en:Canadian National Railway","operator:wikidata":"Q624798","operator:short":"CN","operator":"Canadian National Railway","name":null,"maxspeed":null,"service":"spur","gauge":"1435","electrified":"no"},"geometry":{"type":"MultiLineString","coordinates":[[[-80.9172545,46.5400801],[-80.9174288,46.5403218],[-80.9176568,46.5405376],[-80.9178714,46.5406852],[-80.9180067,46.5407871]]]}},
{"type":"Feature","properties":{"full_id":"w583261292","osm_id":"583261292","osm_type":"way","railway":"rail","covered":null,"tunnel":null,"railway:track_ref":null,"abandoned:electrified":null,"Source":null,"layer":null,"bridge":null,"railway:preferred_direction":null,"workrules":null,"railway:traffic_mode":null,"usage":"main","reporting_marks":"CPKC","owner:wikipedia":null,"owner:wikidata":null,"owner":null,"operator:wikipedia":null,"operator:wikidata":"Q117706368","operator:short":null,"operator":"Canadian Pacific Kansas City","name":"Parry Sound Subdivision","maxspeed":"35 mph","service":null,"gauge":"1435","electrified":"no"},"geometry":{"type":"MultiLineString","coordinates":[[[-80.8125753,46.3850426],[-80.81288,46.3841872],[-80.8130335,46.3837536],[-80.8131156,46.383464],[-80.8131899,46.3831258]]]}},
{"type":"Feature","properties":{"full_id":"w588098563","osm_id":"588098563","osm_type":"way","railway":"rail","covered":null,"tunnel":null,"railway:track_ref":null,"abandoned:electrified":null,"Source":null,"layer":null,"bridge":null,"railway:preferred_direction":null,"workrules":null,"railway:traffic_mode":null,"usage":"main","reporting_marks":"CPKC","owner:wikipedia":null,"owner:wikidata":null,"owner":null,"operator:wikipedia":null,"operator:wikidata":"Q117706368","operator:short":null,"operator":"Canadian Pacific Kansas City","name":"Cartier Subdivision","maxspeed":"50 mph","service":null,"gauge":"1435","electrified":"no"},"geometry":{"type":"MultiLineString","coordinates":[[[-81.0847686,46.5407193],[-81.0802813,46.5381558],[-81.0785883,46.5371699],[-81.0783423,46.537016],[-81.0780692,46.5368363],[-81.077829,46.5366641],[-81.0775606,46.5364585],[-81.0773078,46.5362536],[-81.0770781,46.5360424],[-81.076841,46.5358183],[-81.0765905,46.5355775],[-81.0762965,46.5352845],[-81.0738691,46.5328642],[-81.0707971,46.5297787],[-81.070352,46.5293693],[-81.0698475,46.5289508],[-81.0693032,46.5285497],[-81.0690073,46.5283419],[-81.0687379,46.5281657],[-81.0684507,46.5279869],[-81.0681512,46.5278047],[-81.06782,46.5276175],[-81.0674915,46.527445],[-81.0671513,46.5272735],[-81.066801,46.5271115],[-81.0664406,46.5269513],[-81.0660553,46.5267887],[-81.0656448,46.5266275],[-81.0652895,46.5264941],[-81.0648671,46.5263471],[-81.0644985,46.5262292]]]}},
{"type":"Feature","properties":{"full_id":"w588098567","osm_id":"588098567","osm_type":"way","railway":"rail","covered":null,"tunnel":null,"railway:track_ref":null,"abandoned:electrified":null,"Source":null,"layer":null,"bridge":null,"railway:preferred_direction":null,"workrules":null,"railway:traffic_mode":null,"usage":"main","reporting_marks":"CPKC","owner:wikipedia":null,"owner:wikidata":null,"owner":null,"operator:wikipedia":"en:Canadian Pacific Kansas City","operator:wikidata":"Q117706368","operator:short":null,"operator":null,"name":null,"maxspeed":null,"service":"crossover","gauge":"1435","electrified":"no"},"geometry":{"type":"MultiLineString","coordinates":[[[-80.8688062,46.4856251],[-80.8703338,46.4855871]]]}},
{"type":"Feature","properties":{"full_id":"w674745249","osm_id":"674745249","osm_type":"way","railway":"rail","covered":null,"tunnel":null,"railway:track_ref":null,"abandoned:electrified":null,"Source":null,"layer":null,"bridge":null,"railway:preferred_direction":null,"workrules":null,"railway:traffic_mode":null,"usage":null,"reporting_marks":"CN","owner:wikipedia":"en:Canadian National Railway","owner:wikidata":"Q624798","owner":"Canadian National Railway","operator:wikipedia":"en:Canadian National Railway","operator:wikidata":"Q624798","operator:short":"CN","operator":"Canadian National Railway","name":null,"maxspeed":null,"service":"siding","gauge":"1435","electrified":"no"},"geometry":{"type":"MultiLineString","coordinates":[[[-80.7985942,46.3953975],[-80.7985219,46.3956401],[-80.7984618,46.395933],[-80.7983839,46.3965408],[-80.7982176,46.3979711],[-80.7981645,46.3985495],[-80.7981715,46.398962],[-80.7982282,46.3994014],[-80.798306,46.3997797],[-80.7984096,46.4000377],[-80.7985679,46.400391],[-80.798702,46.4006869],[-80.7988924,46.400994]]]}},
{"type":"Feature","properties":{"full_id":"w674920970","osm_id":"674920970","osm_type":"way","railway":"rail","covered":null,"tunnel":null,"railway:track_ref":null,"abandoned:electrified":null,"Source":null,"layer":null,"bridge":null,"railway:preferred_direction":null,"workrules":null,"railway:traffic_mode":null,"usage":null,"reporting_marks":"CN","owner:wikipedia":"en:Canadian National Railway","owner:wikidata":"Q624798","owner":"Canadian National Railway","operator:wikipedia":"en:Canadian National Railway","operator:wikidata":"Q624798","operator:short":"CN","operator":"Canadian National Railway","name":null,"maxspeed":null,"service":"siding","gauge":"1435","electrified":"no"},"geometry":{"type":"MultiLineString","coordinates":[[[-80.9002549,46.5236705],[-80.9004948,46.5238319],[-80.9008699,46.5240486],[-80.9024024,46.5249009],[-80.9031562,46.52531],[-80.9033969,46.5254147],[-80.9035543,46.5254864]]]}},
{"type":"Feature","properties":{"full_id":"w674922377","osm_id":"674922377","osm_type":"way","railway":"rail","covered":null,"tunnel":null,"railway:track_ref":null,"abandoned:electrified":null,"Source":null,"layer":null,"bridge":null,"railway:preferred_direction":null,"workrules":null,"railway:traffic_mode":null,"usage":null,"reporting_marks":null,"owner:wikipedia":null,"owner:wikidata":null,"owner":null,"operator:wikipedia":null,"operator:wikidata":null,"operator:short":null,"operator":null,"name":"Suez Siding","maxspeed":null,"service":"siding","gauge":"1435","electrified":"no"},"geometry":{"type":"MultiLineString","coordinates":[[[-80.9216047,46.6651845],[-80.9214645,46.6655433],[-80.9213884,46.6657476],[-80.9213013,46.6660255],[-80.921254,46.6661825],[-80.9190691,46.6746711],[-80.9177196,46.6800363],[-80.9173253,46.6816554],[-80.9172636,46.6820063],[-80.9172411,46.6823095]]]}},
{"type":"Feature","properties":{"full_id":"w694016816","osm_id":"694016816","osm_type":"way","railway":"rail","covered":null,"tunnel":null,"railway:track_ref":null,"abandoned:electrified":null,"Source":null,"layer":null,"bridge":null,"railway:preferred_direction":null,"workrules":null,"railway:traffic_mode":null,"usage":null,"reporting_marks":null,"owner:wikipedia":null,"owner:wikidata":null,"owner":null,"operator:wikipedia":null,"operator:wikidata":null,"operator:short":null,"operator":"Canadian Pacific Kansas City","name":null,"maxspeed":null,"service":"yard","gauge":"1435","electrified":"no"},"geometry":{"type":"MultiLineString","coordinates":[[[-81.0039837,46.4872854],[-81.0038589,46.4873899],[-81.0037091,46.4874963],[-81.0035561,46.4875823],[-81.0034186,46.4876565],[-81.0030983,46.4878127]]]}},
{"type":"Feature","properties":{"full_id":"w694016817","osm_id":"694016817","osm_type":"way","railway":"rail","covered":null,"tunnel":null,"railway:track_ref":null,"abandoned:electrified":null,"Source":null,"layer":null,"bridge":null,"railway:preferred_direction":null,"workrules":null,"railway:traffic_mode":null,"usage":null,"reporting_marks":null,"owner:wikipedia":null,"owner:wikidata":null,"owner":null,"operator:wikipedia":null,"operator:wikidata":null,"operator:short":null,"operator":"Canadian Pacific Kansas City","name":null,"maxspeed":null,"service":"yard","gauge":"1435","electrified":"no"},"geometry":{"type":"MultiLineString","coordinates":[[[-81.0029521,46.4878622],[-81.0024611,46.4880273],[-81.0022782,46.4880987],[-81.0021654,46.4881494],[-81.0020944,46.4881809]]]}},
{"type":"Feature","properties":{"full_id":"w754358128","osm_id":"754358128","osm_type":"way","railway":"rail","covered":null,"tunnel":null,"railway:track_ref":null,"abandoned:electrified":null,"Source":null,"layer":null,"bridge":null,"railway:preferred_direction":null,"workrules":null,"railway:traffic_mode":null,"usage":null,"reporting_marks":null,"owner:wikipedia":null,"owner:wikidata":null,"owner":null,"operator:wikipedia":null,"operator:wikidata":null,"operator:short":null,"operator":"Canadian Pacific Kansas City","name":null,"maxspeed":null,"service":"crossover","gauge":"1435","electrified":"no"},"geometry":{"type":"MultiLineString","coordinates":[[[-81.4089922,46.6025168],[-81.408308,46.6022875]]]}},
{"type":"Feature","properties":{"full_id":"w784833040","osm_id":"784833040","osm_type":"way","railway":"rail","covered":null,"tunnel":null,"railway:track_ref":null,"abandoned:electrified":null,"Source":null,"layer":null,"bridge":null,"railway:preferred_direction":null,"workrules":null,"railway:traffic_mode":null,"usage":"main","reporting_marks":"CPKC","owner:wikipedia":null,"owner:wikidata":null,"owner":null,"operator:wikipedia":null,"operator:wikidata":"Q117706368","operator:short":null,"operator":"Canadian Pacific Kansas City","name":"Parry Sound Subdivision","maxspeed":"45 mph","service":null,"gauge":"1435","electrified":"no"},"geometry":{"type":"MultiLineString","coordinates":[[[-80.8123092,46.3858044],[-80.8125147,46.3852161],[-80.8125753,46.3850426]]]}},
{"type":"Feature","properties":{"full_id":"w784833041","osm_id":"784833041","osm_type":"way","railway":"rail","covered":null,"tunnel":null,"railway:track_ref":null,"abandoned:electrified":null,"Source":null,"layer":null,"bridge":null,"railway:preferred_direction":null,"workrules":null,"railway:traffic_mode":null,"usage":"main","reporting_marks":"CN","owner:wikipedia":"en:Canadian National Railway","owner:wikidata":"Q624798","owner":"Canadian National Railway","operator:wikipedia":"en:Canadian National Railway","operator:wikidata":"Q624798","operator:short":"CN","operator":"Canadian National Railway","name":"CN Bala Subdivision","maxspeed":"25 mph","service":null,"gauge":"1435","electrified":"no"},"geometry":{"type":"MultiLineString","coordinates":[[[-80.8120202,46.3847829],[-80.81288,46.3841872],[-80.8137716,46.3835785]]]}},
{"type":"Feature","properties":{"full_id":"w784833042","osm_id":"784833042","osm_type":"way","railway":"rail","covered":null,"tunnel":null,"railway:track_ref":null,"abandoned:electrified":null,"Source":null,"layer":null,"bridge":null,"railway:preferred_direction":null,"workrules":null,"railway:traffic_mode":null,"usage":"main","reporting_marks":"CN","owner:wikipedia":"en:Canadian National Railway","owner:wikidata":"Q624798","owner":"Canadian National Railway","operator:wikipedia":"en:Canadian National Railway","operator:wikidata":"Q624798","operator:short":"CN","operator":"Canadian National Railway","name":"CN Bala Subdivision","maxspeed":"40 mph","service":null,"gauge":"1435","electrified":"no"},"geometry":{"type":"MultiLineString","coordinates":[[[-80.8094838,46.3861827],[-80.8099082,46.386003],[-80.8103892,46.3857712],[-80.8108355,46.3855368],[-80.8112454,46.385294],[-80.8116543,46.3850335],[-80.8119514,46.38483],[-80.8120202,46.3847829]]]}},
{"type":"Feature","properties":{"full_id":"w1169516655","osm_id":"1169516655","osm_type":"way","railway":"rail","covered":null,"tunnel":"covered","railway:track_ref":null,"abandoned:electrified":null,"Source":null,"layer":null,"bridge":null,"railway:preferred_direction":null,"workrules":null,"railway:traffic_mode":null,"usage":null,"reporting_marks":"CPKC","owner:wikipedia":null,"owner:wikidata":null,"owner":null,"operator:wikipedia":"en:Canadian Pacific Kansas City","operator:wikidata":"Q117706368","operator:short":null,"operator":null,"name":null,"maxspeed":null,"service":"spur","gauge":"1435","electrified":"no"},"geometry":{"type":"MultiLineString","coordinates":[[[-81.0504221,46.5255913],[-81.0495193,46.5257677]]]}},
{"type":"Feature","properties":{"full_id":"w1169516656","osm_id":"1169516656","osm_type":"way","railway":"rail","covered":null,"tunnel":null,"railway:track_ref":null,"abandoned:electrified":null,"Source":null,"layer":null,"bridge":null,"railway:preferred_direction":null,"workrules":null,"railway:traffic_mode":null,"usage":null,"reporting_marks":"CPKC","owner:wikipedia":null,"owner:wikidata":null,"owner":null,"operator:wikipedia":"en:Canadian Pacific Kansas City","operator:wikidata":"Q117706368","operator:short":null,"operator":null,"name":null,"maxspeed":null,"service":"spur","gauge":"1435","electrified":"no"},"geometry":{"type":"MultiLineString","coordinates":[[[-81.0483116,46.5252314],[-81.0486839,46.5250377],[-81.0488865,46.524968],[-81.049089,46.5249339],[-81.0493226,46.5249296],[-81.0500708,46.5249538]]]}},
{"type":"Feature","properties":{"full_id":"w1169516657","osm_id":"1169516657","osm_type":"way","railway":"rail","covered":null,"tunnel":null,"railway:track_ref":null,"abandoned:electrified":null,"Source":null,"layer":null,"bridge":null,"railway:preferred_direction":null,"workrules":null,"railway:traffic_mode":null,"usage":null,"reporting_marks":"CPKC","owner:wikipedia":null,"owner:wikidata":null,"owner":null,"operator:wikipedia":"en:Canadian Pacific Kansas City","operator:wikidata":"Q117706368","operator:short":null,"operator":null,"name":null,"maxspeed":null,"service":"spur","gauge":"1435","electrified":"no"},"geometry":{"type":"MultiLineString","coordinates":[[[-81.0469481,46.5268194],[-81.0472424,46.5266193],[-81.0474919,46.5264582],[-81.0476431,46.5263806],[-81.0477896,46.5263095],[-81.0479696,46.5262534],[-81.050704,46.5256769]]]}},
{"type":"Feature","properties":{"full_id":"w1169516658","osm_id":"1169516658","osm_type":"way","railway":"rail","covered":null,"tunnel":null,"railway:track_ref":null,"abandoned:electrified":null,"Source":null,"layer":null,"bridge":null,"railway:preferred_direction":null,"workrules":null,"railway:traffic_mode":null,"usage":null,"reporting_marks":"CPKC","owner:wikipedia":null,"owner:wikidata":null,"owner":null,"operator:wikipedia":"en:Canadian Pacific Kansas City","operator:wikidata":"Q117706368","operator:short":null,"operator":null,"name":null,"maxspeed":null,"service":"spur","gauge":"1435","electrified":"no"},"geometry":{"type":"MultiLineString","coordinates":[[[-81.0472424,46.5266193],[-81.0474249,46.5265416],[-81.0475995,46.5264868],[-81.0480346,46.5263782],[-81.0482481,46.5263338],[-81.0497792,46.526015],[-81.0506927,46.5258248]]]}},
{"type":"Feature","properties":{"full_id":"w1169516659","osm_id":"1169516659","osm_type":"way","railway":"rail","covered":null,"tunnel":null,"railway:track_ref":null,"abandoned:electrified":null,"Source":null,"layer":null,"bridge":null,"railway:preferred_direction":null,"workrules":null,"railway:traffic_mode":null,"usage":null,"reporting_marks":"CPKC","owner:wikipedia":null,"owner:wikidata":null,"owner":null,"operator:wikipedia":"en:Canadian Pacific Kansas City","operator:wikidata":"Q117706368","operator:short":null,"operator":null,"name":null,"maxspeed":null,"service":"spur","gauge":"1435","electrified":"no"},"geometry":{"type":"MultiLineString","coordinates":[[[-81.0482481,46.5263338],[-81.0489819,46.5262746],[-81.0505899,46.5262334]]]}},
{"type":"Feature","properties":{"full_id":"w1169516664","osm_id":"1169516664","osm_type":"way","railway":"rail","covered":null,"tunnel":null,"railway:track_ref":null,"abandoned:electrified":"contact_line","Source":null,"layer":null,"bridge":null,"railway:preferred_direction":null,"workrules":null,"railway:traffic_mode":null,"usage":null,"reporting_marks":null,"owner:wikipedia":null,"owner:wikidata":null,"owner":null,"operator:wikipedia":null,"operator:wikidata":null,"operator:short":null,"operator":"Vale","name":null,"maxspeed":null,"service":"spur","gauge":"1435","electrified":"no"},"geometry":{"type":"MultiLineString","coordinates":[[[-81.0824252,46.4591103],[-81.0842474,46.457306],[-81.084392,46.4571918],[-81.0846209,46.4570323],[-81.0848726,46.4568582]]]}},
{"type":"Feature","properties":{"full_id":"w1169516665","osm_id":"1169516665","osm_type":"way","railway":"rail","covered":null,"tunnel":null,"railway:track_ref":null,"abandoned:electrified":"contact_line","Source":null,"layer":null,"bridge":null,"railway:preferred_direction":null,"workrules":null,"railway:traffic_mode":null,"usage":null,"reporting_marks":null,"owner:wikipedia":null,"owner:wikidata":null,"owner":null,"operator:wikipedia":null,"operator:wikidata":null,"operator:short":null,"operator":"Vale","name":null,"maxspeed":null,"service":"spur","gauge":"1435","electrified":"no"},"geometry":{"type":"MultiLineString","coordinates":[[[-81.0823572,46.4590782],[-81.0838152,46.4576291],[-81.0839712,46.4574921],[-81.0842474,46.457306]]]}},
{"type":"Feature","properties":{"full_id":"w1169516666","osm_id":"1169516666","osm_type":"way","railway":"rail","covered":null,"tunnel":"covered","railway:track_ref":null,"abandoned:electrified":"contact_line","Source":null,"layer":null,"bridge":null,"railway:preferred_direction":null,"workrules":null,"railway:traffic_mode":null,"usage":null,"reporting_marks":null,"owner:wikipedia":null,"owner:wikidata":null,"owner":null,"operator:wikipedia":null,"operator:wikidata":null,"operator:short":null,"operator":"Vale","name":null,"maxspeed":null,"service":"spur","gauge":"1435","electrified":"no"},"geometry":{"type":"MultiLineString","coordinates":[[[-81.082216,46.4592206],[-81.0823572,46.4590782]]]}},
{"type":"Feature","properties":{"full_id":"w1169516667","osm_id":"1169516667","osm_type":"way","railway":"rail","covered":null,"tunnel":"covered","railway:track_ref":null,"abandoned:electrified":"contact_line","Source":null,"layer":null,"bridge":null,"railway:preferred_direction":null,"workrules":null,"railway:traffic_mode":null,"usage":null,"reporting_marks":null,"owner:wikipedia":null,"owner:wikidata":null,"owner":null,"operator:wikipedia":null,"operator:wikidata":null,"operator:short":null,"operator":"Vale","name":null,"maxspeed":null,"service":"spur","gauge":"1435","electrified":"no"},"geometry":{"type":"MultiLineString","coordinates":[[[-81.0822817,46.4592516],[-81.0824252,46.4591103]]]}},
{"type":"Feature","properties":{"full_id":"w1177407213","osm_id":"1177407213","osm_type":"way","railway":"rail","covered":null,"tunnel":null,"railway:track_ref":null,"abandoned:electrified":null,"Source":null,"layer":null,"bridge":null,"railway:preferred_direction":null,"workrules":null,"railway:traffic_mode":null,"usage":null,"reporting_marks":"CN","owner:wikipedia":"en:Canadian National Railway","owner:wikidata":"Q624798","owner":"Canadian National Railway","operator:wikipedia":"en:Canadian National Railway","operator:wikidata":"Q624798","operator:short":"CN","operator":"Canadian National Railway","name":null,"maxspeed":null,"service":"spur","gauge":"1435","electrified":"no"},"geometry":{"type":"MultiLineString","coordinates":[[[-80.9131754,46.5395145],[-80.9134995,46.5395148]]]}},
{"type":"Feature","properties":{"full_id":"w1177407214","osm_id":"1177407214","osm_type":"way","railway":"rail","covered":"yes","tunnel":null,"railway:track_ref":null,"abandoned:electrified":null,"Source":null,"layer":null,"bridge":null,"railway:preferred_direction":null,"workrules":null,"railway:traffic_mode":null,"usage":null,"reporting_marks":"CN","owner:wikipedia":"en:Canadian National Railway","owner:wikidata":"Q624798","owner":"Canadian National Railway","operator:wikipedia":"en:Canadian National Railway","operator:wikidata":"Q624798","operator:short":"CN","operator":"Canadian National Railway","name":null,"maxspeed":null,"service":"spur","gauge":"1435","electrified":"no"},"geometry":{"type":"MultiLineString","coordinates":[[[-80.9134995,46.5395148],[-80.9139968,46.5395166]]]}},
{"type":"Feature","properties":{"full_id":"w1222363342","osm_id":"1222363342","osm_type":"way","railway":"rail","covered":null,"tunnel":null,"railway:track_ref":null,"abandoned:electrified":null,"Source":null,"layer":null,"bridge":null,"railway:preferred_direction":null,"workrules":null,"railway:traffic_mode":null,"usage":null,"reporting_marks":null,"owner:wikipedia":null,"owner:wikidata":null,"owner":null,"operator:wikipedia":null,"operator:wikidata":null,"operator:short":null,"operator":null,"name":"OVR Cartier Subdivision","maxspeed":null,"service":"siding","gauge":"1435","electrified":"no"},"geometry":{"type":"MultiLineString","coordinates":[[[-80.7078061,46.5097039],[-80.7070228,46.5099709],[-80.7058377,46.5102811],[-80.7041706,46.5106635],[-80.7030507,46.5109016],[-80.701945,46.5111104],[-80.7016558,46.5111611],[-80.7010814,46.5112572],[-80.7003035,46.5113484],[-80.6993055,46.5114557],[-80.6980524,46.511524],[-80.6970374,46.511565],[-80.6954299,46.5115591],[-80.6930228,46.5114967],[-80.692542112695463,46.511483237814929]]]}},
{"type":"Feature","properties":{"full_id":"w1228777595","osm_id":"1228777595","osm_type":"way","railway":"rail","covered":null,"tunnel":null,"railway:track_ref":null,"abandoned:electrified":null,"Source":null,"layer":null,"bridge":null,"railway:preferred_direction":"backward","workrules":null,"railway:traffic_mode":null,"usage":"main","reporting_marks":"CPKC","owner:wikipedia":null,"owner:wikidata":null,"owner":null,"operator:wikipedia":null,"operator:wikidata":"Q117706368","operator:short":null,"operator":"Canadian Pacific Kansas City","name":"Parry Sound Subdivision","maxspeed":"45 mph","service":null,"gauge":"1435","electrified":"no"},"geometry":{"type":"MultiLineString","coordinates":[[[-80.8075833,46.365309],[-80.8075458,46.3650273],[-80.8074934,46.3647651],[-80.8074059,46.3644732],[-80.8073066,46.364217],[-80.8071587,46.3639336],[-80.8069794,46.3636549],[-80.8067549,46.363351],[-80.8064948,46.3630713],[-80.8062229,46.3628025],[-80.8059359,46.3625646],[-80.8055894,46.3623171],[-80.805426851976748,46.362211877691315]]]}},
{"type":"Feature","properties":{"full_id":"w1228998797","osm_id":"1228998797","osm_type":"way","railway":"rail","covered":null,"tunnel":null,"railway:track_ref":null,"abandoned:electrified":null,"Source":null,"layer":null,"bridge":null,"railway:preferred_direction":"forward","workrules":null,"railway:traffic_mode":null,"usage":"main","reporting_marks":"CN","owner:wikipedia":"en:Canadian National Railway","owner:wikidata":"Q624798","owner":"Canadian National Railway","operator:wikipedia":"en:Canadian National Railway","operator:wikidata":"Q624798","operator:short":"CN","operator":"Canadian National Railway","name":"CN Bala Subdivision","maxspeed":"40 mph","service":null,"gauge":"1435","electrified":"no"},"geometry":{"type":"MultiLineString","coordinates":[[[-80.8206165,46.3749706],[-80.8205453,46.3745398],[-80.8205619,46.3740194],[-80.8208375,46.3723149]]]}},
{"type":"Feature","properties":{"full_id":"w1228999125","osm_id":"1228999125","osm_type":"way","railway":"rail","covered":null,"tunnel":null,"railway:track_ref":null,"abandoned:electrified":null,"Source":null,"layer":null,"bridge":null,"railway:preferred_direction":null,"workrules":null,"railway:traffic_mode":null,"usage":"main","reporting_marks":"CN","owner:wikipedia":"en:Canadian National Railway","owner:wikidata":"Q624798","owner":"Canadian National Railway","operator:wikipedia":"en:Canadian National Railway","operator:wikidata":"Q624798","operator:short":"CN","operator":"Canadian National Railway","name":"CN Bala Subdivision","maxspeed":"40 mph","service":null,"gauge":"1435","electrified":"no"},"geometry":{"type":"MultiLineString","coordinates":[[[-80.8255089,46.4151558],[-80.8255179,46.4149549],[-80.8256086,46.413293],[-80.8255886,46.4129779],[-80.825527,46.4124701]]]}},
{"type":"Feature","properties":{"full_id":"w1228999278","osm_id":"1228999278","osm_type":"way","railway":"rail","covered":null,"tunnel":null,"railway:track_ref":null,"abandoned:electrified":null,"Source":null,"layer":null,"bridge":null,"railway:preferred_direction":null,"workrules":null,"railway:traffic_mode":null,"usage":"main","reporting_marks":"CN","owner:wikipedia":"en:Canadian National Railway","owner:wikidata":"Q624798","owner":"Canadian National Railway","operator:wikipedia":"en:Canadian National Railway","operator:wikidata":"Q624798","operator:short":"CN","operator":"Canadian National Railway","name":"CN Bala Subdivision","maxspeed":"35 mph","service":null,"gauge":"1435","electrified":"no"},"geometry":{"type":"MultiLineString","coordinates":[[[-80.8295903,46.4660076],[-80.8296078,46.4658396],[-80.8296659,46.4656477],[-80.8297446,46.4654202],[-80.8298246,46.4652688],[-80.829896,46.4651494],[-80.8301121,46.4648759],[-80.830371,46.4646542],[-80.830674,46.4644547],[-80.8310241,46.4642653],[-80.8324474,46.463585]]]}},
{"type":"Feature","properties":{"full_id":"w1228999279","osm_id":"1228999279","osm_type":"way","railway":"rail","covered":null,"tunnel":null,"railway:track_ref":null,"abandoned:electrified":null,"Source":null,"layer":null,"bridge":null,"railway:preferred_direction":null,"workrules":null,"railway:traffic_mode":null,"usage":"main","reporting_marks":"CN","owner:wikipedia":"en:Canadian National Railway","owner:wikidata":"Q624798","owner":"Canadian National Railway","operator:wikipedia":"en:Canadian National Railway","operator:wikidata":"Q624798","operator:short":"CN","operator":"Canadian National Railway","name":"CN Bala Subdivision","maxspeed":"35 mph","service":null,"gauge":"1435","electrified":"no"},"geometry":{"type":"MultiLineString","coordinates":[[[-80.8324474,46.463585],[-80.8334856,46.463012],[-80.834241,46.4624246]]]}},
{"type":"Feature","properties":{"full_id":"w1228999840","osm_id":"1228999840","osm_type":"way","railway":"rail","covered":null,"tunnel":null,"railway:track_ref":null,"abandoned:electrified":null,"Source":null,"layer":null,"bridge":null,"railway:preferred_direction":null,"workrules":null,"railway:traffic_mode":null,"usage":"main","reporting_marks":"CN","owner:wikipedia":"en:Canadian National Railway","owner:wikidata":"Q624798","owner":"Canadian National Railway","operator:wikipedia":"en:Canadian National Railway","operator:wikidata":"Q624798","operator:short":"CN","operator":"Canadian National Railway","name":"CN Bala Subdivision","maxspeed":"35 mph","service":null,"gauge":"1435","electrified":"no"},"geometry":{"type":"MultiLineString","coordinates":[[[-80.8318505,46.4855021],[-80.8323967,46.4859094],[-80.8333331,46.4866452]]]}},
{"type":"Feature","properties":{"full_id":"w1228999841","osm_id":"1228999841","osm_type":"way","railway":"rail","covered":null,"tunnel":null,"railway:track_ref":null,"abandoned:electrified":null,"Source":null,"layer":null,"bridge":null,"railway:preferred_direction":null,"workrules":null,"railway:traffic_mode":null,"usage":"main","reporting_marks":"CN","owner:wikipedia":"en:Canadian National Railway","owner:wikidata":"Q624798","owner":"Canadian National Railway","operator:wikipedia":"en:Canadian National Railway","operator:wikidata":"Q624798","operator:short":"CN","operator":"Canadian National Railway","name":"CN Bala Subdivision","maxspeed":"45 mph","service":null,"gauge":"1435","electrified":"no"},"geometry":{"type":"MultiLineString","coordinates":[[[-80.844462,46.514615],[-80.8421998,46.5142679],[-80.8416132,46.5141301],[-80.8411347,46.5139418],[-80.8406831,46.513735],[-80.8402801,46.5134726],[-80.83984,46.5131196],[-80.8394643,46.5126851],[-80.8392996,46.5124437],[-80.83914,46.5121347]]]}},
{"type":"Feature","properties":{"full_id":"w1228999923","osm_id":"1228999923","osm_type":"way","railway":"rail","covered":null,"tunnel":null,"railway:track_ref":null,"abandoned:electrified":null,"Source":null,"layer":null,"bridge":null,"railway:preferred_direction":null,"workrules":null,"railway:traffic_mode":null,"usage":"main","reporting_marks":"CN","owner:wikipedia":"en:Canadian National Railway","owner:wikidata":"Q624798","owner":"Canadian National Railway","operator:wikipedia":"en:Canadian National Railway","operator:wikidata":"Q624798","operator:short":"CN","operator":"Canadian National Railway","name":"CN Bala Subdivision","maxspeed":"45 mph","service":null,"gauge":"1435","electrified":"no"},"geometry":{"type":"MultiLineString","coordinates":[[[-80.8731161,46.5162961],[-80.8692789,46.5168361],[-80.866976,46.517091],[-80.8658731,46.5171923],[-80.8653176,46.5172019],[-80.8647759,46.5172059],[-80.8642323,46.5171937],[-80.8636927,46.5171541],[-80.8631392,46.5171036],[-80.8625503,46.5170234]]]}},
{"type":"Feature","properties":{"full_id":"w1229000037","osm_id":"1229000037","osm_type":"way","railway":"rail","covered":null,"tunnel":null,"railway:track_ref":null,"abandoned:electrified":null,"Source":null,"layer":null,"bridge":null,"railway:preferred_direction":null,"workrules":null,"railway:traffic_mode":null,"usage":"main","reporting_marks":"CN","owner:wikipedia":"en:Canadian National Railway","owner:wikidata":"Q624798","owner":"Canadian National Railway","operator:wikipedia":"en:Canadian National Railway","operator:wikidata":"Q624798","operator:short":"CN","operator":"Canadian National Railway","name":"CN Bala Subdivision","maxspeed":"45 mph","service":null,"gauge":"1435","electrified":"no"},"geometry":{"type":"MultiLineString","coordinates":[[[-80.8862266,46.5164937],[-80.8852213,46.515983],[-80.8848887,46.5158224],[-80.8845507,46.5156729],[-80.8842074,46.5155474],[-80.8838077,46.5154311],[-80.8834215,46.515348],[-80.883046,46.5152816],[-80.8826298,46.5152209],[-80.8822024,46.515189],[-80.8818438,46.51518],[-80.8814871,46.5151934],[-80.8812082,46.5152211],[-80.8805351,46.515306],[-80.8791597,46.5154866],[-80.8753381,46.5159941],[-80.8733491,46.5162644],[-80.8731161,46.5162961]]]}},
{"type":"Feature","properties":{"full_id":"w1229000345","osm_id":"1229000345","osm_type":"way","railway":"rail","covered":null,"tunnel":null,"railway:track_ref":null,"abandoned:electrified":null,"Source":null,"layer":null,"bridge":null,"railway:preferred_direction":null,"workrules":null,"railway:traffic_mode":null,"usage":"main","reporting_marks":"CN","owner:wikipedia":"en:Canadian National Railway","owner:wikidata":"Q624798","owner":"Canadian National Railway","operator:wikipedia":"en:Canadian National Railway","operator:wikidata":"Q624798","operator:short":"CN","operator":"Canadian National Railway","name":"CN Bala Subdivision","maxspeed":"45 mph","service":null,"gauge":"1435","electrified":"no"},"geometry":{"type":"MultiLineString","coordinates":[[[-80.8877521,46.5172964],[-80.8862266,46.5164937]]]}},
{"type":"Feature","properties":{"full_id":"w1229000346","osm_id":"1229000346","osm_type":"way","railway":"rail","covered":null,"tunnel":null,"railway:track_ref":null,"abandoned:electrified":null,"Source":null,"layer":null,"bridge":null,"railway:preferred_direction":null,"workrules":null,"railway:traffic_mode":null,"usage":"main","reporting_marks":"CN","owner:wikipedia":"en:Canadian National Railway","owner:wikidata":"Q624798","owner":"Canadian National Railway","operator:wikipedia":"en:Canadian National Railway","operator:wikidata":"Q624798","operator:short":"CN","operator":"Canadian National Railway","name":"CN Bala Subdivision","maxspeed":"40 mph","service":null,"gauge":"1435","electrified":"no"},"geometry":{"type":"MultiLineString","coordinates":[[[-80.9327023,46.5626581],[-80.932646,46.5619656],[-80.9325926,46.5611725],[-80.9325448,46.5607203],[-80.9324724,46.5603108],[-80.9323728,46.5598881],[-80.9322526,46.5595321],[-80.9321087,46.5591835],[-80.9319824,46.5589033],[-80.9317649,46.5585027],[-80.9315971,46.5582368],[-80.9313768,46.5579105],[-80.9312089,46.5576846],[-80.9309971,46.5574325],[-80.9307216,46.5571449],[-80.9303291,46.5567493],[-80.9285598,46.555081],[-80.9264337,46.5530507]]]}},
{"type":"Feature","properties":{"full_id":"w1229000954","osm_id":"1229000954","osm_type":"way","railway":"rail","covered":null,"tunnel":null,"railway:track_ref":null,"abandoned:electrified":null,"Source":null,"layer":null,"bridge":null,"railway:preferred_direction":null,"workrules":null,"railway:traffic_mode":null,"usage":"main","reporting_marks":"CN","owner:wikipedia":"en:Canadian National Railway","owner:wikidata":"Q624798","owner":"Canadian National Railway","operator:wikipedia":"en:Canadian National Railway","operator:wikidata":"Q624798","operator:short":"CN","operator":"Canadian National Railway","name":"CN Bala Subdivision","maxspeed":"50 mph","service":null,"gauge":"1435","electrified":"no"},"geometry":{"type":"MultiLineString","coordinates":[[[-80.9304314,46.6109535],[-80.9305794,46.6099029],[-80.9307677,46.6085053],[-80.9308618,46.607802],[-80.9309525,46.6072167],[-80.9310388,46.6067505],[-80.9312578,46.6058102],[-80.9315676,46.6045645],[-80.9320506,46.6026624],[-80.9325464,46.6007748]]]}},
{"type":"Feature","properties":{"full_id":"w1229001534","osm_id":"1229001534","osm_type":"way","railway":"rail","covered":null,"tunnel":null,"railway:track_ref":null,"abandoned:electrified":null,"Source":null,"layer":null,"bridge":null,"railway:preferred_direction":null,"workrules":null,"railway:traffic_mode":null,"usage":"main","reporting_marks":"CN;VIA","owner:wikipedia":null,"owner:wikidata":null,"owner":"Canadian National Railway","operator:wikipedia":null,"operator:wikidata":null,"operator:short":null,"operator":"Canadian National Railway;VIA Rail","name":"CN Bala Subdivision","maxspeed":"25 mph","service":null,"gauge":"1435","electrified":"no"},"geometry":{"type":"MultiLineString","coordinates":[[[-80.9296359,46.7110743],[-80.9264628,46.710572],[-80.9252693,46.7104077],[-80.9247435,46.710294],[-80.9242766,46.7101206],[-80.9239137,46.7098812],[-80.9237055,46.7097072],[-80.9235663,46.7095445],[-80.9234177,46.7093166],[-80.9233061,46.7090213],[-80.9232736,46.7088167],[-80.9232776,46.7086193],[-80.9233711,46.7082849],[-80.9236432,46.7076919],[-80.9238964,46.7072156],[-80.9242258,46.706399],[-80.9249968,46.7047328],[-80.9250798,46.7045356],[-80.9251379,46.7043273],[-80.9252107,46.7040162],[-80.9252959,46.7032594],[-80.9253045,46.7027224],[-80.9252704,46.7021108],[-80.9252341,46.7009184]]]}},
{"type":"Feature","properties":{"full_id":"w1229001535","osm_id":"1229001535","osm_type":"way","railway":"rail","covered":null,"tunnel":null,"railway:track_ref":null,"abandoned:electrified":null,"Source":null,"layer":null,"bridge":null,"railway:preferred_direction":null,"workrules":null,"railway:traffic_mode":null,"usage":"main","reporting_marks":"CN;VIA","owner:wikipedia":null,"owner:wikidata":null,"owner":"Canadian National Railway","operator:wikipedia":null,"operator:wikidata":null,"operator:short":null,"operator":"Canadian National Railway;VIA Rail","name":"CN Bala Subdivision","maxspeed":"45 mph","service":null,"gauge":"1435","electrified":"no"},"geometry":{"type":"MultiLineString","coordinates":[[[-80.9213656,46.695053],[-80.9205217,46.6932737],[-80.9193547,46.6908941],[-80.9187179,46.689441],[-80.9175664,46.687154],[-80.9167808,46.6854084],[-80.9167116,46.6849745],[-80.9166711,46.6845719],[-80.9166952,46.6841872],[-80.916886,46.6838155],[-80.9169631,46.6834886],[-80.9172411,46.6823095],[-80.9174967,46.6812254]]]}},
{"type":"Feature","properties":{"full_id":"w1229001717","osm_id":"1229001717","osm_type":"way","railway":"rail","covered":null,"tunnel":null,"railway:track_ref":null,"abandoned:electrified":null,"Source":null,"layer":null,"bridge":null,"railway:preferred_direction":null,"workrules":null,"railway:traffic_mode":null,"usage":"main","reporting_marks":"CN;VIA","owner:wikipedia":null,"owner:wikidata":null,"owner":"Canadian National Railway","operator:wikipedia":null,"operator:wikidata":null,"operator:short":null,"operator":"Canadian National Railway;VIA Rail","name":"CN Bala Subdivision","maxspeed":"40 mph","service":null,"gauge":"1435","electrified":"no"},"geometry":{"type":"MultiLineString","coordinates":[[[-80.9248583,46.6993505],[-80.9246693,46.6990068],[-80.92439,46.6985647],[-80.9233396,46.6973723],[-80.9220892,46.6960051],[-80.9215626,46.6953577],[-80.9213656,46.695053]]]}},
{"type":"Feature","properties":{"full_id":"w1229001718","osm_id":"1229001718","osm_type":"way","railway":"rail","covered":null,"tunnel":null,"railway:track_ref":null,"abandoned:electrified":null,"Source":null,"layer":null,"bridge":null,"railway:preferred_direction":null,"workrules":null,"railway:traffic_mode":null,"usage":"main","reporting_marks":"CN;VIA","owner:wikipedia":null,"owner:wikidata":null,"owner":"Canadian National Railway","operator:wikipedia":null,"operator:wikidata":null,"operator:short":null,"operator":"Canadian National Railway;VIA Rail","name":"CN Bala Subdivision","maxspeed":"40 mph","service":null,"gauge":"1435","electrified":"no"},"geometry":{"type":"MultiLineString","coordinates":[[[-80.9252341,46.7009184],[-80.9251565,46.7001472],[-80.925012,46.6997137],[-80.9248583,46.6993505]]]}},
{"type":"Feature","properties":{"full_id":"w1231569695","osm_id":"1231569695","osm_type":"way","railway":"rail","covered":null,"tunnel":null,"railway:track_ref":null,"abandoned:electrified":null,"Source":null,"layer":null,"bridge":null,"railway:preferred_direction":null,"workrules":"CA-CROR","railway:traffic_mode":"mixed","usage":"main","reporting_marks":"CN;VIA","owner:wikipedia":null,"owner:wikidata":null,"owner":"Canadian National Railway","operator:wikipedia":null,"operator:wikidata":null,"operator:short":null,"operator":"Canadian National Railway;VIA Rail","name":"Ruel Subdivision","maxspeed":"25 mph","service":null,"gauge":"1435","electrified":"no"},"geometry":{"type":"MultiLineString","coordinates":[[[-80.9515075,46.7196628],[-80.9516836,46.7191245],[-80.9517887,46.718741],[-80.9520021,46.7177849],[-80.952147,46.7171321],[-80.9521552,46.7168015],[-80.9521079,46.7164147],[-80.952029,46.7161672],[-80.9519319,46.7159428],[-80.9517353,46.7156243],[-80.9513978,46.7152615],[-80.9511302,46.7150411],[-80.9506595,46.7147823]]]}},
{"type":"Feature","properties":{"full_id":"w1231569696","osm_id":"1231569696","osm_type":"way","railway":"rail","covered":null,"tunnel":null,"railway:track_ref":null,"abandoned:electrified":null,"Source":null,"layer":null,"bridge":null,"railway:preferred_direction":null,"workrules":null,"railway:traffic_mode":null,"usage":null,"reporting_marks":null,"owner:wikipedia":null,"owner:wikidata":null,"owner":null,"operator:wikipedia":null,"operator:wikidata":null,"operator:short":null,"operator":null,"name":null,"maxspeed":null,"service":"yard","gauge":"1435","electrified":"no"},"geometry":{"type":"MultiLineString","coordinates":[[[-80.9516726,46.7186597],[-80.9516217,46.7188627],[-80.9515333,46.719215],[-80.9514865,46.7194019],[-80.9514649,46.7194881],[-80.9513831,46.7198418],[-80.9512897,46.7202458]]]}},
{"type":"Feature","properties":{"full_id":"w1231569697","osm_id":"1231569697","osm_type":"way","railway":"rail","covered":null,"tunnel":null,"railway:track_ref":null,"abandoned:electrified":null,"Source":null,"layer":null,"bridge":null,"railway:preferred_direction":null,"workrules":null,"railway:traffic_mode":null,"usage":null,"reporting_marks":null,"owner:wikipedia":null,"owner:wikidata":null,"owner":null,"operator:wikipedia":null,"operator:wikidata":null,"operator:short":null,"operator":null,"name":null,"maxspeed":null,"service":"yard","gauge":"1435","electrified":"no"},"geometry":{"type":"MultiLineString","coordinates":[[[-80.9506969,46.7412148],[-80.9505098,46.7407032],[-80.9503626,46.740004],[-80.9501852,46.7392615],[-80.9500848,46.7385029],[-80.9500404,46.7380805],[-80.9500264,46.7373172],[-80.9500264,46.7365362],[-80.9501105,46.7359153],[-80.9502412,46.7352095],[-80.9504981,46.7340893],[-80.950874,46.7327802],[-80.9511122,46.7318759],[-80.9512383,46.7314454],[-80.9513037,46.7310581],[-80.951334,46.7305828],[-80.9513457,46.7303251],[-80.9513223,46.7299906],[-80.9512616,46.7296305],[-80.9511752,46.7292608],[-80.950895,46.7283725],[-80.9505214,46.7271464],[-80.9503463,46.7265254],[-80.9502576,46.7262261],[-80.9502342,46.7257971],[-80.9501875,46.725373],[-80.9502039,46.7249312],[-80.9502506,46.7244942],[-80.950351,46.723966],[-80.9505553,46.7231133],[-80.9507193,46.7223799],[-80.9512897,46.7202458],[-80.9511068,46.7212986]]]}},
{"type":"Feature","properties":{"full_id":"w1231569698","osm_id":"1231569698","osm_type":"way","railway":"rail","covered":null,"tunnel":null,"railway:track_ref":null,"abandoned:electrified":null,"Source":null,"layer":null,"bridge":null,"railway:preferred_direction":null,"workrules":null,"railway:traffic_mode":null,"usage":null,"reporting_marks":null,"owner:wikipedia":null,"owner:wikidata":null,"owner":null,"operator:wikipedia":null,"operator:wikidata":null,"operator:short":null,"operator":null,"name":null,"maxspeed":null,"service":"yard","gauge":"1435","electrified":"no"},"geometry":{"type":"MultiLineString","coordinates":[[[-80.9514649,46.7194881],[-80.9515075,46.7196628]]]}},
{"type":"Feature","properties":{"full_id":"w1232295721","osm_id":"1232295721","osm_type":"way","railway":"rail","covered":null,"tunnel":null,"railway:track_ref":null,"abandoned:electrified":null,"Source":null,"layer":null,"bridge":null,"railway:preferred_direction":null,"workrules":"CA-CROR","railway:traffic_mode":"mixed","usage":"main","reporting_marks":"CN;VIA","owner:wikipedia":null,"owner:wikidata":null,"owner":"Canadian National Railway","operator:wikipedia":null,"operator:wikidata":null,"operator:short":null,"operator":"Canadian National Railway;VIA Rail","name":"Ruel Subdivision","maxspeed":"25 mph","service":null,"gauge":"1435","electrified":"no"},"geometry":{"type":"MultiLineString","coordinates":[[[-80.9508692,46.7221925],[-80.9510546,46.7214782],[-80.9511068,46.7212986],[-80.9513903,46.7201953],[-80.9515075,46.7196628]]]}},
{"type":"Feature","properties":{"full_id":"w1232295722","osm_id":"1232295722","osm_type":"way","railway":"rail","covered":null,"tunnel":null,"railway:track_ref":null,"abandoned:electrified":null,"Source":null,"layer":null,"bridge":null,"railway:preferred_direction":null,"workrules":"CA-CROR","railway:traffic_mode":"mixed","usage":"main","reporting_marks":"CN;VIA","owner:wikipedia":null,"owner:wikidata":null,"owner":"Canadian National Railway","operator:wikipedia":null,"operator:wikidata":null,"operator:short":null,"operator":"Canadian National Railway;VIA Rail","name":"Ruel Subdivision","maxspeed":"50 mph","service":null,"gauge":"1435","electrified":"no"},"geometry":{"type":"MultiLineString","coordinates":[[[-80.9498248,46.7883022],[-80.9498987,46.787565],[-80.9500208,46.7865967],[-80.9501645,46.7853492],[-80.9503524,46.7840244],[-80.9503976,46.783323]]]}},
{"type":"Feature","properties":{"full_id":"w1232295723","osm_id":"1232295723","osm_type":"way","railway":"rail","covered":null,"tunnel":null,"railway:track_ref":null,"abandoned:electrified":null,"Source":null,"layer":null,"bridge":null,"railway:preferred_direction":null,"workrules":"CA-CROR","railway:traffic_mode":"mixed","usage":"main","reporting_marks":"CN;VIA","owner:wikipedia":null,"owner:wikidata":null,"owner":"Canadian National Railway","operator:wikipedia":null,"operator:wikidata":null,"operator:short":null,"operator":"Canadian National Railway;VIA Rail","name":"Ruel Subdivision","maxspeed":"45 mph","service":null,"gauge":"1435","electrified":"no"},"geometry":{"type":"MultiLineString","coordinates":[[[-80.951343,46.7808011],[-80.9514226,46.7805457],[-80.951498,46.7803041],[-80.9515334,46.7799844],[-80.9515535,46.7797416],[-80.9515121,46.7794078],[-80.9514396,46.7790495],[-80.9512674,46.7785745],[-80.9511312,46.7783394],[-80.9508918,46.778021],[-80.9504598,46.7775415],[-80.9500631,46.7770982],[-80.9498322,46.7768178],[-80.9496065,46.7765226],[-80.9494288,46.7762275],[-80.9493026,46.7759656],[-80.9491918,46.775693],[-80.9490814,46.7753047],[-80.949023,46.7749001],[-80.9490321,46.7743471]]]}},
{"type":"Feature","properties":{"full_id":"w1232295724","osm_id":"1232295724","osm_type":"way","railway":"rail","covered":null,"tunnel":null,"railway:track_ref":null,"abandoned:electrified":null,"Source":null,"layer":null,"bridge":null,"railway:preferred_direction":null,"workrules":"CA-CROR","railway:traffic_mode":"mixed","usage":"main","reporting_marks":"CN;VIA","owner:wikipedia":null,"owner:wikidata":null,"owner":"Canadian National Railway","operator:wikipedia":null,"operator:wikidata":null,"operator:short":null,"operator":"Canadian National Railway;VIA Rail","name":"Ruel Subdivision","maxspeed":"45 mph","service":null,"gauge":"1435","electrified":"no"},"geometry":{"type":"MultiLineString","coordinates":[[[-80.9503976,46.783323],[-80.9504708,46.7827733],[-80.9505738,46.7824035],[-80.9506686,46.7821185],[-80.9510644,46.7814127],[-80.951343,46.7808011]]]}},
{"type":"Feature","properties":{"full_id":"w1232295822","osm_id":"1232295822","osm_type":"way","railway":"rail","covered":null,"tunnel":null,"railway:track_ref":null,"abandoned:electrified":null,"Source":null,"layer":null,"bridge":null,"railway:preferred_direction":null,"workrules":"CA-CROR","railway:traffic_mode":"mixed","usage":"main","reporting_marks":"CN;VIA","owner:wikipedia":null,"owner:wikidata":null,"owner":"Canadian National Railway","operator:wikipedia":null,"operator:wikidata":null,"operator:short":null,"operator":"Canadian National Railway;VIA Rail","name":"Ruel Subdivision","maxspeed":"50 mph","service":null,"gauge":"1435","electrified":"no"},"geometry":{"type":"MultiLineString","coordinates":[[[-80.9592513,46.8177212],[-80.9589341,46.816675]]]}},
{"type":"Feature","properties":{"full_id":"w1232295979","osm_id":"1232295979","osm_type":"way","railway":"rail","covered":null,"tunnel":null,"railway:track_ref":null,"abandoned:electrified":null,"Source":null,"layer":null,"bridge":null,"railway:preferred_direction":null,"workrules":"CA-CROR","railway:traffic_mode":"mixed","usage":"main","reporting_marks":"CN;VIA","owner:wikipedia":null,"owner:wikidata":null,"owner":"Canadian National Railway","operator:wikipedia":null,"operator:wikidata":null,"operator:short":null,"operator":"Canadian National Railway;VIA Rail","name":"Ruel Subdivision","maxspeed":"45 mph","service":null,"gauge":"1435","electrified":"no"},"geometry":{"type":"MultiLineString","coordinates":[[[-80.9695745,46.8401328],[-80.9677877,46.8391434],[-80.9672195,46.838812],[-80.9668617,46.8386107],[-80.9664336,46.838344],[-80.9661369,46.8381316],[-80.9657726,46.837846],[-80.9654419,46.8375684],[-80.9650863,46.8372509],[-80.9648244,46.8370017],[-80.964657,46.8367983],[-80.9644214,46.8365175],[-80.9641292,46.8361142],[-80.9637549,46.8355069],[-80.9634838,46.8348952],[-80.9632945,46.8343062],[-80.9631758,46.8338158],[-80.9630485,46.8332818],[-80.9628664,46.8324525],[-80.9627147,46.8319494],[-80.9625697,46.8314345]]]}},
{"type":"Feature","properties":{"full_id":"w1232296161","osm_id":"1232296161","osm_type":"way","railway":"rail","covered":null,"tunnel":null,"railway:track_ref":null,"abandoned:electrified":null,"Source":null,"layer":null,"bridge":null,"railway:preferred_direction":null,"workrules":"CA-CROR","railway:traffic_mode":"mixed","usage":"main","reporting_marks":"CN;VIA","owner:wikipedia":null,"owner:wikidata":null,"owner":"Canadian National Railway","operator:wikipedia":null,"operator:wikidata":null,"operator:short":null,"operator":"Canadian National Railway;VIA Rail","name":"Ruel Subdivision","maxspeed":"40 mph","service":null,"gauge":"1435","electrified":"no"},"geometry":{"type":"MultiLineString","coordinates":[[[-80.9904229,46.8867637],[-80.9905169,46.8860638],[-80.9906011,46.8853839],[-80.9906546,46.8849275],[-80.9906903,46.8845863],[-80.9907083,46.884091],[-80.990667,46.8836037],[-80.9906365,46.8833298],[-80.9906466,46.8829468],[-80.9908594,46.8822506],[-80.9911585,46.8814753],[-80.9912159,46.8812609],[-80.9912574,46.8809908],[-80.9911841,46.880434],[-80.9910146,46.8798318],[-80.990916,46.8794844],[-80.9908412,46.8791317],[-80.9908271,46.8787508],[-80.990903,46.8783309],[-80.9910863,46.8779286],[-80.9913131,46.8776254],[-80.9917052,46.8772438],[-80.9924127,46.8767847],[-80.9930809,46.8764978]]]}},
{"type":"Feature","properties":{"full_id":"w1232296162","osm_id":"1232296162","osm_type":"way","railway":"rail","covered":null,"tunnel":null,"railway:track_ref":null,"abandoned:electrified":null,"Source":null,"layer":null,"bridge":null,"railway:preferred_direction":null,"workrules":"CA-CROR","railway:traffic_mode":"mixed","usage":"main","reporting_marks":"CN;VIA","owner:wikipedia":null,"owner:wikidata":null,"owner":"Canadian National Railway","operator:wikipedia":null,"operator:wikidata":null,"operator:short":null,"operator":"Canadian National Railway;VIA Rail","name":"Ruel Subdivision","maxspeed":"35 mph","service":null,"gauge":"1435","electrified":"no"},"geometry":{"type":"MultiLineString","coordinates":[[[-80.990347496038382,46.887153640341879],[-80.9904229,46.8867637]]]}},
{"type":"Feature","properties":{"full_id":"w1236191306","osm_id":"1236191306","osm_type":"way","railway":"rail","covered":null,"tunnel":null,"railway:track_ref":null,"abandoned:electrified":null,"Source":null,"layer":null,"bridge":"yes","railway:preferred_direction":null,"workrules":null,"railway:traffic_mode":null,"usage":"main","reporting_marks":"CN","owner:wikipedia":"en:Canadian National Railway","owner:wikidata":"Q624798","owner":"Canadian National Railway","operator:wikipedia":"en:Canadian National Railway","operator:wikidata":"Q624798","operator:short":"CN","operator":"Canadian National Railway","name":"CN Bala Subdivision","maxspeed":"45 mph","service":null,"gauge":"1435","electrified":"no"},"geometry":{"type":"MultiLineString","coordinates":[[[-80.8418559,46.4933658],[-80.8416551,46.4931787]]]}},
{"type":"Feature","properties":{"full_id":"w1236191310","osm_id":"1236191310","osm_type":"way","railway":"rail","covered":null,"tunnel":null,"railway:track_ref":null,"abandoned:electrified":null,"Source":null,"layer":null,"bridge":null,"railway:preferred_direction":null,"workrules":null,"railway:traffic_mode":null,"usage":"main","reporting_marks":"CN","owner:wikipedia":"en:Canadian National Railway","owner:wikidata":"Q624798","owner":"Canadian National Railway","operator:wikipedia":"en:Canadian National Railway","operator:wikidata":"Q624798","operator:short":"CN","operator":"Canadian National Railway","name":"CN Bala Subdivision","maxspeed":"45 mph","service":null,"gauge":"1435","electrified":"no"},"geometry":{"type":"MultiLineString","coordinates":[[[-80.8416551,46.4931787],[-80.8415288,46.4930609],[-80.8391866,46.4911999]]]}},
{"type":"Feature","properties":{"full_id":"w1237358516","osm_id":"1237358516","osm_type":"way","railway":"rail","covered":null,"tunnel":null,"railway:track_ref":null,"abandoned:electrified":null,"Source":null,"layer":null,"bridge":null,"railway:preferred_direction":null,"workrules":null,"railway:traffic_mode":null,"usage":"branch","reporting_marks":"HCRY","owner:wikipedia":null,"owner:wikidata":null,"owner":null,"operator:wikipedia":null,"operator:wikidata":null,"operator:short":null,"operator":"Huron Central Railway","name":"Webbwood Subdivision","maxspeed":null,"service":null,"gauge":"1435","electrified":"no"},"geometry":{"type":"MultiLineString","coordinates":[[[-81.566996674115316,46.338949700002928],[-81.5668773,46.3389768],[-81.5664267,46.339062],[-81.5654504,46.3392064],[-81.5649622,46.3392768],[-81.5646403,46.3393471],[-81.5642541,46.3394508],[-81.5638464,46.339573],[-81.5635031,46.339699],[-81.5632241,46.3398212],[-81.5628862,46.3399952],[-81.5626233,46.3401397],[-81.5623926,46.3402878],[-81.5621566,46.3404915],[-81.5616363,46.3409396],[-81.5607428,46.3417377],[-81.5592169,46.3430653],[-81.5585624,46.343606],[-81.5567785,46.3449225],[-81.5553545,46.3459612],[-81.55492,46.3462797],[-81.5542816,46.3466574],[-81.5537559,46.3469499],[-81.5531551,46.3472425],[-81.5520876,46.3476868],[-81.5502851,46.3484533],[-81.5481286,46.3493605],[-81.5462726,46.3501566],[-81.5457737,46.3503788],[-81.5454894,46.3504862],[-81.5452748,46.3505602],[-81.5449529,46.3506639],[-81.5433865,46.3510638],[-81.5405916,46.3517488],[-81.5386604,46.352219],[-81.5381669,46.3523523],[-81.5377968,46.3524708],[-81.5374695,46.3525967],[-81.5371691,46.3527337],[-81.5368902,46.3528744],[-81.536622,46.3530151],[-81.5363967,46.3531669],[-81.5361499,46.3533446],[-81.5359246,46.3535372],[-81.5357315,46.3537075],[-81.5355545,46.3538741],[-81.5354096,46.3540518],[-81.535238,46.354274],[-81.5351307,46.3544443],[-81.5349268,46.3548108],[-81.5348463,46.3549737],[-81.534782,46.3551329],[-81.5347176,46.3553477],[-81.534664,46.3555402],[-81.534562,46.3560623],[-81.5344494,46.3566361],[-81.534385,46.3568694],[-81.5343045,46.3570989],[-81.5342026,46.3573136],[-81.5340792,46.3575284],[-81.5339398,46.3577209]]]}},
{"type":"Feature","properties":{"full_id":"w1263321990","osm_id":"1263321990","osm_type":"way","railway":"rail","covered":null,"tunnel":null,"railway:track_ref":null,"abandoned:electrified":null,"Source":null,"layer":null,"bridge":null,"railway:preferred_direction":null,"workrules":null,"railway:traffic_mode":null,"usage":null,"reporting_marks":null,"owner:wikipedia":null,"owner:wikidata":null,"owner":null,"operator:wikipedia":null,"operator:wikidata":null,"operator:short":null,"operator":null,"name":null,"maxspeed":null,"service":"spur","gauge":"1435","electrified":"no"},"geometry":{"type":"MultiLineString","coordinates":[[[-80.9033964,46.5205914],[-80.9036903,46.5205303],[-80.9038474,46.5205026],[-80.9039159,46.5204906],[-80.9041251,46.5204672],[-80.9047442,46.520413],[-80.9052469,46.52038]]]}},
{"type":"Feature","properties":{"full_id":"w1263321991","osm_id":"1263321991","osm_type":"way","railway":"rail","covered":null,"tunnel":null,"railway:track_ref":null,"abandoned:electrified":null,"Source":null,"layer":null,"bridge":null,"railway:preferred_direction":null,"workrules":null,"railway:traffic_mode":null,"usage":null,"reporting_marks":null,"owner:wikipedia":null,"owner:wikidata":null,"owner":null,"operator:wikipedia":null,"operator:wikidata":null,"operator:short":null,"operator":null,"name":null,"maxspeed":null,"service":"spur","gauge":"1435","electrified":"no"},"geometry":{"type":"MultiLineString","coordinates":[[[-80.9036471,46.5204767],[-80.9038775,46.5203973],[-80.9040552,46.5203457],[-80.9041839,46.5203193],[-80.9044611,46.5202887]]]}},
{"type":"Feature","properties":{"full_id":"w1263321992","osm_id":"1263321992","osm_type":"way","railway":"rail","covered":null,"tunnel":null,"railway:track_ref":null,"abandoned:electrified":null,"Source":null,"layer":null,"bridge":null,"railway:preferred_direction":null,"workrules":null,"railway:traffic_mode":null,"usage":null,"reporting_marks":null,"owner:wikipedia":null,"owner:wikidata":null,"owner":null,"operator:wikipedia":null,"operator:wikidata":null,"operator:short":null,"operator":null,"name":null,"maxspeed":null,"service":"spur","gauge":"1435","electrified":"no"},"geometry":{"type":"MultiLineString","coordinates":[[[-80.9037437,46.5204117],[-80.903902,46.5203309],[-80.9040552,46.5202687],[-80.9042176,46.5202286],[-80.904432,46.5202023]]]}},
{"type":"Feature","properties":{"full_id":"w1263321994","osm_id":"1263321994","osm_type":"way","railway":"rail","covered":"yes","tunnel":null,"railway:track_ref":null,"abandoned:electrified":null,"Source":null,"layer":null,"bridge":null,"railway:preferred_direction":null,"workrules":null,"railway:traffic_mode":null,"usage":null,"reporting_marks":null,"owner:wikipedia":null,"owner:wikidata":null,"owner":null,"operator:wikipedia":null,"operator:wikidata":null,"operator:short":null,"operator":null,"name":null,"maxspeed":null,"service":"spur","gauge":"1435","electrified":"no"},"geometry":{"type":"MultiLineString","coordinates":[[[-80.9042593,46.519557],[-80.9042626,46.5191078]]]}},
{"type":"Feature","properties":{"full_id":"w1263321995","osm_id":"1263321995","osm_type":"way","railway":"rail","covered":null,"tunnel":null,"railway:track_ref":null,"abandoned:electrified":null,"Source":null,"layer":null,"bridge":null,"railway:preferred_direction":null,"workrules":null,"railway:traffic_mode":null,"usage":null,"reporting_marks":null,"owner:wikipedia":null,"owner:wikidata":null,"owner":null,"operator:wikipedia":null,"operator:wikidata":null,"operator:short":null,"operator":null,"name":null,"maxspeed":null,"service":"spur","gauge":"1435","electrified":"no"},"geometry":{"type":"MultiLineString","coordinates":[[[-80.9038474,46.5205026],[-80.9040862,46.520441],[-80.9043431,46.5203936],[-80.9047336,46.5203571],[-80.9052435,46.5203258]]]}},
{"type":"Feature","properties":{"full_id":"w1263328937","osm_id":"1263328937","osm_type":"way","railway":"rail","covered":null,"tunnel":null,"railway:track_ref":null,"abandoned:electrified":null,"Source":null,"layer":null,"bridge":null,"railway:preferred_direction":null,"workrules":null,"railway:traffic_mode":null,"usage":null,"reporting_marks":"CPKC","owner:wikipedia":null,"owner:wikidata":null,"owner":null,"operator:wikipedia":"en:Canadian Pacific Kansas City","operator:wikidata":"Q117706368","operator:short":null,"operator":"Canadian Pacific Kansas City","name":null,"maxspeed":null,"service":"siding","gauge":"1435","electrified":"no"},"geometry":{"type":"MultiLineString","coordinates":[[[-81.1879273,46.5828701],[-81.1875481,46.582755],[-81.1872005,46.5826402],[-81.1860736,46.5822258],[-81.1852645,46.5819182]]]}},
{"type":"Feature","properties":{"full_id":"w1282060287","osm_id":"1282060287","osm_type":"way","railway":"rail","covered":null,"tunnel":null,"railway:track_ref":null,"abandoned:electrified":null,"Source":null,"layer":null,"bridge":null,"railway:preferred_direction":null,"workrules":null,"railway:traffic_mode":null,"usage":"branch","reporting_marks":null,"owner:wikipedia":null,"owner:wikidata":null,"owner":null,"operator:wikipedia":null,"operator:wikidata":"Q117706368","operator:short":null,"operator":"Canadian Pacific Kansas City","name":"CPKC Cartier Subdivision","maxspeed":"40 mph","service":null,"gauge":"1435","electrified":"no"},"geometry":{"type":"MultiLineString","coordinates":[[[-80.8097764,46.4927129],[-80.8090457,46.493172]]]}},
{"type":"Feature","properties":{"full_id":"w1282060288","osm_id":"1282060288","osm_type":"way","railway":"rail","covered":null,"tunnel":null,"railway:track_ref":null,"abandoned:electrified":null,"Source":null,"layer":null,"bridge":null,"railway:preferred_direction":null,"workrules":null,"railway:traffic_mode":null,"usage":"branch","reporting_marks":null,"owner:wikipedia":null,"owner:wikidata":null,"owner":null,"operator:wikipedia":null,"operator:wikidata":"Q117706368","operator:short":null,"operator":"Canadian Pacific Kansas City","name":"Cartier Subdivision","maxspeed":"40 mph","service":null,"gauge":"1435","electrified":"no"},"geometry":{"type":"MultiLineString","coordinates":[[[-80.8304448,46.485472],[-80.8298592,46.485348],[-80.8294496,46.4852743],[-80.8290805,46.4852165],[-80.8286306,46.4851611],[-80.8281817,46.485131],[-80.8277327,46.4851133],[-80.825885,46.4850869],[-80.8249281,46.4850777],[-80.8244683,46.4850788],[-80.8240236,46.4850955],[-80.8235804,46.4851294]]]}},
{"type":"Feature","properties":{"full_id":"w1282060289","osm_id":"1282060289","osm_type":"way","railway":"rail","covered":null,"tunnel":null,"railway:track_ref":null,"abandoned:electrified":null,"Source":null,"layer":null,"bridge":null,"railway:preferred_direction":null,"workrules":null,"railway:traffic_mode":null,"usage":"branch","reporting_marks":null,"owner:wikipedia":null,"owner:wikidata":null,"owner":null,"operator:wikipedia":null,"operator:wikidata":"Q117706368","operator:short":null,"operator":"Canadian Pacific Kansas City","name":"Cartier Subdivision","maxspeed":"40 mph","service":null,"gauge":"1435","electrified":"no"},"geometry":{"type":"MultiLineString","coordinates":[[[-80.8375833,46.4865906],[-80.8371882,46.486605],[-80.836324,46.4866084],[-80.8353542,46.4865393],[-80.8348923,46.486478],[-80.8347141,46.4864421]]]}},
{"type":"Feature","properties":{"full_id":"w1282060290","osm_id":"1282060290","osm_type":"way","railway":"rail","covered":null,"tunnel":null,"railway:track_ref":null,"abandoned:electrified":null,"Source":null,"layer":null,"bridge":null,"railway:preferred_direction":null,"workrules":null,"railway:traffic_mode":null,"usage":"main","reporting_marks":"CPKC","owner:wikipedia":null,"owner:wikidata":null,"owner":null,"operator:wikipedia":null,"operator:wikidata":"Q117706368","operator:short":null,"operator":"Canadian Pacific Kansas City","name":"Parry Sound Subdivision","maxspeed":"45 mph","service":null,"gauge":"1435","electrified":"no"},"geometry":{"type":"MultiLineString","coordinates":[[[-80.8674244,46.4857265],[-80.8685972,46.4856404],[-80.8688062,46.4856251]]]}},
{"type":"Feature","properties":{"full_id":"w1282060291","osm_id":"1282060291","osm_type":"way","railway":"rail","covered":null,"tunnel":null,"railway:track_ref":null,"abandoned:electrified":null,"Source":null,"layer":null,"bridge":null,"railway:preferred_direction":null,"workrules":null,"railway:traffic_mode":null,"usage":"branch","reporting_marks":"CPKC","owner:wikipedia":null,"owner:wikidata":null,"owner":null,"operator:wikipedia":"en:Canadian Pacific Kansas City","operator:wikidata":"Q117706368","operator:short":null,"operator":"Canadian Pacific Kansas City","name":"Cartier Subdivision","maxspeed":"45 mph","service":null,"gauge":"1435","electrified":"no"},"geometry":{"type":"MultiLineString","coordinates":[[[-80.8677531,46.4857766],[-80.8685905,46.4857151],[-80.8703338,46.4855871]]]}},
{"type":"Feature","properties":{"full_id":"w1282067518","osm_id":"1282067518","osm_type":"way","railway":"rail","covered":null,"tunnel":null,"railway:track_ref":null,"abandoned:electrified":null,"Source":null,"layer":null,"bridge":null,"railway:preferred_direction":null,"workrules":null,"railway:traffic_mode":null,"usage":"main","reporting_marks":"CPKC","owner:wikipedia":null,"owner:wikidata":null,"owner":null,"operator:wikipedia":null,"operator:wikidata":"Q117706368","operator:short":null,"operator":"Canadian Pacific Kansas City","name":"Cartier Subdivision","maxspeed":"40 mph","service":null,"gauge":"1435","electrified":"no"},"geometry":{"type":"MultiLineString","coordinates":[[[-80.9462875,46.4874356],[-80.9421667,46.487412],[-80.9419058,46.4874048],[-80.9416881,46.487391],[-80.9414709,46.487376],[-80.941276,46.4873562],[-80.9410576,46.4873249],[-80.9408713,46.4872919],[-80.9406186,46.48723],[-80.9399104,46.4870364],[-80.9395873,46.486944],[-80.9393697,46.4868828],[-80.9391177,46.4868237],[-80.9388496,46.4867704],[-80.938627,46.4867353],[-80.9383481,46.4867021],[-80.9380584,46.4866744],[-80.9378678,46.4866612],[-80.9376943,46.4866538],[-80.9374885,46.4866491],[-80.937311,46.4866526],[-80.937107,46.4866622],[-80.9369049,46.4866774],[-80.9367073,46.486699],[-80.9365113,46.4867236],[-80.9363234,46.486753],[-80.9361397,46.486787],[-80.9358562,46.4868477],[-80.9355236,46.4869199]]]}},
{"type":"Feature","properties":{"full_id":"w1282067519","osm_id":"1282067519","osm_type":"way","railway":"rail","covered":null,"tunnel":null,"railway:track_ref":null,"abandoned:electrified":null,"Source":null,"layer":null,"bridge":null,"railway:preferred_direction":null,"workrules":null,"railway:traffic_mode":null,"usage":"main","reporting_marks":"CPKC","owner:wikipedia":null,"owner:wikidata":null,"owner":null,"operator:wikipedia":"en:Canadian Pacific Kansas City","operator:wikidata":"Q117706368","operator:short":null,"operator":"Canadian Pacific Kansas City","name":"Cartier Subdivision","maxspeed":"40 mph","service":null,"gauge":"1435","electrified":"no"},"geometry":{"type":"MultiLineString","coordinates":[[[-80.9355411,46.4869607],[-80.9358717,46.4868817],[-80.9362077,46.4868159],[-80.9364897,46.4867665],[-80.9367089,46.4867349],[-80.9369606,46.4867078],[-80.9371712,46.4866929],[-80.9373267,46.4866839],[-80.937479,46.486683],[-80.9376703,46.4866869],[-80.9378681,46.4866961],[-80.9380856,46.4867098],[-80.9383427,46.4867338],[-80.9386159,46.486765],[-80.9388367,46.4868014],[-80.9390592,46.4868455],[-80.939253,46.4868904],[-80.9394236,46.4869348],[-80.9404876,46.4872316],[-80.9406557,46.4872753],[-80.9408622,46.4873222],[-80.9410589,46.4873572],[-80.941311,46.4873904],[-80.9415098,46.4874109],[-80.9417356,46.4874266],[-80.9419323,46.4874353],[-80.9422622,46.4874431],[-80.9462852,46.4874668]]]}},
{"type":"Feature","properties":{"full_id":"w1282067520","osm_id":"1282067520","osm_type":"way","railway":"rail","covered":null,"tunnel":null,"railway:track_ref":null,"abandoned:electrified":null,"Source":null,"layer":null,"bridge":null,"railway:preferred_direction":null,"workrules":null,"railway:traffic_mode":null,"usage":"main","reporting_marks":"CPKC","owner:wikipedia":null,"owner:wikidata":null,"owner":null,"operator:wikipedia":null,"operator:wikidata":"Q117706368","operator:short":null,"operator":"Canadian Pacific Kansas City","name":"Cartier Subdivision","maxspeed":"45 mph","service":null,"gauge":"1435","electrified":"no"},"geometry":{"type":"MultiLineString","coordinates":[[[-80.9355236,46.4869199],[-80.9348925,46.4870746],[-80.9347123,46.4871147],[-80.934494,46.487165],[-80.9342678,46.4872068],[-80.9340533,46.4872419]]]}},
{"type":"Feature","properties":{"full_id":"w1282067521","osm_id":"1282067521","osm_type":"way","railway":"rail","covered":null,"tunnel":null,"railway:track_ref":null,"abandoned:electrified":null,"Source":null,"layer":null,"bridge":null,"railway:preferred_direction":null,"workrules":null,"railway:traffic_mode":null,"usage":"main","reporting_marks":"CPKC","owner:wikipedia":null,"owner:wikidata":null,"owner":null,"operator:wikipedia":"en:Canadian Pacific Kansas City","operator:wikidata":"Q117706368","operator:short":null,"operator":"Canadian Pacific Kansas City","name":"Cartier Subdivision","maxspeed":"45 mph","service":null,"gauge":"1435","electrified":"no"},"geometry":{"type":"MultiLineString","coordinates":[[[-80.934064,46.4872845],[-80.9342724,46.4872489],[-80.9344992,46.4872055],[-80.9347165,46.4871576],[-80.9355411,46.4869607]]]}},
{"type":"Feature","properties":{"full_id":"w1282067522","osm_id":"1282067522","osm_type":"way","railway":"rail","covered":null,"tunnel":null,"railway:track_ref":null,"abandoned:electrified":null,"Source":null,"layer":null,"bridge":null,"railway:preferred_direction":null,"workrules":null,"railway:traffic_mode":null,"usage":"main","reporting_marks":"CPKC","owner:wikipedia":null,"owner:wikidata":null,"owner":null,"operator:wikipedia":"en:Canadian Pacific Kansas City","operator:wikidata":"Q117706368","operator:short":null,"operator":"Canadian Pacific Kansas City","name":"Cartier Subdivision","maxspeed":"35 mph","service":null,"gauge":"1435","electrified":"no"},"geometry":{"type":"MultiLineString","coordinates":[[[-80.9772769,46.4837336],[-80.9775624,46.4837091],[-80.9778452,46.4836915],[-80.9781961,46.4836713],[-80.9786075,46.4836573],[-80.9788985,46.48365],[-80.9791952,46.4836476],[-80.979481,46.4836465],[-80.9797644,46.4836479],[-80.9800397,46.4836543],[-80.9803282,46.4836662],[-80.9806546,46.4836816],[-80.9809571,46.4836992],[-80.9812494,46.4837216],[-80.9815685,46.4837522],[-80.9818942,46.4837916],[-80.9822295,46.4838329],[-80.9825214,46.4838749],[-80.982872,46.4839268],[-80.9834212,46.484028],[-80.9843574,46.4842131],[-80.9850051,46.4843473],[-80.9854627,46.484445],[-80.9857366,46.484505],[-80.9860064,46.4845725],[-80.9862496,46.4846482],[-80.9864922,46.4847404],[-80.9867535,46.4848481],[-80.9872589,46.4850712]]]}},
{"type":"Feature","properties":{"full_id":"w1282067523","osm_id":"1282067523","osm_type":"way","railway":"rail","covered":null,"tunnel":null,"railway:track_ref":null,"abandoned:electrified":null,"Source":null,"layer":null,"bridge":null,"railway:preferred_direction":null,"workrules":null,"railway:traffic_mode":null,"usage":"main","reporting_marks":"CPKC","owner:wikipedia":null,"owner:wikidata":null,"owner":null,"operator:wikipedia":null,"operator:wikidata":"Q117706368","operator:short":null,"operator":"Canadian Pacific Kansas City","name":"Cartier Subdivision","maxspeed":"35 mph","service":null,"gauge":"1435","electrified":"no"},"geometry":{"type":"MultiLineString","coordinates":[[[-80.9873183,46.4850253],[-80.986986,46.4848727],[-80.9867657,46.484778],[-80.9864879,46.4846674],[-80.9862452,46.4845806],[-80.9860038,46.4845057],[-80.9857792,46.4844522],[-80.9855454,46.4844026],[-80.9839552,46.4840914],[-80.983172,46.4839407],[-80.9829322,46.483897],[-80.9827087,46.4838607],[-80.982476,46.4838251],[-80.9821842,46.4837849],[-80.9819017,46.4837493],[-80.9816072,46.4837165],[-80.9813379,46.4836896],[-80.981055,46.4836654],[-80.9807402,46.4836439],[-80.9804133,46.4836284],[-80.9801132,46.4836159],[-80.9798112,46.4836096],[-80.9795542,46.483607],[-80.9794756,46.4836062],[-80.9791424,46.4836072],[-80.9788204,46.4836109],[-80.978487,46.4836185],[-80.9781653,46.483634],[-80.9778464,46.4836508],[-80.9775369,46.4836735],[-80.9772673,46.4836991]]]}},
{"type":"Feature","properties":{"full_id":"w1282067524","osm_id":"1282067524","osm_type":"way","railway":"rail","covered":null,"tunnel":null,"railway:track_ref":null,"abandoned:electrified":null,"Source":null,"layer":null,"bridge":null,"railway:preferred_direction":null,"workrules":null,"railway:traffic_mode":null,"usage":"main","reporting_marks":"CPKC","owner:wikipedia":null,"owner:wikidata":null,"owner":null,"operator:wikipedia":null,"operator:wikidata":"Q117706368","operator:short":null,"operator":"Canadian Pacific Kansas City","name":"Cartier Subdivision","maxspeed":"45 mph","service":null,"gauge":"1435","electrified":"no"},"geometry":{"type":"MultiLineString","coordinates":[[[-81.0321377,46.506599],[-81.0319189,46.5064941],[-81.0316509,46.5063833],[-81.0314069,46.5062938],[-81.0310742,46.5061833]]]}},
{"type":"Feature","properties":{"full_id":"w1282067525","osm_id":"1282067525","osm_type":"way","railway":"rail","covered":null,"tunnel":null,"railway:track_ref":null,"abandoned:electrified":null,"Source":null,"layer":null,"bridge":null,"railway:preferred_direction":null,"workrules":null,"railway:traffic_mode":null,"usage":"main","reporting_marks":"CPKC","owner:wikipedia":null,"owner:wikidata":null,"owner":null,"operator:wikipedia":"en:Canadian Pacific Kansas City","operator:wikidata":"Q117706368","operator:short":null,"operator":"Canadian Pacific Kansas City","name":"Cartier Subdivision","maxspeed":"45 mph","service":null,"gauge":"1435","electrified":"no"},"geometry":{"type":"MultiLineString","coordinates":[[[-81.0320927,46.5066322],[-81.0318677,46.5065233],[-81.0315933,46.506409],[-81.0313257,46.5063155],[-81.0310451,46.5062206]]]}},
{"type":"Feature","properties":{"full_id":"w1282067526","osm_id":"1282067526","osm_type":"way","railway":"rail","covered":null,"tunnel":null,"railway:track_ref":null,"abandoned:electrified":null,"Source":null,"layer":null,"bridge":null,"railway:preferred_direction":null,"workrules":null,"railway:traffic_mode":null,"usage":"main","reporting_marks":"CPKC","owner:wikipedia":null,"owner:wikidata":null,"owner":null,"operator:wikipedia":null,"operator:wikidata":"Q117706368","operator:short":null,"operator":"Canadian Pacific Kansas City","name":"Cartier Subdivision","maxspeed":"35 mph","service":null,"gauge":"1435","electrified":"no"},"geometry":{"type":"MultiLineString","coordinates":[[[-81.0644985,46.5262292],[-81.0643885,46.5261951],[-81.064217,46.526142]]]}},
{"type":"Feature","properties":{"full_id":"w1282067527","osm_id":"1282067527","osm_type":"way","railway":"rail","covered":null,"tunnel":null,"railway:track_ref":null,"abandoned:electrified":null,"Source":null,"layer":null,"bridge":null,"railway:preferred_direction":null,"workrules":null,"railway:traffic_mode":null,"usage":"main","reporting_marks":"CPKC","owner:wikipedia":null,"owner:wikidata":null,"owner":null,"operator:wikipedia":null,"operator:wikidata":"Q117706368","operator:short":null,"operator":"Canadian Pacific Kansas City","name":"Cartier Subdivision","maxspeed":"50 mph","service":null,"gauge":"1435","electrified":"no"},"geometry":{"type":"MultiLineString","coordinates":[[[-81.1075442,46.5526459],[-81.1047813,46.5515857],[-81.0997859,46.5497035],[-81.0996156,46.5496395],[-81.0989251,46.5493761],[-81.0982627,46.5491155],[-81.0979314,46.5489764],[-81.0975948,46.5488272],[-81.0972417,46.5486665],[-81.0968914,46.5484976],[-81.096577,46.5483333],[-81.0962279,46.5481471],[-81.0958871,46.5479611],[-81.095594,46.5477836],[-81.0950705,46.5474583],[-81.0947783,46.5472663],[-81.094517,46.5470806],[-81.0942335,46.5468749],[-81.093965,46.5466755],[-81.0937068,46.5464749],[-81.0934453,46.5462603],[-81.0922042,46.5451782],[-81.0919546,46.5449645],[-81.0917183,46.5447788],[-81.0914257,46.5445705],[-81.0911163,46.5443693],[-81.0907223,46.544132],[-81.0889768,46.5431375],[-81.0881115,46.5426429],[-81.0872435,46.5421457],[-81.0852284,46.5409877],[-81.0849596,46.5408308]]]}},
{"type":"Feature","properties":{"full_id":"w1282067528","osm_id":"1282067528","osm_type":"way","railway":"rail","covered":null,"tunnel":null,"railway:track_ref":null,"abandoned:electrified":null,"Source":null,"layer":null,"bridge":null,"railway:preferred_direction":null,"workrules":null,"railway:traffic_mode":null,"usage":"main","reporting_marks":"CPKC","owner:wikipedia":null,"owner:wikidata":null,"owner":null,"operator:wikipedia":null,"operator:wikidata":"Q117706368","operator:short":null,"operator":"Canadian Pacific Kansas City","name":"Cartier Subdivision","maxspeed":"75 mph","service":null,"gauge":"1435","electrified":"no"},"geometry":{"type":"MultiLineString","coordinates":[[[-81.1910082,46.584034],[-81.188834,46.5832103],[-81.1879273,46.5828701],[-81.1874557,46.5826917]]]}},
{"type":"Feature","properties":{"full_id":"w1282067529","osm_id":"1282067529","osm_type":"way","railway":"rail","covered":null,"tunnel":null,"railway:track_ref":null,"abandoned:electrified":null,"Source":null,"layer":null,"bridge":null,"railway:preferred_direction":null,"workrules":null,"railway:traffic_mode":null,"usage":"main","reporting_marks":"CPKC","owner:wikipedia":null,"owner:wikidata":null,"owner":null,"operator:wikipedia":null,"operator:wikidata":"Q117706368","operator:short":null,"operator":"Canadian Pacific Kansas City","name":"Cartier Subdivision","maxspeed":"55 mph","service":null,"gauge":"1435","electrified":"no"},"geometry":{"type":"MultiLineString","coordinates":[[[-81.2046708,46.5862132],[-81.2038349,46.5863471],[-81.2035597,46.586388],[-81.2033082,46.5864166],[-81.203059,46.5864392],[-81.2028039,46.5864567],[-81.2025319,46.5864725],[-81.2022215,46.586479],[-81.2019468,46.5864755],[-81.20165,46.5864692],[-81.2013374,46.5864535],[-81.201017,46.5864287],[-81.2006905,46.5863935],[-81.200372,46.5863518],[-81.2000017,46.5862963],[-81.199559,46.5862235]]]}},
{"type":"Feature","properties":{"full_id":"w1282067530","osm_id":"1282067530","osm_type":"way","railway":"rail","covered":null,"tunnel":null,"railway:track_ref":null,"abandoned:electrified":null,"Source":null,"layer":null,"bridge":null,"railway:preferred_direction":null,"workrules":null,"railway:traffic_mode":null,"usage":"main","reporting_marks":"CPKC","owner:wikipedia":null,"owner:wikidata":null,"owner":null,"operator:wikipedia":null,"operator:wikidata":"Q117706368","operator:short":null,"operator":"Canadian Pacific Kansas City","name":"Cartier Subdivision","maxspeed":"50 mph","service":null,"gauge":"1435","electrified":"no"},"geometry":{"type":"MultiLineString","coordinates":[[[-81.3159129,46.5733266],[-81.3124282,46.572878],[-81.3098615,46.5725202],[-81.3001708,46.5712282],[-81.2994502,46.5711321],[-81.2990244,46.5710794],[-81.2986422,46.5710432],[-81.2982575,46.571015],[-81.297869,46.5709943],[-81.2974426,46.5709818],[-81.2970708,46.5709827],[-81.2967323,46.5709891],[-81.296383,46.5710025],[-81.2960327,46.5710234],[-81.2956486,46.5710544],[-81.2953604,46.5710853],[-81.2950218,46.5711267],[-81.2946547,46.5711788],[-81.2942231,46.5712471],[-81.2933187,46.571398]]]}},
{"type":"Feature","properties":{"full_id":"w1282067531","osm_id":"1282067531","osm_type":"way","railway":"rail","covered":null,"tunnel":null,"railway:track_ref":null,"abandoned:electrified":null,"Source":null,"layer":null,"bridge":null,"railway:preferred_direction":null,"workrules":null,"railway:traffic_mode":null,"usage":"main","reporting_marks":"CPKC","owner:wikipedia":null,"owner:wikidata":null,"owner":null,"operator:wikipedia":null,"operator:wikidata":"Q117706368","operator:short":null,"operator":"Canadian Pacific Kansas City","name":"Cartier Subdivision","maxspeed":"45 mph","service":null,"gauge":"1435","electrified":"no"},"geometry":{"type":"MultiLineString","coordinates":[[[-81.4273463,46.6133263],[-81.4272477,46.6131961],[-81.4271578,46.6130644],[-81.4270627,46.6129131],[-81.4269765,46.6127595],[-81.4268886,46.6125742],[-81.4268152,46.6124059],[-81.4267511,46.612207],[-81.4266968,46.611998],[-81.4266431,46.6117604],[-81.4265874,46.6115322],[-81.4265351,46.6112874],[-81.4264904,46.6110958],[-81.4264389,46.6109263],[-81.4263835,46.6107533],[-81.4263227,46.6106027],[-81.426253,46.6104509],[-81.4261609,46.6102756],[-81.4260721,46.6101258],[-81.4259665,46.6099623],[-81.4258515,46.6098112],[-81.4257373,46.6096781],[-81.4256219,46.6095469],[-81.4254978,46.6094249],[-81.4253545,46.6092904],[-81.4252073,46.6091658],[-81.425029,46.6090289],[-81.4248587,46.6089093],[-81.4246779,46.6087884],[-81.4244671,46.6086632],[-81.4242432,46.6085446],[-81.4239736,46.6084025],[-81.4236984,46.6082691],[-81.423006,46.6079362],[-81.4218079,46.6073573]]]}},
{"type":"Feature","properties":{"full_id":"w1359375154","osm_id":"1359375154","osm_type":"way","railway":"rail","covered":null,"tunnel":null,"railway:track_ref":null,"abandoned:electrified":"contact_line","Source":null,"layer":null,"bridge":null,"railway:preferred_direction":null,"workrules":null,"railway:traffic_mode":null,"usage":null,"reporting_marks":null,"owner:wikipedia":null,"owner:wikidata":null,"owner":null,"operator:wikipedia":null,"operator:wikidata":null,"operator:short":null,"operator":"Vale","name":null,"maxspeed":null,"service":"spur","gauge":"1435","electrified":"no"},"geometry":{"type":"MultiLineString","coordinates":[[[-81.0576192,46.478991],[-81.057448,46.4791058],[-81.0572407,46.4791969],[-81.0569131,46.4792942],[-81.0565976,46.4793231],[-81.0563662,46.4793148],[-81.0562377,46.4793045]]]}},
{"type":"Feature","properties":{"full_id":"w1359375155","osm_id":"1359375155","osm_type":"way","railway":"rail","covered":null,"tunnel":"building_passage","railway:track_ref":null,"abandoned:electrified":"contact_line","Source":null,"layer":null,"bridge":null,"railway:preferred_direction":null,"workrules":null,"railway:traffic_mode":null,"usage":null,"reporting_marks":null,"owner:wikipedia":null,"owner:wikidata":null,"owner":null,"operator:wikipedia":null,"operator:wikidata":null,"operator:short":null,"operator":"Vale","name":null,"maxspeed":null,"service":"spur","gauge":"1435","electrified":"no"},"geometry":{"type":"MultiLineString","coordinates":[[[-81.0562377,46.4793045],[-81.0554285,46.4792484]]]}},
{"type":"Feature","properties":{"full_id":"w1421927525","osm_id":"1421927525","osm_type":"way","railway":"rail","covered":null,"tunnel":null,"railway:track_ref":null,"abandoned:electrified":null,"Source":null,"layer":null,"bridge":null,"railway:preferred_direction":null,"workrules":null,"railway:traffic_mode":null,"usage":"branch","reporting_marks":null,"owner:wikipedia":null,"owner:wikidata":null,"owner":null,"operator:wikipedia":null,"operator:wikidata":null,"operator:short":null,"operator":"Canadian Pacific Kansas City","name":"Webbwood Subdivision","maxspeed":null,"service":null,"gauge":"1435","electrified":"no"},"geometry":{"type":"MultiLineString","coordinates":[[[-81.0811052,46.4612029],[-81.0803254,46.4613825],[-81.0797476,46.461504],[-81.0788505,46.4616671],[-81.0786352,46.4617063],[-81.0783808,46.4617437],[-81.0776398,46.461857],[-81.0769444,46.461964],[-81.075959,46.4621155],[-81.0744126,46.4623687],[-81.0736442,46.4624976],[-81.0728494,46.4626219],[-81.0717443,46.4627919],[-81.0710201,46.4629156],[-81.0699902,46.4630782],[-81.0682199,46.463348],[-81.0667447,46.4635752],[-81.0642985,46.4639651],[-81.0626291,46.4642371],[-81.0622088,46.4643129],[-81.0617842,46.4643998],[-81.0613895,46.4644831],[-81.0611727,46.4645338],[-81.0609011,46.4646064],[-81.060501,46.4647084],[-81.0600964,46.4648158],[-81.0592984,46.4650484],[-81.0584835,46.4653082],[-81.0579658,46.4654837],[-81.0578154,46.4655425],[-81.0576543,46.4656055],[-81.0574542,46.4656817],[-81.0551898,46.4665851],[-81.053921,46.4670873],[-81.0517427,46.4679499],[-81.0493099,46.4689124],[-81.0479876,46.4694352],[-81.0473385,46.4696698],[-81.0463836,46.4699265],[-81.0455847,46.4700616],[-81.0451448,46.4701262],[-81.0446187,46.4701778],[-81.0440907,46.4701983],[-81.0425136,46.4701983],[-81.0411135,46.4702205],[-81.039564,46.4702219],[-81.0385616,46.4702278],[-81.0380143,46.4702332],[-81.0378639,46.470233],[-81.0376321,46.4702328],[-81.0370822,46.4702337],[-81.0367827,46.4702254],[-81.036518,46.4702092],[-81.0362534,46.4701867],[-81.0359499,46.4701432],[-81.0356371,46.4700927],[-81.035328,46.4700284],[-81.0347614,46.4698872],[-81.0340031,46.4697031],[-81.0335301,46.4695855],[-81.0332264,46.4695192],[-81.0330458,46.4694851],[-81.0328516,46.4694557],[-81.0326472,46.4694299],[-81.0324462,46.4694104],[-81.032274,46.4694004],[-81.0320995,46.4693943],[-81.0319282,46.4693922],[-81.0317478,46.4693947],[-81.0316198,46.4694008],[-81.031481,46.4694082],[-81.0313036,46.4694227],[-81.0311205,46.469442],[-81.0309458,46.4694679],[-81.0307551,46.4695014],[-81.0305844,46.4695383],[-81.0304206,46.4695769],[-81.0302687,46.4696178],[-81.0300941,46.4696674],[-81.0295338,46.469842],[-81.0294283,46.4698738],[-81.0289931,46.4700123],[-81.0286616,46.470128],[-81.0283696,46.4702365],[-81.0280259,46.4703765],[-81.0277272,46.4705108],[-81.0262624,46.4712136],[-81.0237465,46.4724053],[-81.0205652,46.4739187],[-81.0202867,46.4740746],[-81.0200395,46.4742401],[-81.0198806,46.4743559],[-81.0197062,46.474504],[-81.019533,46.4746787],[-81.0193906,46.4748396],[-81.0192762,46.4749827],[-81.0189336,46.4754871],[-81.0188536,46.4756049],[-81.018417,46.4762134],[-81.0181453,46.4765876],[-81.0178025,46.4770403],[-81.0177299,46.4771216],[-81.0176279,46.4772051],[-81.0175453,46.4772743],[-81.0174812,46.4773282],[-81.0174324,46.4773691],[-81.0167565,46.4777238],[-81.0160988,46.4780339],[-81.0149294,46.4785788],[-81.012974,46.479482],[-81.0125068,46.4796968],[-81.009619,46.4810244],[-81.0088438,46.4814418],[-81.0082993,46.4817835],[-81.0078353,46.4821214],[-81.007513,46.4823798],[-81.0074446,46.482441],[-81.0073729,46.4825051],[-81.0073078,46.4825688],[-81.0071199,46.4827525],[-81.006861,46.4830491],[-81.0065707,46.483369],[-81.0064126,46.4836107],[-81.0062929,46.4838114],[-81.0051437,46.4857662],[-81.0051054,46.4858314]]]}},
{"type":"Feature","properties":{"full_id":"w1421927526","osm_id":"1421927526","osm_type":"way","railway":"rail","covered":null,"tunnel":null,"railway:track_ref":null,"abandoned:electrified":null,"Source":null,"layer":null,"bridge":null,"railway:preferred_direction":null,"workrules":null,"railway:traffic_mode":null,"usage":"branch","reporting_marks":"CPKC","owner:wikipedia":null,"owner:wikidata":null,"owner":null,"operator:wikipedia":"en:Canadian Pacific Kansas City","operator:wikidata":"Q117706368","operator:short":null,"operator":"Canadian Pacific Kansas City","name":"Nickel Spur","maxspeed":null,"service":null,"gauge":"1435","electrified":"no"},"geometry":{"type":"MultiLineString","coordinates":[[[-81.0216328,46.4959906],[-81.021928,46.4959673],[-81.0221038,46.4959507],[-81.0223236,46.4959299],[-81.0227599,46.4958842],[-81.0229728,46.495854],[-81.0231782,46.4958166],[-81.0233666,46.4957699],[-81.0235417,46.4957168],[-81.0237124,46.4956534],[-81.0245875,46.4953291],[-81.0247427,46.4952716],[-81.0249044,46.4952117],[-81.025161,46.4951244],[-81.0254238,46.4950474],[-81.0256971,46.4949747],[-81.0259568,46.4949071],[-81.0262027,46.4948551],[-81.0264503,46.4948053],[-81.0267372,46.4947543],[-81.0270331,46.4947096],[-81.0273306,46.4946701],[-81.0276386,46.4946379],[-81.0279345,46.4946109],[-81.028235,46.4945901],[-81.0285845,46.4945714],[-81.0289076,46.4945631],[-81.0292277,46.4945599],[-81.0295448,46.4945631],[-81.0301811,46.4945797],[-81.0305661,46.4945838],[-81.0308666,46.4945766],[-81.0311323,46.4945579],[-81.0313951,46.4945225],[-81.0316954,46.4944643],[-81.0319838,46.4943884],[-81.0322481,46.4942866],[-81.0324685,46.4941847],[-81.0326693,46.4940818],[-81.0329351,46.4939404],[-81.0330713,46.4938688],[-81.0335643,46.4936097],[-81.034444,46.4931548],[-81.03474,46.4930009],[-81.0349664,46.4928939],[-81.0351854,46.4927993],[-81.0353681,46.4927317],[-81.0356096,46.4926589],[-81.0357817,46.492607],[-81.0360701,46.4925415],[-81.0362694,46.492503],[-81.0364747,46.4924718],[-81.0366967,46.4924479],[-81.037004,46.4924198],[-81.037235,46.4924032],[-81.0374146,46.4923914]]]}},
{"type":"Feature","properties":{"full_id":"w1421927527","osm_id":"1421927527","osm_type":"way","railway":"rail","covered":null,"tunnel":null,"railway:track_ref":null,"abandoned:electrified":null,"Source":null,"layer":null,"bridge":null,"railway:preferred_direction":null,"workrules":null,"railway:traffic_mode":null,"usage":"branch","reporting_marks":"CPKC","owner:wikipedia":null,"owner:wikidata":null,"owner":null,"operator:wikipedia":"en:Canadian Pacific Kansas City","operator:wikidata":"Q117706368","operator:short":null,"operator":"Canadian Pacific Kansas City","name":"Nickel Spur","maxspeed":null,"service":null,"gauge":"1435","electrified":"no"},"geometry":{"type":"MultiLineString","coordinates":[[[-81.0480003,46.4974184],[-81.0476125,46.4972881],[-81.0469607,46.4970739],[-81.0463169,46.4968505],[-81.0458143,46.4966706],[-81.045464,46.4965348],[-81.0451759,46.4964102],[-81.0449131,46.4962921],[-81.0445349,46.4960816],[-81.0442624,46.4959144],[-81.0440666,46.4957703],[-81.0436508,46.4954122],[-81.0434067,46.4952202],[-81.0429454,46.4948417],[-81.0426209,46.494609],[-81.0418285,46.4941225],[-81.0414461,46.4938612],[-81.0405314,46.4932426],[-81.0403329,46.4931152],[-81.0400862,46.4929859],[-81.0397793,46.492841],[-81.0395095,46.4927274],[-81.0392348,46.4926434],[-81.0389596,46.4925741],[-81.0386555,46.4925104],[-81.0383857,46.4924504],[-81.038155,46.4924283],[-81.0377623,46.4923978],[-81.0374146,46.4923914]]]}},
{"type":"Feature","properties":{"full_id":"w1421927528","osm_id":"1421927528","osm_type":"way","railway":"rail","covered":null,"tunnel":null,"railway:track_ref":null,"abandoned:electrified":null,"Source":null,"layer":null,"bridge":null,"railway:preferred_direction":null,"workrules":null,"railway:traffic_mode":null,"usage":"industrial","reporting_marks":null,"owner:wikipedia":null,"owner:wikidata":null,"owner":null,"operator:wikipedia":null,"operator:wikidata":null,"operator:short":null,"operator":null,"name":null,"maxspeed":null,"service":"siding","gauge":"1435","electrified":null},"geometry":{"type":"MultiLineString","coordinates":[[[-81.0374146,46.4923914],[-81.0369141,46.4924062],[-81.036533,46.4924311],[-81.0362495,46.4924491],[-81.0359799,46.4924838],[-81.0357382,46.4925281],[-81.0355208,46.492588],[-81.0353173,46.4926538],[-81.035119,46.492728],[-81.0349125,46.4928178],[-81.0346881,46.4929256],[-81.0329449,46.493862],[-81.0326073,46.494041],[-81.0322891,46.4941931],[-81.0320125,46.4943092],[-81.0316855,46.4944086],[-81.0313777,46.494472],[-81.0310681,46.4945199],[-81.0307776,46.4945367],[-81.0304596,46.4945391],[-81.0294539,46.4945211],[-81.029054,46.4945151],[-81.0287097,46.4945151],[-81.0283792,46.4945259],[-81.0280522,46.4945427],[-81.0277253,46.4945702],[-81.0273304,46.4946169],[-81.0269021,46.494672],[-81.026509,46.4947367],[-81.0261142,46.4948181],[-81.0257298,46.4949055],[-81.0254011,46.4949929],[-81.0250874,46.4950869],[-81.0248004,46.4951839],[-81.0244856,46.4953012],[-81.0237343,46.4955873],[-81.0234816,46.4956831],[-81.0232503,46.495749],[-81.0230016,46.4958017],[-81.0227337,46.4958412],[-81.0224923,46.4958693],[-81.0223312,46.4959032],[-81.0221038,46.4959507]]]}},
{"type":"Feature","properties":{"full_id":"w1421927529","osm_id":"1421927529","osm_type":"way","railway":"rail","covered":null,"tunnel":null,"railway:track_ref":null,"abandoned:electrified":null,"Source":null,"layer":null,"bridge":null,"railway:preferred_direction":null,"workrules":null,"railway:traffic_mode":null,"usage":"industrial","reporting_marks":null,"owner:wikipedia":null,"owner:wikidata":null,"owner":null,"operator:wikipedia":null,"operator:wikidata":null,"operator:short":null,"operator":null,"name":null,"maxspeed":null,"service":"siding","gauge":"1435","electrified":null},"geometry":{"type":"MultiLineString","coordinates":[[[-81.0224923,46.4958693],[-81.0227253,46.4958179],[-81.0229382,46.4957691],[-81.0231511,46.4957202],[-81.023355,46.4956672],[-81.0235663,46.4955996],[-81.0237611,46.49553],[-81.0245594,46.4952223],[-81.0248239,46.4951277],[-81.0251002,46.4950373],[-81.0253569,46.4949645],[-81.0256468,46.4948876],[-81.0258944,46.4948263],[-81.0261843,46.4947618],[-81.0265014,46.4946984],[-81.0267807,46.4946454],[-81.0271164,46.4945841],[-81.0274471,46.4945331],[-81.027847,46.4944864],[-81.0282169,46.4944573],[-81.0286004,46.4944427],[-81.0289824,46.4944385],[-81.0304738,46.4944791],[-81.0307215,46.4944843],[-81.0309676,46.494476],[-81.0312424,46.4944469],[-81.0315021,46.4944001],[-81.0317347,46.4943419],[-81.0319476,46.4942754],[-81.0321484,46.4942026],[-81.0323348,46.4941277],[-81.0325356,46.4940311],[-81.0341391,46.4931561],[-81.0344943,46.4929731],[-81.0348204,46.4928068],[-81.035142,46.4926738],[-81.0354244,46.4925709],[-81.0356826,46.4924981],[-81.0359347,46.492444],[-81.0361416,46.4924149],[-81.0363594,46.4924035],[-81.0365874,46.4924004],[-81.0367943,46.4924025],[-81.0369141,46.4924062]]]}},
{"type":"Feature","properties":{"full_id":"w1421927530","osm_id":"1421927530","osm_type":"way","railway":"rail","covered":null,"tunnel":null,"railway:track_ref":null,"abandoned:electrified":null,"Source":null,"layer":null,"bridge":null,"railway:preferred_direction":null,"workrules":null,"railway:traffic_mode":null,"usage":null,"reporting_marks":null,"owner:wikipedia":null,"owner:wikidata":null,"owner":null,"operator:wikipedia":null,"operator:wikidata":null,"operator:short":null,"operator":"Canadian Pacific Kansas City;Canadian National Railway","name":null,"maxspeed":null,"service":"yard","gauge":"1435","electrified":"no"},"geometry":{"type":"MultiLineString","coordinates":[[[-81.0247427,46.4952716],[-81.0249675,46.4952048],[-81.0251517,46.4951601],[-81.0253646,46.4951195],[-81.0255533,46.4950863],[-81.0257405,46.4950499],[-81.0259217,46.4950083],[-81.026239,46.4949387],[-81.0265591,46.4948732],[-81.0268807,46.4948181],[-81.0272359,46.4947651],[-81.0275727,46.4947266],[-81.0279498,46.4946934],[-81.0283077,46.4946643],[-81.0286746,46.4946508],[-81.029069,46.4946456],[-81.0294676,46.4946543],[-81.0300285,46.4946724],[-81.0304204,46.4946766],[-81.0308341,46.4946619],[-81.0312349,46.4946333],[-81.0315577,46.4945754],[-81.0318362,46.4945052],[-81.032025,46.4944474],[-81.0322001,46.4943776],[-81.0323717,46.4943009],[-81.0325295,46.4942135],[-81.0326444,46.49414],[-81.0327407,46.4940783],[-81.0329125,46.4939675],[-81.0330713,46.4938688]]]}},
{"type":"Feature","properties":{"full_id":"w1421927531","osm_id":"1421927531","osm_type":"way","railway":"rail","covered":null,"tunnel":null,"railway:track_ref":null,"abandoned:electrified":null,"Source":null,"layer":null,"bridge":null,"railway:preferred_direction":null,"workrules":null,"railway:traffic_mode":null,"usage":null,"reporting_marks":null,"owner:wikipedia":null,"owner:wikidata":null,"owner":null,"operator:wikipedia":null,"operator:wikidata":null,"operator:short":null,"operator":"Canadian Pacific Kansas City;Canadian National Railway","name":null,"maxspeed":null,"service":"yard","gauge":"1435","electrified":"no"},"geometry":{"type":"MultiLineString","coordinates":[[[-81.0253646,46.4951195],[-81.0255783,46.4950713],[-81.0257245,46.4950305],[-81.0258786,46.4949842],[-81.0260416,46.4949427],[-81.0262204,46.494904],[-81.0264907,46.4948475],[-81.0267851,46.4947979],[-81.0270548,46.4947564],[-81.0273831,46.4947135],[-81.0276649,46.4946809],[-81.0279514,46.4946544],[-81.0282418,46.4946319],[-81.0284799,46.4946204],[-81.0287726,46.4946122],[-81.0290363,46.4946081],[-81.0293337,46.4946108],[-81.0296674,46.4946183],[-81.0300102,46.4946292],[-81.0302866,46.4946333],[-81.0305958,46.494634],[-81.0308151,46.4946292],[-81.0310473,46.4946129],[-81.031231,46.4945986],[-81.0314934,46.4945558],[-81.0317631,46.4944932],[-81.0320206,46.4944143],[-81.0322913,46.4943102],[-81.032475,46.4942232],[-81.0326444,46.49414]]]}},
{"type":"Feature","properties":{"full_id":"w1421927532","osm_id":"1421927532","osm_type":"way","railway":"rail","covered":null,"tunnel":null,"railway:track_ref":null,"abandoned:electrified":null,"Source":null,"layer":null,"bridge":null,"railway:preferred_direction":null,"workrules":null,"railway:traffic_mode":null,"usage":null,"reporting_marks":"CPKC","owner:wikipedia":null,"owner:wikidata":null,"owner":null,"operator:wikipedia":null,"operator:wikidata":"Q117706368","operator:short":null,"operator":"Canadian Pacific Kansas City","name":null,"maxspeed":null,"service":"yard","gauge":"1435","electrified":"no"},"geometry":{"type":"MultiLineString","coordinates":[[[-80.9949221,46.4887489],[-80.9947596,46.4886002],[-80.9946609,46.4885094],[-80.9944897,46.4883776],[-80.9943254,46.4882562],[-80.9941988,46.4881735],[-80.9940379,46.4880757],[-80.9938707,46.4879802],[-80.9935685,46.4878118]]]}},
{"type":"Feature","properties":{"full_id":"w1421927533","osm_id":"1421927533","osm_type":"way","railway":"rail","covered":null,"tunnel":null,"railway:track_ref":null,"abandoned:electrified":null,"Source":null,"layer":null,"bridge":null,"railway:preferred_direction":null,"workrules":null,"railway:traffic_mode":null,"usage":"main","reporting_marks":"CPKC","owner:wikipedia":null,"owner:wikidata":null,"owner":null,"operator:wikipedia":"en:Canadian Pacific Kansas City","operator:wikidata":"Q117706368","operator:short":null,"operator":"Canadian Pacific Kansas City","name":"Cartier Subdivision","maxspeed":"35 mph","service":null,"gauge":"1435","electrified":"no"},"geometry":{"type":"MultiLineString","coordinates":[[[-80.9873183,46.4850253],[-80.9880588,46.4853665],[-80.9896223,46.4860807],[-80.9911362,46.4867831],[-80.9930307,46.4876533],[-80.9934646,46.4878509]]]}},
{"type":"Feature","properties":{"full_id":"w1421927534","osm_id":"1421927534","osm_type":"way","railway":"rail","covered":null,"tunnel":null,"railway:track_ref":null,"abandoned:electrified":null,"Source":null,"layer":null,"bridge":null,"railway:preferred_direction":null,"workrules":null,"railway:traffic_mode":null,"usage":"main","reporting_marks":"CPKC","owner:wikipedia":null,"owner:wikidata":null,"owner":null,"operator:wikipedia":"en:Canadian Pacific Kansas City","operator:wikidata":"Q117706368","operator:short":null,"operator":"Canadian Pacific Kansas City","name":"Cartier Subdivision","maxspeed":"20 mph","service":null,"gauge":"1435","electrified":"no"},"geometry":{"type":"MultiLineString","coordinates":[[[-80.9934646,46.4878509],[-80.9937046,46.4879646],[-80.9938861,46.4880558],[-80.9940631,46.4881494],[-80.9942237,46.4882458],[-80.994393,46.4883615],[-80.9945339,46.4884723],[-80.9946892,46.4886019],[-80.9948298,46.4887329],[-80.9949479,46.4888541]]]}},
{"type":"Feature","properties":{"full_id":"w1421927535","osm_id":"1421927535","osm_type":"way","railway":"rail","covered":null,"tunnel":null,"railway:track_ref":null,"abandoned:electrified":null,"Source":null,"layer":null,"bridge":null,"railway:preferred_direction":null,"workrules":null,"railway:traffic_mode":null,"usage":"main","reporting_marks":"CPKC","owner:wikipedia":null,"owner:wikidata":null,"owner":null,"operator:wikipedia":"en:Canadian Pacific Kansas City","operator:wikidata":"Q117706368","operator:short":null,"operator":"Canadian Pacific Kansas City","name":"Cartier Subdivision","maxspeed":"20 mph","service":null,"gauge":"1435","electrified":"no"},"geometry":{"type":"MultiLineString","coordinates":[[[-80.9949479,46.4888541],[-80.9950815,46.4890076],[-80.9953544,46.4893681]]]}},
{"type":"Feature","properties":{"full_id":"w1421927536","osm_id":"1421927536","osm_type":"way","railway":"rail","covered":null,"tunnel":null,"railway:track_ref":null,"abandoned:electrified":null,"Source":null,"layer":null,"bridge":null,"railway:preferred_direction":null,"workrules":null,"railway:traffic_mode":null,"usage":null,"reporting_marks":null,"owner:wikipedia":null,"owner:wikidata":null,"owner":null,"operator:wikipedia":null,"operator:wikidata":null,"operator:short":null,"operator":null,"name":null,"maxspeed":null,"service":"crossover","gauge":"1435","electrified":null},"geometry":{"type":"MultiLineString","coordinates":[[[-80.9954368,46.4893893],[-80.9953383,46.4892866],[-80.9952088,46.489154],[-80.9950815,46.4890076]]]}},
{"type":"Feature","properties":{"full_id":"w1421927537","osm_id":"1421927537","osm_type":"way","railway":"rail","covered":null,"tunnel":null,"railway:track_ref":null,"abandoned:electrified":null,"Source":null,"layer":null,"bridge":null,"railway:preferred_direction":null,"workrules":null,"railway:traffic_mode":null,"usage":null,"reporting_marks":"CPKC","owner:wikipedia":null,"owner:wikidata":null,"owner":null,"operator:wikipedia":null,"operator:wikidata":"Q117706368","operator:short":null,"operator":"Canadian Pacific Kansas City","name":null,"maxspeed":null,"service":"crossover","gauge":"1435","electrified":"no"},"geometry":{"type":"MultiLineString","coordinates":[[[-81.00102,46.4951952],[-81.0001705,46.4947263]]]}},
{"type":"Feature","properties":{"full_id":"w1426295406","osm_id":"1426295406","osm_type":"way","railway":"rail","covered":null,"tunnel":null,"railway:track_ref":null,"abandoned:electrified":null,"Source":null,"layer":null,"bridge":null,"railway:preferred_direction":null,"workrules":null,"railway:traffic_mode":null,"usage":null,"reporting_marks":"CPKC","owner:wikipedia":null,"owner:wikidata":null,"owner":null,"operator:wikipedia":null,"operator:wikidata":"Q117706368","operator:short":null,"operator":"Canadian Pacific Kansas City","name":null,"maxspeed":null,"service":"crossover","gauge":"1435","electrified":"no"},"geometry":{"type":"MultiLineString","coordinates":[[[-81.0015322,46.4954288],[-81.0023687,46.4958782]]]}},
{"type":"Feature","properties":{"full_id":"w1442739452","osm_id":"1442739452","osm_type":"way","railway":"rail","covered":null,"tunnel":null,"railway:track_ref":null,"abandoned:electrified":null,"Source":null,"layer":null,"bridge":null,"railway:preferred_direction":null,"workrules":null,"railway:traffic_mode":null,"usage":null,"reporting_marks":null,"owner:wikipedia":null,"owner:wikidata":null,"owner":null,"operator:wikipedia":null,"operator:wikidata":null,"operator:short":null,"operator":"Canadian Pacific Kansas City","name":null,"maxspeed":null,"service":"spur","gauge":"1435","electrified":"no"},"geometry":{"type":"MultiLineString","coordinates":[[[-81.0989251,46.5493761],[-81.0993413,46.549571],[-81.0996183,46.5496853],[-81.1031218,46.5510152]]]}},
{"type":"Feature","properties":{"full_id":"w1442938861","osm_id":"1442938861","osm_type":"way","railway":"rail","covered":null,"tunnel":null,"railway:track_ref":null,"abandoned:electrified":"contact_line","Source":null,"layer":null,"bridge":null,"railway:preferred_direction":null,"workrules":null,"railway:traffic_mode":null,"usage":"branch","reporting_marks":null,"owner:wikipedia":null,"owner:wikidata":null,"owner":null,"operator:wikipedia":null,"operator:wikidata":null,"operator:short":null,"operator":"Canadian Pacific Kansas City","name":"Levack Spur","maxspeed":null,"service":null,"gauge":"1435","electrified":"no"},"geometry":{"type":"MultiLineString","coordinates":[[[-81.3924888,46.6066004],[-81.3926184,46.6065725],[-81.3932464,46.6064446],[-81.3935636,46.6063776],[-81.3939253,46.6062981],[-81.3942905,46.6062054],[-81.3946382,46.6061038],[-81.3949763,46.6059919],[-81.3953026,46.6058647],[-81.3955887,46.6057396],[-81.3958336,46.6056237],[-81.3960761,46.6055017],[-81.3963107,46.6053712],[-81.396564,46.6052108],[-81.3968259,46.6050332],[-81.3969741,46.6049265],[-81.3971392,46.6047982]]]}},
{"type":"Feature","properties":{"full_id":"w1442938862","osm_id":"1442938862","osm_type":"way","railway":"rail","covered":null,"tunnel":null,"railway:track_ref":null,"abandoned:electrified":null,"Source":null,"layer":null,"bridge":null,"railway:preferred_direction":null,"workrules":null,"railway:traffic_mode":null,"usage":null,"reporting_marks":null,"owner:wikipedia":null,"owner:wikidata":null,"owner":null,"operator:wikipedia":null,"operator:wikidata":null,"operator:short":null,"operator":"Canadian Pacific Kansas City","name":null,"maxspeed":null,"service":"yard","gauge":"1435","electrified":"no"},"geometry":{"type":"MultiLineString","coordinates":[[[-81.018417,46.4762134],[-81.0186782,46.4758994],[-81.0188617,46.4756665],[-81.0190701,46.4753751],[-81.0192851,46.4750656],[-81.0194018,46.4749067],[-81.0195329,46.4747515],[-81.0196888,46.4745899],[-81.0198511,46.4744445],[-81.0200281,46.4743037],[-81.0202444,46.4741593],[-81.0204606,46.4740338],[-81.0207353,46.4738921],[-81.0230332,46.4727997],[-81.0251683,46.4717812],[-81.0270636,46.4708876],[-81.0278132,46.4705316],[-81.028099,46.4704034],[-81.028407,46.4702716],[-81.0287491,46.4701452],[-81.0290519,46.4700413],[-81.0298356,46.4697904],[-81.0302354,46.469673],[-81.0306089,46.4695782],[-81.0309812,46.4695105],[-81.0313247,46.4694663],[-81.0316917,46.4694446],[-81.0320465,46.4694392],[-81.0324293,46.4694527],[-81.0327976,46.4694915],[-81.0331057,46.4695403],[-81.0334177,46.4696035],[-81.0351533,46.4700332],[-81.0355288,46.4701217],[-81.0358775,46.4701822],[-81.0362236,46.4702255],[-81.0365801,46.4702598],[-81.0368626,46.4702679],[-81.0370644,46.4702652],[-81.0372938,46.4702481],[-81.0376321,46.4702328]]]}},
{"type":"Feature","properties":{"full_id":"w1442938863","osm_id":"1442938863","osm_type":"way","railway":"rail","covered":null,"tunnel":null,"railway:track_ref":null,"abandoned:electrified":null,"Source":null,"layer":null,"bridge":null,"railway:preferred_direction":null,"workrules":null,"railway:traffic_mode":null,"usage":null,"reporting_marks":null,"owner:wikipedia":null,"owner:wikidata":null,"owner":null,"operator:wikipedia":null,"operator:wikidata":null,"operator:short":null,"operator":"Canadian Pacific Kansas City","name":null,"maxspeed":null,"service":"yard","gauge":"1435","electrified":"no"},"geometry":{"type":"MultiLineString","coordinates":[[[-81.0294283,46.4698738],[-81.0292188,46.4699244],[-81.0290231,46.4699683],[-81.0288672,46.470013],[-81.0286897,46.4700741],[-81.0284317,46.4701656],[-81.0281689,46.4702682],[-81.0279219,46.470374],[-81.0275996,46.4705227],[-81.0262694,46.4711658],[-81.0229538,46.472737],[-81.0214238,46.473459],[-81.0205689,46.4738651],[-81.0202548,46.4740399],[-81.0199976,46.4741998],[-81.0197757,46.4743738],[-81.0196301,46.4745007],[-81.0194764,46.4746479],[-81.0193399,46.4748039],[-81.0192386,46.4749489],[-81.0191567,46.4750899],[-81.0190376,46.4753],[-81.0189336,46.4754871]]]}},
{"type":"Feature","properties":{"full_id":"w1442940536","osm_id":"1442940536","osm_type":"way","railway":"rail","covered":null,"tunnel":null,"railway:track_ref":null,"abandoned:electrified":"contact_line","Source":null,"layer":null,"bridge":null,"railway:preferred_direction":null,"workrules":null,"railway:traffic_mode":null,"usage":"branch","reporting_marks":null,"owner:wikipedia":null,"owner:wikidata":null,"owner":null,"operator:wikipedia":null,"operator:wikidata":null,"operator:short":null,"operator":"Vale","name":null,"maxspeed":null,"service":null,"gauge":"1435","electrified":"no"},"geometry":{"type":"MultiLineString","coordinates":[[[-81.0876657,46.4548173],[-81.0871937,46.455137],[-81.0865419,46.4555767],[-81.0859867,46.4559426],[-81.0858034,46.456071],[-81.0855441,46.4562512],[-81.085283,46.4564572]]]}},
{"type":"Feature","properties":{"full_id":"w1442940537","osm_id":"1442940537","osm_type":"way","railway":"rail","covered":null,"tunnel":null,"railway:track_ref":null,"abandoned:electrified":"contact_line","Source":null,"layer":null,"bridge":null,"railway:preferred_direction":null,"workrules":null,"railway:traffic_mode":null,"usage":null,"reporting_marks":null,"owner:wikipedia":null,"owner:wikidata":null,"owner":null,"operator:wikipedia":null,"operator:wikidata":null,"operator:short":null,"operator":"Vale","name":null,"maxspeed":null,"service":"yard","gauge":"1435","electrified":"no"},"geometry":{"type":"MultiLineString","coordinates":[[[-81.0511775,46.496447],[-81.0508873,46.4966822],[-81.0507546,46.4967933]]]}},
{"type":"Feature","properties":{"full_id":"w1443605224","osm_id":"1443605224","osm_type":"way","railway":"rail","covered":null,"tunnel":null,"railway:track_ref":null,"abandoned:electrified":null,"Source":null,"layer":null,"bridge":null,"railway:preferred_direction":null,"workrules":null,"railway:traffic_mode":null,"usage":null,"reporting_marks":null,"owner:wikipedia":null,"owner:wikidata":null,"owner":null,"operator:wikipedia":null,"operator:wikidata":null,"operator:short":null,"operator":null,"name":null,"maxspeed":null,"service":"spur","gauge":"1435","electrified":"no"},"geometry":{"type":"MultiLineString","coordinates":[[[-80.7999271,46.5620715],[-80.7996394,46.5619738],[-80.7993608,46.5618938],[-80.799102,46.5618159],[-80.7986672,46.5616491],[-80.7975863,46.5612217]]]}},
{"type":"Feature","properties":{"full_id":"w1443605225","osm_id":"1443605225","osm_type":"way","railway":"rail","covered":null,"tunnel":null,"railway:track_ref":null,"abandoned:electrified":null,"Source":null,"layer":null,"bridge":null,"railway:preferred_direction":null,"workrules":null,"railway:traffic_mode":null,"usage":null,"reporting_marks":null,"owner:wikipedia":null,"owner:wikidata":null,"owner":null,"operator:wikipedia":null,"operator:wikidata":null,"operator:short":null,"operator":null,"name":null,"maxspeed":null,"service":"spur","gauge":"1435","electrified":"no"},"geometry":{"type":"MultiLineString","coordinates":[[[-80.7962959,46.5606496],[-80.796031,46.5605615],[-80.7957598,46.5604838],[-80.7954913,46.5604084],[-80.7952567,46.5603441],[-80.7948864,46.5602471],[-80.7947365,46.5602035],[-80.7945919,46.5601526],[-80.7931599,46.5595948],[-80.792846,46.5594681],[-80.7909531,46.5587264],[-80.7889577,46.5579408],[-80.7885839,46.5577857],[-80.7882528,46.5576418],[-80.7879278,46.5574826],[-80.7875723,46.5572954],[-80.7870601,46.5569941],[-80.7867858,46.5568251],[-80.7865563,46.5566756],[-80.7862887,46.5564869],[-80.786053,46.5563039],[-80.7858032,46.5561139],[-80.7855696,46.5559501],[-80.7853136,46.5557894],[-80.7850061,46.5556098],[-80.7846676,46.5554091],[-80.7843696,46.5552149],[-80.7840622,46.5549672]]]}},
{"type":"Feature","properties":{"full_id":"w1443605226","osm_id":"1443605226","osm_type":"way","railway":"rail","covered":null,"tunnel":null,"railway:track_ref":null,"abandoned:electrified":null,"Source":null,"layer":null,"bridge":null,"railway:preferred_direction":null,"workrules":null,"railway:traffic_mode":null,"usage":null,"reporting_marks":null,"owner:wikipedia":null,"owner:wikidata":null,"owner":null,"operator:wikipedia":null,"operator:wikidata":null,"operator:short":null,"operator":null,"name":null,"maxspeed":null,"service":"spur","gauge":"1435","electrified":"no"},"geometry":{"type":"MultiLineString","coordinates":[[[-80.7952567,46.5603441],[-80.7949641,46.560248],[-80.7947427,46.5601614],[-80.7925065,46.5592683],[-80.791699,46.5589485],[-80.7890157,46.557898],[-80.7886053,46.5577304],[-80.7882884,46.5575907],[-80.787939,46.5574196],[-80.7876343,46.5572576],[-80.7873215,46.5570743],[-80.7869294,46.5568355],[-80.7866484,46.5566548],[-80.7863538,46.5564564],[-80.7860552,46.5562287]]]}},
{"type":"Feature","properties":{"full_id":"w1443605227","osm_id":"1443605227","osm_type":"way","railway":"rail","covered":null,"tunnel":null,"railway:track_ref":null,"abandoned:electrified":null,"Source":null,"layer":null,"bridge":null,"railway:preferred_direction":null,"workrules":null,"railway:traffic_mode":null,"usage":null,"reporting_marks":null,"owner:wikipedia":null,"owner:wikidata":null,"owner":null,"operator:wikipedia":null,"operator:wikidata":null,"operator:short":null,"operator":null,"name":null,"maxspeed":null,"service":"spur","gauge":"1435","electrified":"no"},"geometry":{"type":"MultiLineString","coordinates":[[[-80.7931599,46.5595948],[-80.7929591,46.5594983],[-80.7927192,46.5593709],[-80.7925065,46.5592683]]]}},
{"type":"Feature","properties":{"full_id":"w1443606882","osm_id":"1443606882","osm_type":"way","railway":"rail","covered":null,"tunnel":null,"railway:track_ref":null,"abandoned:electrified":null,"Source":null,"layer":null,"bridge":null,"railway:preferred_direction":null,"workrules":null,"railway:traffic_mode":null,"usage":null,"reporting_marks":null,"owner:wikipedia":null,"owner:wikidata":null,"owner":null,"operator:wikipedia":null,"operator:wikidata":null,"operator:short":null,"operator":null,"name":"Falconbridge Spur","maxspeed":null,"service":"spur","gauge":"1435","electrified":"no"},"geometry":{"type":"MultiLineString","coordinates":[[[-80.8063241,46.5676114],[-80.8040316,46.5646998]]]}},
{"type":"Feature","properties":{"full_id":"w1443606883","osm_id":"1443606883","osm_type":"way","railway":"rail","covered":null,"tunnel":null,"railway:track_ref":null,"abandoned:electrified":null,"Source":null,"layer":null,"bridge":null,"railway:preferred_direction":null,"workrules":null,"railway:traffic_mode":null,"usage":null,"reporting_marks":null,"owner:wikipedia":null,"owner:wikidata":null,"owner":null,"operator:wikipedia":null,"operator:wikidata":null,"operator:short":null,"operator":null,"name":"Falconbridge Spur","maxspeed":null,"service":"spur","gauge":"1435","electrified":"no"},"geometry":{"type":"MultiLineString","coordinates":[[[-80.8036548,46.5732381],[-80.8032319,46.5734096],[-80.8028629,46.5735393],[-80.8025056,46.5736282],[-80.8021356,46.5736933],[-80.8017956,46.5737253],[-80.8014047,46.5737374],[-80.8004574,46.5737128]]]}},
{"type":"Feature","properties":{"full_id":"w1443606884","osm_id":"1443606884","osm_type":"way","railway":"rail","covered":null,"tunnel":null,"railway:track_ref":null,"abandoned:electrified":null,"Source":null,"layer":null,"bridge":null,"railway:preferred_direction":null,"workrules":null,"railway:traffic_mode":null,"usage":null,"reporting_marks":null,"owner:wikipedia":null,"owner:wikidata":null,"owner":null,"operator:wikipedia":null,"operator:wikidata":null,"operator:short":null,"operator":null,"name":null,"maxspeed":null,"service":"spur","gauge":"1435","electrified":"no"},"geometry":{"type":"MultiLineString","coordinates":[[[-80.7978552,46.5753998],[-80.7977141,46.5756378],[-80.7976186,46.5757719],[-80.7975449,46.5758834],[-80.7974767,46.5760076],[-80.7965481,46.5780276],[-80.7963462,46.5784929],[-80.7962404,46.5787959],[-80.7961981,46.5789661],[-80.7961319,46.5792134]]]}},
{"type":"Feature","properties":{"full_id":"w1443606885","osm_id":"1443606885","osm_type":"way","railway":"rail","covered":null,"tunnel":null,"railway:track_ref":null,"abandoned:electrified":null,"Source":null,"layer":null,"bridge":null,"railway:preferred_direction":null,"workrules":null,"railway:traffic_mode":null,"usage":null,"reporting_marks":null,"owner:wikipedia":null,"owner:wikidata":null,"owner":null,"operator:wikipedia":null,"operator:wikidata":null,"operator:short":null,"operator":null,"name":null,"maxspeed":null,"service":"spur","gauge":"1435","electrified":"no"},"geometry":{"type":"MultiLineString","coordinates":[[[-80.7964573,46.578046],[-80.796318,46.5783491],[-80.7962863,46.5784404],[-80.7962598,46.5785471],[-80.7962475,46.5786635],[-80.7962404,46.5787959]]]}},
{"type":"Feature","properties":{"full_id":"w1443606886","osm_id":"1443606886","osm_type":"way","railway":"rail","covered":null,"tunnel":null,"railway:track_ref":null,"abandoned:electrified":null,"Source":null,"layer":null,"bridge":null,"railway:preferred_direction":null,"workrules":null,"railway:traffic_mode":null,"usage":null,"reporting_marks":null,"owner:wikipedia":null,"owner:wikidata":null,"owner":null,"operator:wikipedia":null,"operator:wikidata":null,"operator:short":null,"operator":null,"name":null,"maxspeed":null,"service":"spur","gauge":"1435","electrified":"no"},"geometry":{"type":"MultiLineString","coordinates":[[[-80.7977141,46.5756378],[-80.797636,46.5757719],[-80.7975763,46.5758961],[-80.7968108,46.5775998],[-80.7967541,46.5777114],[-80.7966868,46.5778208],[-80.7966255,46.5779113],[-80.7965481,46.5780276]]]}},
{"type":"Feature","properties":{"full_id":"w1443606887","osm_id":"1443606887","osm_type":"way","railway":"rail","covered":null,"tunnel":"yes","railway:track_ref":null,"abandoned:electrified":null,"Source":null,"layer":"-1","bridge":null,"railway:preferred_direction":null,"workrules":null,"railway:traffic_mode":null,"usage":null,"reporting_marks":null,"owner:wikipedia":null,"owner:wikidata":null,"owner":null,"operator:wikipedia":null,"operator:wikidata":null,"operator:short":null,"operator":null,"name":null,"maxspeed":null,"service":"spur","gauge":"1435","electrified":"no"},"geometry":{"type":"MultiLineString","coordinates":[[[-80.7963521,46.5774173],[-80.7961244,46.5782224]]]}},
{"type":"Feature","properties":{"full_id":"w1443606888","osm_id":"1443606888","osm_type":"way","railway":"rail","covered":null,"tunnel":"yes","railway:track_ref":null,"abandoned:electrified":null,"Source":null,"layer":"-1","bridge":null,"railway:preferred_direction":null,"workrules":null,"railway:traffic_mode":null,"usage":null,"reporting_marks":null,"owner:wikipedia":null,"owner:wikidata":null,"owner":null,"operator:wikipedia":null,"operator:wikidata":null,"operator:short":null,"operator":null,"name":null,"maxspeed":null,"service":"spur","gauge":"1435","electrified":"no"},"geometry":{"type":"MultiLineString","coordinates":[[[-80.7961736,46.5782288],[-80.79641,46.5774241]]]}},
{"type":"Feature","properties":{"full_id":"w1443606889","osm_id":"1443606889","osm_type":"way","railway":"rail","covered":null,"tunnel":null,"railway:track_ref":null,"abandoned:electrified":null,"Source":null,"layer":null,"bridge":null,"railway:preferred_direction":null,"workrules":null,"railway:traffic_mode":null,"usage":null,"reporting_marks":null,"owner:wikipedia":null,"owner:wikidata":null,"owner":null,"operator:wikipedia":null,"operator:wikidata":null,"operator:short":null,"operator":null,"name":null,"maxspeed":null,"service":"spur","gauge":"1435","electrified":"no"},"geometry":{"type":"MultiLineString","coordinates":[[[-80.7959579,46.5788405],[-80.7960102,46.5787156],[-80.7960548,46.5786199],[-80.7960944,46.5785081],[-80.7961736,46.5782288]]]}},
{"type":"Feature","properties":{"full_id":"w1443606890","osm_id":"1443606890","osm_type":"way","railway":"rail","covered":null,"tunnel":null,"railway:track_ref":null,"abandoned:electrified":null,"Source":null,"layer":null,"bridge":null,"railway:preferred_direction":null,"workrules":null,"railway:traffic_mode":null,"usage":null,"reporting_marks":null,"owner:wikipedia":null,"owner:wikidata":null,"owner":null,"operator:wikipedia":null,"operator:wikidata":null,"operator:short":null,"operator":null,"name":null,"maxspeed":null,"service":"spur","gauge":"1435","electrified":"no"},"geometry":{"type":"MultiLineString","coordinates":[[[-80.7958711,46.5793727],[-80.7958768,46.5791877],[-80.7958626,46.578995],[-80.7957854,46.5783293],[-80.7957671,46.5781562],[-80.7957651,46.5780012],[-80.7957915,46.5778267],[-80.7958382,46.5776507],[-80.795954,46.5772528]]]}},
{"type":"Feature","properties":{"full_id":"w1443610277","osm_id":"1443610277","osm_type":"way","railway":"rail","covered":null,"tunnel":null,"railway:track_ref":null,"abandoned:electrified":null,"Source":null,"layer":null,"bridge":null,"railway:preferred_direction":null,"workrules":null,"railway:traffic_mode":null,"usage":null,"reporting_marks":null,"owner:wikipedia":null,"owner:wikidata":null,"owner":null,"operator:wikipedia":null,"operator:wikidata":null,"operator:short":null,"operator":null,"name":null,"maxspeed":null,"service":"spur","gauge":"1435","electrified":"no"},"geometry":{"type":"MultiLineString","coordinates":[[[-80.797947,46.5751993],[-80.7979107,46.5753304],[-80.797875,46.5754656],[-80.7978157,46.575719],[-80.7977303,46.5760595],[-80.7977036,46.5761852],[-80.7976893,46.5763039],[-80.7976908,46.5764436],[-80.79773,46.5775246],[-80.7977239,46.5777327],[-80.7976995,46.5778932],[-80.7976406,46.5780496],[-80.797541,46.5782144],[-80.7974482,46.5783526],[-80.7973445,46.578486],[-80.797177,46.578665],[-80.7969644,46.5788635],[-80.7959081,46.579797],[-80.7957351,46.5799507],[-80.7956046,46.5800828],[-80.7954335,46.5802729]]]}},
{"type":"Feature","properties":{"full_id":"w1443610278","osm_id":"1443610278","osm_type":"way","railway":"rail","covered":null,"tunnel":null,"railway:track_ref":null,"abandoned:electrified":null,"Source":null,"layer":null,"bridge":null,"railway:preferred_direction":null,"workrules":null,"railway:traffic_mode":null,"usage":null,"reporting_marks":null,"owner:wikipedia":null,"owner:wikidata":null,"owner":null,"operator:wikipedia":null,"operator:wikidata":null,"operator:short":null,"operator":null,"name":null,"maxspeed":null,"service":"spur","gauge":"1435","electrified":"no"},"geometry":{"type":"MultiLineString","coordinates":[[[-80.797177,46.578665],[-80.797464,46.578399],[-80.7977167,46.5781722],[-80.7979039,46.578021],[-80.7980981,46.5778779],[-80.7982923,46.5777637],[-80.7985711,46.5776323],[-80.7989284,46.5774841]]]}},
{"type":"Feature","properties":{"full_id":"w1443610279","osm_id":"1443610279","osm_type":"way","railway":"rail","covered":null,"tunnel":null,"railway:track_ref":null,"abandoned:electrified":null,"Source":null,"layer":null,"bridge":null,"railway:preferred_direction":null,"workrules":null,"railway:traffic_mode":null,"usage":null,"reporting_marks":null,"owner:wikipedia":null,"owner:wikidata":null,"owner":null,"operator:wikipedia":null,"operator:wikidata":null,"operator:short":null,"operator":null,"name":null,"maxspeed":null,"service":"spur","gauge":"1435","electrified":"no"},"geometry":{"type":"MultiLineString","coordinates":[[[-80.797464,46.578399],[-80.7976752,46.5781794],[-80.7978012,46.5780384],[-80.7979413,46.5779141],[-80.798116,46.5777842],[-80.798311,46.5776628],[-80.7985081,46.577565],[-80.7991541,46.5772952]]]}},
{"type":"Feature","properties":{"full_id":"w1443610280","osm_id":"1443610280","osm_type":"way","railway":"rail","covered":null,"tunnel":"yes","railway:track_ref":null,"abandoned:electrified":null,"Source":null,"layer":"-1","bridge":null,"railway:preferred_direction":null,"workrules":null,"railway:traffic_mode":null,"usage":null,"reporting_marks":null,"owner:wikipedia":null,"owner:wikidata":null,"owner":null,"operator:wikipedia":null,"operator:wikidata":null,"operator:short":null,"operator":null,"name":null,"maxspeed":null,"service":"spur","gauge":"1435","electrified":"no"},"geometry":{"type":"MultiLineString","coordinates":[[[-80.7991541,46.5772952],[-80.7996974,46.577076]]]}},
{"type":"Feature","properties":{"full_id":"w1443610281","osm_id":"1443610281","osm_type":"way","railway":"rail","covered":null,"tunnel":null,"railway:track_ref":null,"abandoned:electrified":null,"Source":null,"layer":null,"bridge":null,"railway:preferred_direction":null,"workrules":null,"railway:traffic_mode":null,"usage":null,"reporting_marks":null,"owner:wikipedia":null,"owner:wikidata":null,"owner":null,"operator:wikipedia":null,"operator:wikidata":null,"operator:short":null,"operator":null,"name":null,"maxspeed":null,"service":"spur","gauge":"1435","electrified":"no"},"geometry":{"type":"MultiLineString","coordinates":[[[-80.797875,46.5754656],[-80.7978134,46.575617],[-80.7977323,46.5758011],[-80.796829,46.5777894],[-80.7964049,46.5787401],[-80.7963177,46.578939],[-80.7962472,46.5790737],[-80.7961661,46.5792284],[-80.7960031,46.579468]]]}},
{"type":"Feature","properties":{"full_id":"w1443610282","osm_id":"1443610282","osm_type":"way","railway":"rail","covered":null,"tunnel":null,"railway:track_ref":null,"abandoned:electrified":null,"Source":null,"layer":null,"bridge":null,"railway:preferred_direction":null,"workrules":null,"railway:traffic_mode":null,"usage":null,"reporting_marks":null,"owner:wikipedia":null,"owner:wikidata":null,"owner":null,"operator:wikipedia":null,"operator:wikidata":null,"operator:short":null,"operator":null,"name":null,"maxspeed":null,"service":"spur","gauge":"1435","electrified":"no"},"geometry":{"type":"MultiLineString","coordinates":[[[-80.7978157,46.575719],[-80.7977415,46.5758983],[-80.7976408,46.5761301],[-80.7968366,46.5779132],[-80.7964451,46.5787719],[-80.7963869,46.5788971],[-80.7963251,46.579013],[-80.7961661,46.5792284]]]}},
{"type":"Feature","properties":{"full_id":"w1443610283","osm_id":"1443610283","osm_type":"way","railway":"rail","covered":null,"tunnel":null,"railway:track_ref":null,"abandoned:electrified":null,"Source":null,"layer":null,"bridge":null,"railway:preferred_direction":null,"workrules":null,"railway:traffic_mode":null,"usage":null,"reporting_marks":null,"owner:wikipedia":null,"owner:wikidata":null,"owner":null,"operator:wikipedia":null,"operator:wikidata":null,"operator:short":null,"operator":null,"name":null,"maxspeed":null,"service":"spur","gauge":"1435","electrified":"no"},"geometry":{"type":"MultiLineString","coordinates":[[[-80.7976408,46.5761301],[-80.7975914,46.5762868],[-80.7975548,46.5764166],[-80.7975162,46.5765437],[-80.7974613,46.5766814],[-80.7966215,46.5785209],[-80.7965569,46.5786515],[-80.796496,46.578763],[-80.7964264,46.5788806],[-80.7963251,46.579013]]]}},
{"type":"Feature","properties":{"full_id":"w1443610284","osm_id":"1443610284","osm_type":"way","railway":"rail","covered":null,"tunnel":null,"railway:track_ref":null,"abandoned:electrified":null,"Source":null,"layer":null,"bridge":null,"railway:preferred_direction":null,"workrules":null,"railway:traffic_mode":null,"usage":null,"reporting_marks":null,"owner:wikipedia":null,"owner:wikidata":null,"owner":null,"operator:wikipedia":null,"operator:wikidata":null,"operator:short":null,"operator":null,"name":null,"maxspeed":null,"service":"spur","gauge":"1435","electrified":"no"},"geometry":{"type":"MultiLineString","coordinates":[[[-80.7980495,46.5749664],[-80.7981724,46.5747902],[-80.7982929,46.5746396],[-80.7984411,46.5745135],[-80.7986016,46.5744274],[-80.7987709,46.5743499],[-80.7989437,46.5742856],[-80.7991218,46.5742383],[-80.7993546,46.5742141],[-80.7995874,46.5742044],[-80.7998396,46.5742226],[-80.8001052,46.5742783],[-80.8003209,46.5743494],[-80.8005073,46.5744371],[-80.8007388,46.5745811],[-80.801511,46.5751135],[-80.8019312,46.575405],[-80.8023314,46.5756829],[-80.8025264,46.5758226],[-80.8026896,46.5759265],[-80.8028768,46.5760199],[-80.8030952,46.5761018],[-80.8038708,46.5763307],[-80.8046285,46.5765625]]]}},
{"type":"Feature","properties":{"full_id":"w1443610285","osm_id":"1443610285","osm_type":"way","railway":"rail","covered":null,"tunnel":null,"railway:track_ref":null,"abandoned:electrified":null,"Source":null,"layer":null,"bridge":null,"railway:preferred_direction":null,"workrules":null,"railway:traffic_mode":null,"usage":null,"reporting_marks":null,"owner:wikipedia":null,"owner:wikidata":null,"owner":null,"operator:wikipedia":null,"operator:wikidata":null,"operator:short":null,"operator":null,"name":null,"maxspeed":null,"service":"spur","gauge":"1435","electrified":"no"},"geometry":{"type":"MultiLineString","coordinates":[[[-80.801511,46.5751135],[-80.8018542,46.5753194],[-80.8020507,46.5754047],[-80.8022683,46.5754738],[-80.8024672,46.5755189],[-80.8026323,46.5755478],[-80.8027999,46.5755704],[-80.8030072,46.575591],[-80.8032207,46.5756073],[-80.8034266,46.5756186],[-80.8036021,46.5756347],[-80.8037636,46.5756604],[-80.8039227,46.5756862],[-80.8040841,46.5757038],[-80.8043696,46.5757119]]]}},
{"type":"Feature","properties":{"full_id":"w1443610286","osm_id":"1443610286","osm_type":"way","railway":"rail","covered":null,"tunnel":"yes","railway:track_ref":null,"abandoned:electrified":null,"Source":null,"layer":"-1","bridge":null,"railway:preferred_direction":null,"workrules":null,"railway:traffic_mode":null,"usage":null,"reporting_marks":null,"owner:wikipedia":null,"owner:wikidata":null,"owner":null,"operator:wikipedia":null,"operator:wikidata":null,"operator:short":null,"operator":null,"name":null,"maxspeed":null,"service":"spur","gauge":"1435","electrified":"no"},"geometry":{"type":"MultiLineString","coordinates":[[[-80.8043696,46.5757119],[-80.8044703,46.575713],[-80.8046597,46.5757167]]]}},
{"type":"Feature","properties":{"full_id":"w1443610287","osm_id":"1443610287","osm_type":"way","railway":"rail","covered":null,"tunnel":null,"railway:track_ref":null,"abandoned:electrified":null,"Source":null,"layer":null,"bridge":null,"railway:preferred_direction":null,"workrules":null,"railway:traffic_mode":null,"usage":null,"reporting_marks":null,"owner:wikipedia":null,"owner:wikidata":null,"owner":null,"operator:wikipedia":null,"operator:wikidata":null,"operator:short":null,"operator":null,"name":null,"maxspeed":null,"service":"spur","gauge":"1435","electrified":"no"},"geometry":{"type":"MultiLineString","coordinates":[[[-80.8032207,46.5756073],[-80.8034432,46.5756032],[-80.8035841,46.575599],[-80.8037249,46.5755811],[-80.8038413,46.575558],[-80.8039591,46.5755464],[-80.8040954,46.5755411],[-80.8043795,46.575549]]]}},
{"type":"Feature","properties":{"full_id":"w1443610288","osm_id":"1443610288","osm_type":"way","railway":"rail","covered":null,"tunnel":"yes","railway:track_ref":null,"abandoned:electrified":null,"Source":null,"layer":"-1","bridge":null,"railway:preferred_direction":null,"workrules":null,"railway:traffic_mode":null,"usage":null,"reporting_marks":null,"owner:wikipedia":null,"owner:wikidata":null,"owner":null,"operator:wikipedia":null,"operator:wikidata":null,"operator:short":null,"operator":null,"name":null,"maxspeed":null,"service":"spur","gauge":"1435","electrified":"no"},"geometry":{"type":"MultiLineString","coordinates":[[[-80.8043795,46.575549],[-80.8046636,46.5755569]]]}},
{"type":"Feature","properties":{"full_id":"w1443610289","osm_id":"1443610289","osm_type":"way","railway":"rail","covered":null,"tunnel":null,"railway:track_ref":null,"abandoned:electrified":null,"Source":null,"layer":null,"bridge":null,"railway:preferred_direction":null,"workrules":null,"railway:traffic_mode":null,"usage":null,"reporting_marks":null,"owner:wikipedia":null,"owner:wikidata":null,"owner":null,"operator:wikipedia":null,"operator:wikidata":null,"operator:short":null,"operator":null,"name":null,"maxspeed":null,"service":"spur","gauge":"1435","electrified":"no"},"geometry":{"type":"MultiLineString","coordinates":[[[-80.8019312,46.575405],[-80.8022655,46.5756031],[-80.8024714,46.5757093],[-80.8027107,46.5758042],[-80.8029441,46.5758701],[-80.8031899,46.5759184],[-80.8034777,46.5759473],[-80.8037515,46.5759666],[-80.8041118,46.5759763]]]}},
{"type":"Feature","properties":{"full_id":"w1443610290","osm_id":"1443610290","osm_type":"way","railway":"rail","covered":null,"tunnel":null,"railway:track_ref":null,"abandoned:electrified":null,"Source":null,"layer":null,"bridge":null,"railway:preferred_direction":null,"workrules":null,"railway:traffic_mode":null,"usage":null,"reporting_marks":null,"owner:wikipedia":null,"owner:wikidata":null,"owner":null,"operator:wikipedia":null,"operator:wikidata":null,"operator:short":null,"operator":null,"name":null,"maxspeed":null,"service":"spur","gauge":"1435","electrified":"no"},"geometry":{"type":"MultiLineString","coordinates":[[[-80.8045517,46.5759908],[-80.805717,46.5760278]]]}},
{"type":"Feature","properties":{"full_id":"w1443610291","osm_id":"1443610291","osm_type":"way","railway":"rail","covered":null,"tunnel":"yes","railway:track_ref":null,"abandoned:electrified":null,"Source":null,"layer":"-1","bridge":null,"railway:preferred_direction":null,"workrules":null,"railway:traffic_mode":null,"usage":null,"reporting_marks":null,"owner:wikipedia":null,"owner:wikidata":null,"owner":null,"operator:wikipedia":null,"operator:wikidata":null,"operator:short":null,"operator":null,"name":null,"maxspeed":null,"service":"spur","gauge":"1435","electrified":"no"},"geometry":{"type":"MultiLineString","coordinates":[[[-80.8041118,46.5759763],[-80.8045517,46.5759908]]]}},
{"type":"Feature","properties":{"full_id":"w1443610991","osm_id":"1443610991","osm_type":"way","railway":"rail","covered":null,"tunnel":null,"railway:track_ref":null,"abandoned:electrified":null,"Source":null,"layer":null,"bridge":null,"railway:preferred_direction":null,"workrules":null,"railway:traffic_mode":null,"usage":null,"reporting_marks":null,"owner:wikipedia":null,"owner:wikidata":null,"owner":null,"operator:wikipedia":null,"operator:wikidata":null,"operator:short":null,"operator":"Canadian Pacific Kansas City","name":null,"maxspeed":null,"service":"yard","gauge":"1435","electrified":"no"},"geometry":{"type":"MultiLineString","coordinates":[[[-80.8152922,46.5547542],[-80.8149506,46.5548895],[-80.8146987,46.5549803],[-80.814333,46.5551005],[-80.8141543,46.5551689],[-80.8079349,46.5579492],[-80.8076941,46.558068],[-80.807493,46.5581769],[-80.8072858,46.5582956],[-80.807103,46.5584065],[-80.8069003,46.5585141]]]}},
{"type":"Feature","properties":{"full_id":"w1443610992","osm_id":"1443610992","osm_type":"way","railway":"rail","covered":null,"tunnel":null,"railway:track_ref":null,"abandoned:electrified":null,"Source":null,"layer":null,"bridge":null,"railway:preferred_direction":null,"workrules":null,"railway:traffic_mode":null,"usage":null,"reporting_marks":null,"owner:wikipedia":null,"owner:wikidata":null,"owner":null,"operator:wikipedia":null,"operator:wikidata":null,"operator:short":null,"operator":"Canadian Pacific Kansas City","name":null,"maxspeed":null,"service":"yard","gauge":"1435","electrified":"no"},"geometry":{"type":"MultiLineString","coordinates":[[[-80.8146987,46.5549803],[-80.8144444,46.555082],[-80.8078469,46.5580365],[-80.8075767,46.5581581],[-80.8072858,46.5582956]]]}},
{"type":"Feature","properties":{"full_id":"w1452648612","osm_id":"1452648612","osm_type":"way","railway":"rail","covered":null,"tunnel":null,"railway:track_ref":null,"abandoned:electrified":"contact_line","Source":null,"layer":null,"bridge":null,"railway:preferred_direction":null,"workrules":null,"railway:traffic_mode":null,"usage":null,"reporting_marks":null,"owner:wikipedia":null,"owner:wikidata":null,"owner":null,"operator:wikipedia":null,"operator:wikidata":null,"operator:short":null,"operator":"Vale","name":null,"maxspeed":null,"service":"yard","gauge":"1435","electrified":"no"},"geometry":{"type":"MultiLineString","coordinates":[[[-81.0614828,46.486735],[-81.0616229,46.4864761]]]}},
{"type":"Feature","properties":{"full_id":"w1452648614","osm_id":"1452648614","osm_type":"way","railway":"rail","covered":null,"tunnel":null,"railway:track_ref":null,"abandoned:electrified":"contact_line","Source":null,"layer":null,"bridge":null,"railway:preferred_direction":null,"workrules":null,"railway:traffic_mode":null,"usage":null,"reporting_marks":null,"owner:wikipedia":null,"owner:wikidata":null,"owner":null,"operator:wikipedia":null,"operator:wikidata":null,"operator:short":null,"operator":"Vale","name":null,"maxspeed":null,"service":"siding","gauge":"1435","electrified":"no"},"geometry":{"type":"MultiLineString","coordinates":[[[-81.0586838,46.4890994],[-81.0585117,46.4893378],[-81.0583135,46.4896401],[-81.0581884,46.4898014],[-81.0579842,46.4900106],[-81.0579027,46.4900784],[-81.0577364,46.4901956],[-81.0576586,46.4902556],[-81.0572536,46.4905806],[-81.0565294,46.4911983],[-81.0562921,46.4913765],[-81.0559259,46.4916452],[-81.0538244,46.4931677]]]}},
{"type":"Feature","properties":{"full_id":"w1452648615","osm_id":"1452648615","osm_type":"way","railway":"rail","covered":null,"tunnel":null,"railway:track_ref":null,"abandoned:electrified":"contact_line","Source":null,"layer":null,"bridge":null,"railway:preferred_direction":null,"workrules":null,"railway:traffic_mode":null,"usage":null,"reporting_marks":null,"owner:wikipedia":null,"owner:wikidata":null,"owner":null,"operator:wikipedia":null,"operator:wikidata":null,"operator:short":null,"operator":"Vale","name":null,"maxspeed":null,"service":"siding","gauge":"1435","electrified":"no"},"geometry":{"type":"MultiLineString","coordinates":[[[-81.0557999,46.4917126],[-81.0555464,46.4918779],[-81.0539036,46.4930542]]]}},
{"type":"Feature","properties":{"full_id":"w1452648616","osm_id":"1452648616","osm_type":"way","railway":"rail","covered":null,"tunnel":null,"railway:track_ref":null,"abandoned:electrified":"contact_line","Source":null,"layer":null,"bridge":null,"railway:preferred_direction":null,"workrules":null,"railway:traffic_mode":null,"usage":null,"reporting_marks":null,"owner:wikipedia":null,"owner:wikidata":null,"owner":null,"operator:wikipedia":null,"operator:wikidata":null,"operator:short":null,"operator":null,"name":null,"maxspeed":null,"service":"yard","gauge":"1435","electrified":"no"},"geometry":{"type":"MultiLineString","coordinates":[[[-81.0516747,46.4959384],[-81.0509518,46.4964221],[-81.050712,46.496598],[-81.0504731,46.4968121]]]}},
{"type":"Feature","properties":{"full_id":"w1452648617","osm_id":"1452648617","osm_type":"way","railway":"rail","covered":null,"tunnel":null,"railway:track_ref":null,"abandoned:electrified":"contact_line","Source":null,"layer":null,"bridge":null,"railway:preferred_direction":null,"workrules":null,"railway:traffic_mode":null,"usage":null,"reporting_marks":null,"owner:wikipedia":null,"owner:wikidata":null,"owner":null,"operator:wikipedia":null,"operator:wikidata":null,"operator:short":null,"operator":"Vale","name":null,"maxspeed":null,"service":"crossover","gauge":"1435","electrified":"no"},"geometry":{"type":"MultiLineString","coordinates":[[[-81.0507359,46.4968126],[-81.0505922,46.4969381],[-81.0504825,46.4970075],[-81.0502718,46.4971293],[-81.05017,46.4971921],[-81.050009,46.4973186],[-81.0498395,46.4974791]]]}},
{"type":"Feature","properties":{"full_id":"w1452648618","osm_id":"1452648618","osm_type":"way","railway":"rail","covered":null,"tunnel":null,"railway:track_ref":null,"abandoned:electrified":"contact_line","Source":null,"layer":null,"bridge":null,"railway:preferred_direction":null,"workrules":null,"railway:traffic_mode":null,"usage":null,"reporting_marks":null,"owner:wikipedia":null,"owner:wikidata":null,"owner":null,"operator:wikipedia":null,"operator:wikidata":null,"operator:short":null,"operator":"Vale","name":null,"maxspeed":null,"service":"spur","gauge":"1435","electrified":"no"},"geometry":{"type":"MultiLineString","coordinates":[[[-81.031825,46.5063606],[-81.0319349,46.5062701],[-81.0320546,46.5061788],[-81.0323078,46.5060043],[-81.0325374,46.5058742],[-81.0327718,46.5057643],[-81.0330427,46.5056517],[-81.0333367,46.5055678],[-81.0336773,46.5054718],[-81.0341209,46.5053821],[-81.0359019,46.5050591],[-81.0370231,46.5048431],[-81.0375408,46.5047489],[-81.0378331,46.5046991],[-81.0380611,46.5046714],[-81.0382328,46.5046548],[-81.0385573,46.5046381],[-81.0390294,46.5046345],[-81.0394719,46.5046345],[-81.0397348,46.5046178],[-81.0399494,46.5045901],[-81.0401693,46.5045495],[-81.0403946,46.5044794],[-81.040628,46.5044018],[-81.0409123,46.5042892],[-81.0411966,46.5041471],[-81.0416553,46.5039052]]]}},
{"type":"Feature","properties":{"full_id":"w1452648619","osm_id":"1452648619","osm_type":"way","railway":"rail","covered":null,"tunnel":null,"railway:track_ref":null,"abandoned:electrified":"contact_line","Source":null,"layer":null,"bridge":null,"railway:preferred_direction":null,"workrules":null,"railway:traffic_mode":null,"usage":null,"reporting_marks":null,"owner:wikipedia":null,"owner:wikidata":null,"owner":null,"operator:wikipedia":null,"operator:wikidata":null,"operator:short":null,"operator":"Canadian Pacific Kansas City","name":null,"maxspeed":null,"service":"spur","gauge":"1435","electrified":"no"},"geometry":{"type":"MultiLineString","coordinates":[[[-81.04051,46.5045218],[-81.0409686,46.5043169],[-81.0411322,46.5042394],[-81.0413441,46.5040991],[-81.0416553,46.5039052]]]}},
{"type":"Feature","properties":{"full_id":"w1453792765","osm_id":"1453792765","osm_type":"way","railway":"rail","covered":null,"tunnel":null,"railway:track_ref":null,"abandoned:electrified":null,"Source":null,"layer":null,"bridge":null,"railway:preferred_direction":null,"workrules":null,"railway:traffic_mode":null,"usage":null,"reporting_marks":"CPKC","owner:wikipedia":null,"owner:wikidata":null,"owner":null,"operator:wikipedia":"en:Canadian Pacific Kansas City","operator:wikidata":"Q117706368","operator:short":null,"operator":"Canadian Pacific Kansas City","name":null,"maxspeed":null,"service":"yard","gauge":"1435","electrified":"no"},"geometry":{"type":"MultiLineString","coordinates":[[[-80.9869063,46.4846848],[-80.9867588,46.4846549],[-80.9864969,46.4845959],[-80.98627,46.4845372]]]}},
{"type":"Feature","properties":{"full_id":"w1453797771","osm_id":"1453797771","osm_type":"way","railway":"rail","covered":null,"tunnel":null,"railway:track_ref":null,"abandoned:electrified":null,"Source":null,"layer":null,"bridge":null,"railway:preferred_direction":null,"workrules":null,"railway:traffic_mode":null,"usage":null,"reporting_marks":"CPKC","owner:wikipedia":null,"owner:wikidata":null,"owner":null,"operator:wikipedia":"en:Canadian Pacific Kansas City","operator:wikidata":"Q117706368","operator:short":null,"operator":"Canadian Pacific Kansas City","name":null,"maxspeed":null,"service":"yard","gauge":"1435","electrified":"no"},"geometry":{"type":"MultiLineString","coordinates":[[[-81.0029223,46.4886548],[-81.0025933,46.4888811],[-81.002403,46.4889945],[-81.0021895,46.4891239],[-81.0020038,46.4892086],[-81.0018031,46.4892765],[-81.0016116,46.4893244],[-81.0003352,46.4895625]]]}},
{"type":"Feature","properties":{"full_id":"w1453797772","osm_id":"1453797772","osm_type":"way","railway":"rail","covered":null,"tunnel":null,"railway:track_ref":null,"abandoned:electrified":null,"Source":null,"layer":null,"bridge":null,"railway:preferred_direction":null,"workrules":null,"railway:traffic_mode":null,"usage":null,"reporting_marks":"CPKC","owner:wikipedia":null,"owner:wikidata":null,"owner":null,"operator:wikipedia":"en:Canadian Pacific Kansas City","operator:wikidata":"Q117706368","operator:short":null,"operator":"Canadian Pacific Kansas City","name":null,"maxspeed":null,"service":"yard","gauge":"1435","electrified":"no"},"geometry":{"type":"MultiLineString","coordinates":[[[-81.0026615,46.488806],[-81.0024703,46.4889074],[-81.002309,46.4889889],[-81.0021263,46.4890759],[-81.0019992,46.4891303],[-81.0018576,46.4891774],[-81.0016917,46.4892182],[-81.0015108,46.4892577],[-81.0000953,46.4895114],[-81.0000029,46.4895279]]]}}
]
}
