{
"type": "FeatureCollection",
"name": "railway_lines_clipped",
"crs": { "type": "name", "properties": { "name": "urn:ogc:def:crs:OGC:1.3:CRS84" } },
"features": [
{"type":"Feature","properties":{"OBJECTID":1,"STATUS":"Non-Active","LEGAL_NAME":"Doug Thompson Rail Corridor (Prescott Subdivision)","COMMON_NAM":"Prescott Rail Corridor","RAIL_TYPE":null,"MISC":"Prescott","COMMONNAME":"corridor ferroviaire Prescott","LABEL_BIL":"corridor ferroviaire Prescott rail corridor","GIS_UNIQUE":null,"GLOBALID":"{481F7204-40B8-4AE7-A5D5-1EE44B1A93B1}","CREATED_DA":null,"LAST_EDITE":"2025-04-25T09:11:59Z","Shape_Leng":26670.86763410905},"geometry":{"type":"MultiLineString","coordinates":[[[-75.614809962000081,45.159816400224663,0.0],[-75.613589186563274,45.154029600321742,0.0]],[[-75.613589156020552,45.154029452717431,0.0],[-75.613541481530106,45.153822101223632,0.0],[-75.613050313275451,45.151502047228227,0.0],[-75.609449217033074,45.134694042935529,0.0],[-75.608806267631422,45.131863305702431,0.0],[-75.608440994670588,45.130017628641944,0.0]],[[-75.621943303109916,45.193114422854357,0.0],[-75.622465670752675,45.195557148729712,0.0],[-75.623192384461333,45.198784407481007,0.0],[-75.623653558866948,45.201073714816403,0.0],[-75.624963233380925,45.206960147423828,0.0],[-75.625009027697473,45.207293463356066,0.0],[-75.625130640722318,45.208491268791725,0.0],[-75.625131331526774,45.20927419102285,0.0],[-75.62509300131191,45.210110810483201,0.0],[-75.625035439065144,45.210542323205253,0.0],[-75.624854589333822,45.211539832126697,0.0],[-75.624706114885356,45.212087635985945,0.0],[-75.624343983333077,45.213281733931481,0.0],[-75.621903964086982,45.221236128653572,0.0],[-75.621460299642891,45.222753545463391,0.0],[-75.621126403936614,45.223758863711126,0.0],[-75.619836744785488,45.228095431728086,0.0],[-75.619125444370482,45.230438672328297,0.0],[-75.618961885411764,45.231130328731773,0.0],[-75.618847023226266,45.231966342600934,0.0],[-75.618810658525248,45.232667978343194,0.0],[-75.618831960275585,45.233757011468477,0.0],[-75.618874238586116,45.234315270123595,0.0],[-75.619152498931911,45.236081201240339,0.0]],[[-75.616103616857586,45.165837974033323,0.0],[-75.616885095459239,45.169605583313334,0.0],[-75.61772831437203,45.173499746138944,0.0]],[[-75.616103596196339,45.16583787839545,0.0],[-75.615261337582581,45.16188971250758,0.0],[-75.614810037458582,45.159816751145193,0.0]],[[-75.617728336829913,45.17349985252973,0.0],[-75.619615303779753,45.182324490660989,0.0],[-75.62194329233013,45.193114375374833,0.0]],[[-75.619152506118425,45.236081245521092,0.0],[-75.620306319337345,45.243811131668423,0.0],[-75.627803386509058,45.297153130322307,0.0]]]}},
{"type":"Feature","properties":{"OBJECTID":2,"STATUS":"Active","LEGAL_NAME":"Walkley Line","COMMON_NAM":"Walkley Rail Corridor","RAIL_TYPE":"Heavy","MISC":"Walkley","COMMONNAME":"corridor ferroviaire Walkley","LABEL_BIL":"corridor ferroviaire Walkley rail corridor","GIS_UNIQUE":null,"GLOBALID":"{D2C7AA2E-3AF5-42F2-8CB5-C340F3804F66}","CREATED_DA":null,"LAST_EDITE":"2017-04-13T15:03:27Z","Shape_Leng":60.491761182922723},"geometry":{"type":"MultiLineString","coordinates":[[[-75.601939126984675,45.39277766056766,0.0],[-75.602086509081772,45.392654812802022,0.0],[-75.602325062993671,45.39251071687363,0.0]]]}},
{"type":"Feature","properties":{"OBJECTID":3,"STATUS":"Active","LEGAL_NAME":"Beachburg Subdivision  \"Passenger Zone\"","COMMON_NAM":"Beachburg Rail Corridor","RAIL_TYPE":"Heavy","MISC":"Beachburg","COMMONNAME":"corridor ferroviaire Beachburg","LABEL_BIL":"corridor ferroviaire Beachburg rail corridor","GIS_UNIQUE":null,"GLOBALID":"{089EFD33-34D7-4A46-AE62-A32077AA2BF9}","CREATED_DA":null,"LAST_EDITE":"2017-04-13T15:01:24Z","Shape_Leng":2553.8468408582621},"geometry":{"type":"MultiLineString","coordinates":[[[-75.68187989419971,45.362029684449304,0.0],[-75.68233283285079,45.361400024784174,0.0],[-75.682838419964057,45.360782242835853,0.0],[-75.683692343201784,45.35977734139842,0.0],[-75.685189685660063,45.3582937123875,0.0],[-75.686545719530898,45.35690276172128,0.0],[-75.688837466449456,45.354640591635018,0.0],[-75.690980824259483,45.352471027216708,0.0],[-75.692088778483139,45.351290317152248,0.0],[-75.693049470983965,45.350133214335614,0.0],[-75.694289725489412,45.348494763001582,0.0]]]}},
{"type":"Feature","properties":{"OBJECTID":4,"STATUS":"Active","LEGAL_NAME":"Walkley Line","COMMON_NAM":"Walkley Rail Corridor","RAIL_TYPE":"Heavy","MISC":"Walkley","COMMONNAME":"corridor ferroviaire Walkley","LABEL_BIL":"corridor ferroviaire Walkley rail corridor","GIS_UNIQUE":null,"GLOBALID":"{CE3E1008-524D-4C5B-A6F5-B225A16F7F10}","CREATED_DA":null,"LAST_EDITE":"2017-04-13T15:03:40Z","Shape_Leng":119.22506948766122},"geometry":{"type":"MultiLineString","coordinates":[[[-75.603877473077191,45.396274804374549,0.0],[-75.604687156083813,45.39676708899087,0.0]]]}},
{"type":"Feature","properties":{"OBJECTID":5,"STATUS":"Active","LEGAL_NAME":"Walkley Line","COMMON_NAM":"Walkley Rail Corridor","RAIL_TYPE":"Heavy","MISC":"Walkley","COMMONNAME":"corridor ferroviaire Walkley","LABEL_BIL":"corridor ferroviaire Walkley rail corridor","GIS_UNIQUE":null,"GLOBALID":"{517AF186-6BC5-48B6-8F2C-8AC7D70E9F53}","CREATED_DA":null,"LAST_EDITE":"2017-04-13T15:03:30Z","Shape_Leng":266.54154330777254},"geometry":{"type":"MultiLineString","coordinates":[[[-75.603877473077191,45.396274804374549,0.0],[-75.603257803516101,45.395882992660802,0.0],[-75.602081485702698,45.395162928985016,0.0]]]}},
{"type":"Feature","properties":{"OBJECTID":6,"STATUS":"Active","LEGAL_NAME":"N and S Freight Shed Lead","COMMON_NAM":"N and S Freight Shed Rail Corridor","RAIL_TYPE":"Heavy","MISC":"N and S Freight Shed","COMMONNAME":"corridor ferroviaire N and S Freight Shed","LABEL_BIL":"corridor ferroviaire N and S Freight Shed rail corridor","GIS_UNIQUE":null,"GLOBALID":"{FC6A83B3-8594-4519-9CA2-BED41B5069EC}","CREATED_DA":null,"LAST_EDITE":"2017-04-13T15:02:25Z","Shape_Leng":651.28900037821484},"geometry":{"type":"MultiLineString","coordinates":[[[-75.604687156083813,45.39676708899087,0.0],[-75.608027357313176,45.398790956732256,0.0],[-75.609106936451951,45.399458791355833,0.0]]]}},
{"type":"Feature","properties":{"OBJECTID":7,"STATUS":"Active","LEGAL_NAME":"Alexandria Subdivision","COMMON_NAM":"Alexandria Rail Corridor","RAIL_TYPE":"Heavy","MISC":"Alexandria","COMMONNAME":"corridor ferroviaire Alexandria","LABEL_BIL":"corridor ferroviaire Alexandria rail corridor","GIS_UNIQUE":null,"GLOBALID":"{20C1F2BA-7BA7-4074-B5D0-EF51FD0E3051}","CREATED_DA":null,"LAST_EDITE":"2017-04-13T15:01:09Z","Shape_Leng":861.28297625171479},"geometry":{"type":"MultiLineString","coordinates":[[[-75.592863299447203,45.39039377778559,0.0],[-75.592382778923621,45.390242008575065,0.0],[-75.591142052802653,45.389921443086607,0.0],[-75.589761296396887,45.3896046805623,0.0],[-75.587743796151415,45.389277885359043,0.0],[-75.585434218572786,45.388920111509712,0.0]]]}},
{"type":"Feature","properties":{"OBJECTID":8,"STATUS":"Non-Active","LEGAL_NAME":"Chalk River Line","COMMON_NAM":"Chalk River Rail Corridor","RAIL_TYPE":null,"MISC":"Chalk River","COMMONNAME":"corridor ferroviaire Chalk River","LABEL_BIL":"corridor ferroviaire Chalk River rail corridor","GIS_UNIQUE":null,"GLOBALID":"{3CF28D21-DC30-47D9-B4CE-3AA602CB57DB}","CREATED_DA":null,"LAST_EDITE":"2017-04-13T15:01:47Z","Shape_Leng":6447.6776664030667},"geometry":{"type":"MultiLineString","coordinates":[[[-76.342212022607555,45.418021788680697,0.0],[-76.341986581504457,45.41772616956797,0.0],[-76.340678741350303,45.41590082349223,0.0],[-76.339435680507904,45.414540477232705,0.0],[-76.338440664278394,45.413666052469956,0.0],[-76.336896582475873,45.412449893948306,0.0],[-76.331422753987653,45.408324796947944,0.0],[-76.327698744858196,45.40539539053313,0.0],[-76.327113615519764,45.404888256832258,0.0],[-76.326228735439045,45.404086212970952,0.0],[-76.32556354195431,45.403392979836276,0.0],[-76.324628605949314,45.402193079202839,0.0],[-76.323884010376617,45.401107111963086,0.0],[-76.323439523075706,45.400202407472158,0.0],[-76.32282815754111,45.39873436858592,0.0],[-76.322523521760289,45.397669736633475,0.0],[-76.322271195776764,45.39629523586639,0.0],[-76.322195157879548,45.39482285829834,0.0],[-76.322248186329077,45.39194041146105,0.0],[-76.322291823790636,45.387373887283545,0.0],[-76.322279007526475,45.386784963216016,0.0],[-76.322207300407243,45.386273434125698,0.0],[-76.321946452106602,45.385296686038728,0.0],[-76.321349019442053,45.384123109108657,0.0],[-76.320619824586601,45.382897664291782,0.0],[-76.320359138881031,45.382407890559932,0.0]]]}},
{"type":"Feature","properties":{"OBJECTID":9,"STATUS":"Active","LEGAL_NAME":"Walkley Line","COMMON_NAM":"Walkley Rail Corridor","RAIL_TYPE":"Heavy","MISC":"Walkley","COMMONNAME":"corridor ferroviaire Walkley","LABEL_BIL":"corridor ferroviaire Walkley rail corridor","GIS_UNIQUE":null,"GLOBALID":"{8AC8E482-7E61-417A-9D44-43764528696F}","CREATED_DA":null,"LAST_EDITE":"2017-04-13T15:03:29Z","Shape_Leng":323.03247351034571},"geometry":{"type":"MultiLineString","coordinates":[[[-75.602325062993671,45.39251071687363,0.0],[-75.602638067479688,45.392364776632398,0.0],[-75.603483283347359,45.392031126237683,0.0],[-75.604307571163872,45.391692372209306,0.0],[-75.604793198609826,45.39144315659486,0.0]]]}},
{"type":"Feature","properties":{"OBJECTID":10,"STATUS":"Active","LEGAL_NAME":"Walkley Line","COMMON_NAM":"Walkley Rail Corridor","RAIL_TYPE":"Heavy","MISC":"Walkley","COMMONNAME":"corridor ferroviaire Walkley","LABEL_BIL":"corridor ferroviaire Walkley rail corridor","GIS_UNIQUE":null,"GLOBALID":"{84BB586C-4998-41E6-A011-21AF1B522570}","CREATED_DA":null,"LAST_EDITE":"2017-04-13T15:03:43Z","Shape_Leng":1178.8681428175903},"geometry":{"type":"MultiLineString","coordinates":[[[-75.602441288821765,45.392400877073555,0.0],[-75.60184355073001,45.392590323579554,0.0],[-75.601393527112023,45.39271993972617,0.0],[-75.600965513116819,45.392785615402012,0.0],[-75.600390839269991,45.392830407848479,0.0],[-75.599879700568266,45.392841175567547,0.0],[-75.599334351325595,45.392802354615647,0.0],[-75.598594373093462,45.392678155651772,0.0],[-75.59811342587011,45.392551065284614,0.0],[-75.597348285826868,45.392249118299326,0.0],[-75.596361713761041,45.391787598567539,0.0],[-75.595555544963815,45.391426132465092,0.0],[-75.594582921039375,45.390969639610077,0.0],[-75.593817663316841,45.390677530622177,0.0],[-75.593225716663753,45.390490358266867,0.0],[-75.592863299447203,45.39039377778559,0.0]]]}},
{"type":"Feature","properties":{"OBJECTID":11,"STATUS":"Active","LEGAL_NAME":"Beachburg Subdivision  \"Passenger Zone\"","COMMON_NAM":"Beachburg Rail Corridor","RAIL_TYPE":"Heavy","MISC":"Beachburg","COMMONNAME":"corridor ferroviaire Beachburg","LABEL_BIL":"corridor ferroviaire Beachburg rail corridor","GIS_UNIQUE":null,"GLOBALID":"{3A87F00E-2540-4351-AF70-A3F4475EA7EA}","CREATED_DA":null,"LAST_EDITE":"2017-04-13T15:01:25Z","Shape_Leng":10047.17318426517},"geometry":{"type":"MultiLineString","coordinates":[[[-75.649413122439924,45.415967838684047,0.0],[-75.655205636360037,45.415507925813813,0.0],[-75.656762460764853,45.415373225210296,0.0],[-75.65736906433014,45.415321009746179,0.0],[-75.657810638394565,45.415255639612283,0.0],[-75.658223178010701,45.415148281870231,0.0],[-75.65858978496972,45.414995826223652,0.0],[-75.65893137115313,45.41481633239043,0.0],[-75.659273796363053,45.414580150313789,0.0],[-75.659510010163643,45.414364073756822,0.0],[-75.659717011649491,45.414117943380084,0.0],[-75.65986020580074,45.413889245493891,0.0],[-75.659970262897758,45.41360958011937,0.0],[-75.660037562882223,45.413356453668136,0.0],[-75.660079622003821,45.413091206415821,0.0],[-75.660384497634851,45.410813841559879,0.0],[-75.660534841477414,45.410101822808798,0.0],[-75.660836874838878,45.409158184615087,0.0],[-75.661154162492181,45.408328041072537,0.0],[-75.661900550203853,45.406838646015686,0.0],[-75.662920963603085,45.40492598656985,0.0],[-75.663451883207358,45.403902041799796,0.0],[-75.664322906774828,45.402282256833267,0.0],[-75.665655698534323,45.399788605155329,0.0],[-75.667050332114599,45.397113377630667,0.0],[-75.667603564972225,45.396067117430725,0.0],[-75.667909142187469,45.395445733116546,0.0],[-75.668097666226274,45.395008489744022,0.0],[-75.668885045861003,45.393009116771282,0.0],[-75.669356526637856,45.392045799031138,0.0],[-75.669743300775025,45.391371290709664,0.0],[-75.670154861227488,45.390738734625238,0.0],[-75.670394591932421,45.390347153906554,0.0],[-75.670878484731588,45.389702866693817,0.0],[-75.671411310560885,45.389110270586777,0.0],[-75.67225318289907,45.388271447347996,0.0],[-75.673219422496771,45.387347503216844,0.0],[-75.674302440386441,45.38638599747128,0.0],[-75.674850703763923,45.385873072977716,0.0],[-75.675296627470942,45.385440959981274,0.0],[-75.676318284138532,45.384484567024558,0.0],[-75.677138671470075,45.383681872637524,0.0],[-75.67765126903582,45.383079854620703,0.0],[-75.678186017259819,45.382409366354743,0.0],[-75.678618455457809,45.381785880322418,0.0],[-75.678973686152091,45.381230464088624,0.0],[-75.679421009434336,45.380454909606527,0.0],[-75.680017861787192,45.379292531863186,0.0],[-75.680421173908741,45.37833762878919,0.0],[-75.680637009427102,45.377757336726553,0.0],[-75.68069444321479,45.37754563858342,0.0],[-75.680829295610309,45.377048572589551,0.0],[-75.680914527764457,45.376130174071513,0.0],[-75.680886079017711,45.375461599333164,0.0],[-75.68079654572999,45.374625494642466,0.0],[-75.680598981944485,45.373648374930646,0.0],[-75.680276488554142,45.371942312201597,0.0],[-75.680049132142244,45.370684500242625,0.0],[-75.679902731005456,45.369683876168459,0.0],[-75.679856460581789,45.369077832891875,0.0],[-75.67985445554207,45.368337835616906,0.0],[-75.679918439844798,45.367425252131085,0.0],[-75.679996162083199,45.366733568047891,0.0],[-75.680266529830888,45.365598680254905,0.0],[-75.68059899362261,45.364559719142655,0.0],[-75.680866637678349,45.363905201726631,0.0],[-75.681306835523756,45.36302515221842,0.0],[-75.68187989419971,45.362029684449304,0.0]]]}},
{"type":"Feature","properties":{"OBJECTID":12,"STATUS":"Active","LEGAL_NAME":"Alexandria Subdivision","COMMON_NAM":"Alexandria Rail Corridor","RAIL_TYPE":"Heavy","MISC":"Alexandria","COMMONNAME":"corridor ferroviaire Alexandria","LABEL_BIL":"corridor ferroviaire Alexandria rail corridor","GIS_UNIQUE":null,"GLOBALID":"{448B7449-46CF-4108-8486-3F532536AB15}","CREATED_DA":null,"LAST_EDITE":"2017-04-13T15:01:07Z","Shape_Leng":31826.941729385118},"geometry":{"type":"MultiLineString","coordinates":[[[-75.585434218572786,45.388920111509712,0.0],[-75.585293227988942,45.38889826986096,0.0],[-75.5820606611003,45.388403820900393,0.0],[-75.573955686009498,45.387125187629366,0.0],[-75.562444744027388,45.385300238743135,0.0],[-75.551869001256648,45.383674234514181,0.0],[-75.54934212300742,45.383283349365023,0.0],[-75.514524667659927,45.377819236201702,0.0],[-75.476555170405859,45.37186090942383,0.0],[-75.447692870757308,45.3673527555178,0.0],[-75.41137618648942,45.36159014324469,0.0],[-75.376702997881623,45.356144616615722,0.0],[-75.340141248712669,45.350320160445456,0.0],[-75.307222381819855,45.345147031518373,0.0],[-75.306664740905831,45.345057524369395,0.0]]]}},
{"type":"Feature","properties":{"OBJECTID":13,"STATUS":"Active","LEGAL_NAME":"Beachburg Subdivision  \"Passenger Zone\"","COMMON_NAM":"Beachburg Rail Corridor","RAIL_TYPE":"Heavy","MISC":"Beachburg","COMMONNAME":"corridor ferroviaire Beachburg","LABEL_BIL":"corridor ferroviaire Beachburg rail corridor","GIS_UNIQUE":null,"GLOBALID":"{F4F031D4-8600-4688-8D47-F6F1E7958935}","CREATED_DA":null,"LAST_EDITE":"2017-04-13T15:01:28Z","Shape_Leng":1157.4783854038121},"geometry":{"type":"MultiLineString","coordinates":[[[-75.694289725489412,45.348494763001582,0.0],[-75.694706488983996,45.347903334813097,0.0],[-75.695091148486966,45.347423124617272,0.0],[-75.695504256736683,45.347018050043481,0.0],[-75.696018067926374,45.346588703451246,0.0],[-75.696643442687829,45.346201771212101,0.0],[-75.697267867930023,45.345881438395828,0.0],[-75.701368157077482,45.34398265905088,0.0],[-75.701908954556615,45.343728326040477,0.0]]]}},
{"type":"Feature","properties":{"OBJECTID":14,"STATUS":"Active","LEGAL_NAME":"Trillium Line (O-Train)","COMMON_NAM":"Trillium Rail Corridor","RAIL_TYPE":"Heavy","MISC":"Trillium","COMMONNAME":"corridor ferroviaire Trillium","LABEL_BIL":"corridor ferroviaire Trillium rail corridor","GIS_UNIQUE":null,"GLOBALID":"{8B10B0F9-C72A-4237-9752-F9798E09901C}","CREATED_DA":null,"LAST_EDITE":"2018-12-03T13:27:25Z","Shape_Leng":5588.0783701818791},"geometry":{"type":"MultiLineString","coordinates":[[[-75.641509514601523,45.329898835132958,0.0],[-75.646057494442175,45.337527325283368,0.0],[-75.647814117640934,45.340465394563324,0.0],[-75.649270038781466,45.342888903454572,0.0],[-75.65036218445276,45.344811283504107,0.0],[-75.651406922433239,45.346472318861586,0.0],[-75.652535699605181,45.348360583217641,0.0],[-75.653374165531815,45.349775272339706,0.0],[-75.654383405685536,45.351452900868075,0.0],[-75.65542175035614,45.353196155884703,0.0],[-75.656446769417826,45.354921983098258,0.0],[-75.657476394141966,45.35670940945942,0.0],[-75.658423396317858,45.358367299995457,0.0],[-75.65941866497397,45.360087110073927,0.0],[-75.660805914402602,45.362467506709095,0.0]]]}},
{"type":"Feature","properties":{"OBJECTID":15,"STATUS":"Active","LEGAL_NAME":"Trillium Line (O-Train)","COMMON_NAM":"Trillium Rail Corridor","RAIL_TYPE":"Heavy","MISC":"Trillium","COMMONNAME":"corridor ferroviaire Trillium","LABEL_BIL":"corridor ferroviaire Trillium rail corridor","GIS_UNIQUE":null,"GLOBALID":"{50170ADA-4BF0-432F-8D83-BA235AA9432F}","CREATED_DA":null,"LAST_EDITE":"2018-12-03T13:27:28Z","Shape_Leng":461.44798087321271},"geometry":{"type":"MultiLineString","coordinates":[[[-75.683758946991887,45.376393651326758,0.0],[-75.683400133816278,45.376285258686046,0.0],[-75.683138818391697,45.376231439006787,0.0],[-75.682928873126642,45.376212620091039,0.0],[-75.682647784884352,45.376204836454868,0.0],[-75.6823499304856,45.376223869920089,0.0],[-75.682120098316787,45.376258782363436,0.0],[-75.681862413882584,45.376331978719968,0.0],[-75.681670327125374,45.376399870011717,0.0],[-75.681447575477634,45.376511798020978,0.0],[-75.681293260183182,45.376610747075674,0.0],[-75.681121817609522,45.376761523700551,0.0],[-75.680974719380075,45.376927868261902,0.0],[-75.680874222154301,45.377081078480231,0.0],[-75.680795257545867,45.377255607546715,0.0],[-75.68069444321479,45.37754563858342,0.0]]]}},
{"type":"Feature","properties":{"OBJECTID":16,"STATUS":"Active","LEGAL_NAME":"Trillium Line (O-Train)","COMMON_NAM":"Trillium Rail Corridor","RAIL_TYPE":"Heavy","MISC":"Trillium","COMMONNAME":"corridor ferroviaire Trillium","LABEL_BIL":"corridor ferroviaire Trillium rail corridor","GIS_UNIQUE":null,"GLOBALID":"{479D3549-2558-467F-9423-B6D4482FE0BF}","CREATED_DA":null,"LAST_EDITE":"2018-12-03T13:27:30Z","Shape_Leng":7114.3357790549908},"geometry":{"type":"MultiLineString","coordinates":[[[-75.683758946991887,45.376393651326758,0.0],[-75.687445051707911,45.377886121153253,0.0],[-75.691039251583888,45.379322756081955,0.0],[-75.692514873676913,45.379910360901427,0.0],[-75.693253822439729,45.380263190035926,0.0],[-75.693716307487364,45.380572392235614,0.0],[-75.694118434731024,45.380902331403767,0.0],[-75.694479408354894,45.381283039166149,0.0],[-75.694821663783202,45.381755831564845,0.0],[-75.695537993865486,45.382842238838407,0.0],[-75.695753379327911,45.383249746046481,0.0],[-75.695908866923816,45.383645286484096,0.0],[-75.695999040710333,45.384043805943364,0.0],[-75.695988894239207,45.3846165771984,0.0],[-75.695860439645145,45.386178779544395,0.0],[-75.695828987830424,45.386582865280744,0.0],[-75.695880161258899,45.387018077991463,0.0],[-75.696022528061761,45.387569380089843,0.0],[-75.696217731074668,45.388053709333782,0.0],[-75.6964968169722,45.388592503557561,0.0],[-75.696798868299965,45.389052569973124,0.0],[-75.697059035677611,45.389385348420092,0.0],[-75.697379576130558,45.389697385066178,0.0],[-75.69784137127202,45.390062365422416,0.0],[-75.698368838650666,45.390418183309606,0.0],[-75.698875611540103,45.390693040285676,0.0],[-75.699282580703155,45.390880610671097,0.0],[-75.702779894580758,45.392173352941818,0.0],[-75.70398880596764,45.39266453904316,0.0],[-75.705081442119067,45.393120389900325,0.0],[-75.705654131587423,45.393372586355014,0.0],[-75.70590351918166,45.393505161180236,0.0],[-75.70656631236794,45.393954239688078,0.0],[-75.707198701175145,45.394430041088256,0.0],[-75.707681313875014,45.394875938631451,0.0],[-75.708069245042253,45.395257680805386,0.0],[-75.708407436492223,45.395681407927398,0.0],[-75.7088195862395,45.396269421788539,0.0],[-75.709319002825097,45.397079086775001,0.0],[-75.709487353397549,45.397360949648693,0.0],[-75.710192216485225,45.398520299707151,0.0],[-75.710352398676804,45.398785011109773,0.0],[-75.711249749170307,45.400245848014968,0.0],[-75.71228366065499,45.40199392385594,0.0],[-75.712549171211933,45.402344315520459,0.0],[-75.713129552055761,45.402995915636772,0.0],[-75.713824852577247,45.403631955456738,0.0],[-75.714284730713899,45.403981539113573,0.0],[-75.715321677605942,45.404713170388241,0.0],[-75.71610417938868,45.405259079609479,0.0],[-75.716896200618493,45.405778315452487,0.0],[-75.717351924945262,45.406076429992105,0.0],[-75.718149394457271,45.406571662159543,0.0],[-75.718441377467329,45.406801558956033,0.0],[-75.718737092977406,45.406988744139063,0.0],[-75.719398097617969,45.40750957923197,0.0],[-75.719836450323797,45.407859279532083,0.0],[-75.720083898455314,45.408053821070013,0.0],[-75.720189239397115,45.408136085570796,0.0],[-75.720403881952791,45.408258380014487,0.0],[-75.720997671948851,45.40858646236984,0.0],[-75.721647209594821,45.409027665238334,0.0],[-75.722118065144244,45.409352200762164,0.0]]]}},
{"type":"Feature","properties":{"OBJECTID":17,"STATUS":"Active","LEGAL_NAME":"Trillium Line (O-Train)","COMMON_NAM":"Trillium Rail Corridor","RAIL_TYPE":"Heavy","MISC":"Trillium","COMMONNAME":"corridor ferroviaire Trillium","LABEL_BIL":"corridor ferroviaire Trillium rail corridor","GIS_UNIQUE":null,"GLOBALID":"{887DEB7E-4B7E-4291-AC99-A09BA0805C8D}","CREATED_DA":null,"LAST_EDITE":"2018-12-03T13:27:32Z","Shape_Leng":592.07140051295301},"geometry":{"type":"MultiLineString","coordinates":[[[-75.724801290677107,45.410898192589883,0.0],[-75.724758533564511,45.410859308997978,0.0],[-75.724582000238144,45.410656840571193,0.0],[-75.724545559180314,45.410615044534786,0.0],[-75.724447540406416,45.410502624672297,0.0],[-75.723387290317604,45.409788863308158,0.0],[-75.722775819680109,45.409429412500025,0.0],[-75.722731283004961,45.409406021072897,0.0],[-75.722650400493407,45.409363538594029,0.0],[-75.72244602478311,45.409256192985175,0.0],[-75.722013794095957,45.409100271128928,0.0],[-75.721911062760057,45.409020343975193,0.0],[-75.72186210547541,45.408982254345908,0.0],[-75.721574703873287,45.40884585874042,0.0],[-75.721319900336198,45.408724933464647,0.0],[-75.721268593957078,45.408700583776756,0.0],[-75.721088847356924,45.408615277800884,0.0],[-75.720813618825233,45.408488890515706,0.0]]]}},
{"type":"Feature","properties":{"OBJECTID":18,"STATUS":"Active","LEGAL_NAME":"Trillium Line (O-Train)","COMMON_NAM":"Trillium Rail Corridor","RAIL_TYPE":"Heavy","MISC":"Trillium","COMMONNAME":"corridor ferroviaire Trillium","LABEL_BIL":"corridor ferroviaire Trillium rail corridor","GIS_UNIQUE":null,"GLOBALID":"{A6EA21C1-FB47-45A2-AF95-4116DF3ED752}","CREATED_DA":null,"LAST_EDITE":"2018-12-03T13:27:33Z","Shape_Leng":1857.750447940175},"geometry":{"type":"MultiLineString","coordinates":[[[-75.724801290677107,45.410898192589883,0.0],[-75.725133473296111,45.411377628142525,0.0],[-75.725264504258405,45.411584397373929,0.0],[-75.726318429309302,45.413225116636326,0.0],[-75.72739910349442,45.414912185050163,0.0],[-75.728391342133065,45.416477426724022,0.0],[-75.728667697156766,45.41690813309387,0.0]]]}},
{"type":"Feature","properties":{"OBJECTID":19,"STATUS":"Active","LEGAL_NAME":"Trillium Line (O-Train)","COMMON_NAM":"Trillium Rail Corridor","RAIL_TYPE":"Heavy","MISC":"Trillium","COMMONNAME":"corridor ferroviaire Trillium","LABEL_BIL":"corridor ferroviaire Trillium rail corridor","GIS_UNIQUE":null,"GLOBALID":"{87831697-04D4-4EE4-BC8A-EAFF857E2C40}","CREATED_DA":null,"LAST_EDITE":"2018-12-03T13:27:35Z","Shape_Leng":1032.4871372733401},"geometry":{"type":"MultiLineString","coordinates":[[[-75.668630672616942,45.370326604303131,0.0],[-75.667938486554533,45.370036989363371,0.0],[-75.667451146021335,45.369796084422148,0.0],[-75.666995426186105,45.369531797657181,0.0],[-75.666401014555888,45.369149516331795,0.0],[-75.665543152205643,45.368502403778912,0.0],[-75.66502562288899,45.368050622601643,0.0],[-75.66474757544394,45.367859616417142,0.0],[-75.663978461253862,45.367206081968952,0.0],[-75.663852801318669,45.367070181298942,0.0],[-75.663675950886983,45.366942904609132,0.0],[-75.662947144103725,45.3661546798321,0.0],[-75.662573498844438,45.36552203282023,0.0]]]}},
{"type":"Feature","properties":{"OBJECTID":20,"STATUS":"Active","LEGAL_NAME":"Trillium Line (O-Train)","COMMON_NAM":"Trillium Rail Corridor","RAIL_TYPE":"Heavy","MISC":"Trillium","COMMONNAME":"corridor ferroviaire Trillium","LABEL_BIL":"corridor ferroviaire Trillium rail corridor","GIS_UNIQUE":null,"GLOBALID":"{1E19447B-8B03-474B-BFF0-E7A105992C3A}","CREATED_DA":null,"LAST_EDITE":"2018-12-03T13:27:36Z","Shape_Leng":526.47637884097605},"geometry":{"type":"MultiLineString","coordinates":[[[-75.659574015127632,45.360316764870333,0.0],[-75.659827882620178,45.360918348600308,0.0],[-75.660006880923689,45.361255810054722,0.0],[-75.660049567967675,45.361404535867393,0.0],[-75.660073707495997,45.36155531831735,0.0],[-75.660079112659062,45.361707009898936,0.0],[-75.660065743032689,45.361858456175838,0.0],[-75.660033701024815,45.362008505879828,0.0],[-75.660007268995884,45.362092687396107,0.0],[-75.659950774845981,45.362218843930471,0.0],[-75.659878897945148,45.362341049027584,0.0],[-75.659792185367408,45.36245837362523,0.0],[-75.659691298272804,45.362569923382345,0.0],[-75.659577002025941,45.362674850038758,0.0],[-75.659487011495727,45.362745757679136,0.0],[-75.659203415157165,45.362932640666081,0.0],[-75.658740859142625,45.363136200974367,0.0],[-75.658654017207482,45.363184609509155,0.0]]]}},
{"type":"Feature","properties":{"OBJECTID":21,"STATUS":"Active","LEGAL_NAME":"Trillium Line (O-Train)","COMMON_NAM":"Trillium Rail Corridor","RAIL_TYPE":"Heavy","MISC":"Trillium","COMMONNAME":"corridor ferroviaire Trillium","LABEL_BIL":"corridor ferroviaire Trillium rail corridor","GIS_UNIQUE":null,"GLOBALID":"{B4037537-3519-4E6C-B9DC-8DF841C8668D}","CREATED_DA":null,"LAST_EDITE":"2018-12-03T13:27:44Z","Shape_Leng":323.2930257964278},"geometry":{"type":"MultiLineString","coordinates":[[[-75.680892212714483,45.375256539876027,0.0],[-75.683400133816278,45.376285258686046,0.0]]]}},
{"type":"Feature","properties":{"OBJECTID":22,"STATUS":"Active","LEGAL_NAME":"Trillium Line (O-Train)","COMMON_NAM":"Trillium Rail Corridor","RAIL_TYPE":"Heavy","MISC":"Trillium","COMMONNAME":"corridor ferroviaire Trillium","LABEL_BIL":"corridor ferroviaire Trillium rail corridor","GIS_UNIQUE":null,"GLOBALID":"{7EF479D1-DF7C-4ACD-8D70-2B7FB6F4E6C1}","CREATED_DA":null,"LAST_EDITE":"2018-12-03T13:27:47Z","Shape_Leng":1572.7198462081674},"geometry":{"type":"MultiLineString","coordinates":[[[-75.680892212714483,45.375256539876027,0.0],[-75.678239378984316,45.374175628999033,0.0],[-75.677223684435305,45.373781368336289,0.0],[-75.668630672616942,45.370326604303131,0.0]]]}},
{"type":"Feature","properties":{"OBJECTID":23,"STATUS":"Active","LEGAL_NAME":"Trillium Line (O-Train)","COMMON_NAM":"Trillium Rail Corridor","RAIL_TYPE":"Heavy","MISC":"Trillium","COMMONNAME":"corridor ferroviaire Trillium","LABEL_BIL":"corridor ferroviaire Trillium rail corridor","GIS_UNIQUE":null,"GLOBALID":"{B8038390-4056-4956-B420-8F8DAABE517F}","CREATED_DA":null,"LAST_EDITE":"2018-12-03T13:27:48Z","Shape_Leng":522.42834526241188},"geometry":{"type":"MultiLineString","coordinates":[[[-75.662573498844438,45.36552203282023,0.0],[-75.660805914402602,45.362467506709095,0.0]]]}},
{"type":"Feature","properties":{"OBJECTID":24,"STATUS":"Active","LEGAL_NAME":"Trillium Rail Corridor","COMMON_NAM":"Trillium Rail Corridor","RAIL_TYPE":"Heavy","MISC":"Trillium","COMMONNAME":"corridor ferroviaire Trillium","LABEL_BIL":"corridor ferroviaire Trillium rail corridor","GIS_UNIQUE":null,"GLOBALID":"{965BD9F5-F32F-4D4C-B712-79825CF8D9E5}","CREATED_DA":null,"LAST_EDITE":"2025-04-25T09:11:59Z","Shape_Leng":2352.0353894843047},"geometry":{"type":"MultiLineString","coordinates":[[[-75.633337551241667,45.316199344981463,0.0],[-75.633705267620073,45.316823051701761,0.0],[-75.635061693156374,45.319088434733111,0.0],[-75.636002764654748,45.320694524840661,0.0],[-75.637029668381913,45.322399386540823,0.0],[-75.637995334854452,45.324009494526642,0.0],[-75.638960910597149,45.325629212417475,0.0],[-75.639817862055693,45.327040296155396,0.0],[-75.640738393575106,45.328578845058111,0.0],[-75.641509515499834,45.329898835132958,0.0]]]}},
{"type":"Feature","properties":{"OBJECTID":25,"STATUS":"Active","LEGAL_NAME":"Trillium Line (O-Train)","COMMON_NAM":"Trillium Rail Corridor","RAIL_TYPE":"Heavy","MISC":"Trillium","COMMONNAME":"corridor ferroviaire Trillium","LABEL_BIL":"corridor ferroviaire Trillium rail corridor","GIS_UNIQUE":null,"GLOBALID":"{E3C33527-4A5B-42EC-924D-1403AA7BD305}","CREATED_DA":null,"LAST_EDITE":"2018-12-03T13:27:51Z","Shape_Leng":573.27544956941153},"geometry":{"type":"MultiLineString","coordinates":[[[-75.662573498844438,45.36552203282023,0.0],[-75.662360090573983,45.365277502933466,0.0],[-75.661512848107037,45.363867492569696,0.0],[-75.661463773143041,45.363798059459988,0.0],[-75.66140630162613,45.363731905770329,0.0],[-75.66134086834083,45.363669534546922,0.0],[-75.661267972750466,45.363611421066437,0.0],[-75.661188170912197,45.363558006523945,0.0],[-75.661109587189458,45.363513581572192,0.0],[-75.660957654227133,45.363421159181414,0.0],[-75.66079487320944,45.363338421851466,0.0],[-75.660622481116548,45.363266000789629,0.0],[-75.660441793980297,45.363204447042975,0.0],[-75.660254183528139,45.363154228972185,0.0],[-75.660132366585728,45.36312845151496,0.0],[-75.659469187123847,45.363087574645597,0.0],[-75.659355694869177,45.363092102635761,0.0]]]}},
{"type":"Feature","properties":{"OBJECTID":26,"STATUS":"Active","LEGAL_NAME":"Walkley Line","COMMON_NAM":"Walkley Rail Corridor","RAIL_TYPE":"Heavy","MISC":"Walkley","COMMONNAME":"corridor ferroviaire Walkley","LABEL_BIL":"corridor ferroviaire Walkley rail corridor","GIS_UNIQUE":null,"GLOBALID":"{C5E0FA2C-C073-490F-8D1C-F8EBC43B946A}","CREATED_DA":null,"LAST_EDITE":"2018-12-03T13:30:41Z","Shape_Leng":490.67688304867607},"geometry":{"type":"MultiLineString","coordinates":[[[-75.647377381902615,45.368199343173927,0.0],[-75.647133974393228,45.368324778618138,0.0],[-75.646435997790519,45.368693366139986,0.0],[-75.643838383500864,45.370045320371645,0.0]]]}},
{"type":"Feature","properties":{"OBJECTID":27,"STATUS":"Active","LEGAL_NAME":"Walkley Line","COMMON_NAM":"Walkley Rail Corridor","RAIL_TYPE":"Heavy","MISC":"Walkley","COMMONNAME":"corridor ferroviaire Walkley","LABEL_BIL":"corridor ferroviaire Walkley rail corridor","GIS_UNIQUE":null,"GLOBALID":"{EA5804F9-230E-40DB-8D1A-EA161A70DFE5}","CREATED_DA":null,"LAST_EDITE":"2018-12-03T13:30:52Z","Shape_Leng":375.0956977199013},"geometry":{"type":"MultiLineString","coordinates":[[[-75.647183832688143,45.368348693832189,0.0],[-75.646810944708633,45.368602360207404,0.0],[-75.646301832606198,45.368899977292635,0.0],[-75.645637762015568,45.369259289607704,0.0],[-75.644459430179282,45.369722102099715,0.0]]]}},
{"type":"Feature","properties":{"OBJECTID":28,"STATUS":"Active","LEGAL_NAME":"Walkley Line","COMMON_NAM":"Walkley Rail Corridor","RAIL_TYPE":"Heavy","MISC":"Walkley","COMMONNAME":"corridor ferroviaire Walkley","LABEL_BIL":"corridor ferroviaire Walkley rail corridor","GIS_UNIQUE":null,"GLOBALID":"{E41A9E38-D556-4A24-A6D3-83279B19769E}","CREATED_DA":null,"LAST_EDITE":"2018-12-03T13:31:03Z","Shape_Leng":246.15843616683696},"geometry":{"type":"MultiLineString","coordinates":[[[-75.645709161012661,45.369220658198543,0.0],[-75.643934399031707,45.370147351615287,0.0]]]}},
{"type":"Feature","properties":{"OBJECTID":29,"STATUS":"Active","LEGAL_NAME":"Walkley Line","COMMON_NAM":"Walkley Rail Corridor","RAIL_TYPE":"Heavy","MISC":"Walkley","COMMONNAME":"corridor ferroviaire Walkley","LABEL_BIL":"corridor ferroviaire Walkley rail corridor","GIS_UNIQUE":null,"GLOBALID":"{FE16E3AE-3505-47E4-9C8D-3893D573247B}","CREATED_DA":null,"LAST_EDITE":"2018-12-03T13:31:08Z","Shape_Leng":120.3834502388747},"geometry":{"type":"MultiLineString","coordinates":[[[-75.654409855680768,45.364789089439903,0.0],[-75.653904306296752,45.365062542390191,0.0],[-75.653554244508612,45.365253753673748,0.0]]]}},
{"type":"Feature","properties":{"OBJECTID":30,"STATUS":"Active","LEGAL_NAME":"Walkley Line","COMMON_NAM":"Walkley Rail Corridor","RAIL_TYPE":"Heavy","MISC":"Walkley","COMMONNAME":"corridor ferroviaire Walkley","LABEL_BIL":"corridor ferroviaire Walkley rail corridor","GIS_UNIQUE":null,"GLOBALID":"{F9592E37-74D0-4A87-80DC-9F4DEF18C999}","CREATED_DA":null,"LAST_EDITE":"2018-12-03T13:31:22Z","Shape_Leng":693.23123681129289},"geometry":{"type":"MultiLineString","coordinates":[[[-75.655195546482759,45.364420915758956,0.0],[-75.654924864324727,45.364498383919582,0.0],[-75.654527607746516,45.364631155217346,0.0],[-75.65389313844112,45.364887561661774,0.0],[-75.65270627620292,45.365371887034378,0.0],[-75.652127865364506,45.365616113566709,0.0],[-75.651242637635761,45.36597167318827,0.0],[-75.650485060508885,45.366282152683866,0.0],[-75.650159605373034,45.366430323142993,0.0],[-75.649819263356278,45.366616536954773,0.0]]]}},
{"type":"Feature","properties":{"OBJECTID":31,"STATUS":"Active","LEGAL_NAME":"Alexandria Subdivision \"Passenger Zone\"","COMMON_NAM":"Alexandria Rail Corridor","RAIL_TYPE":"Heavy","MISC":"Alexandria","COMMONNAME":"corridor ferroviaire Alexandria","LABEL_BIL":"corridor ferroviaire Alexandria rail corridor","GIS_UNIQUE":null,"GLOBALID":"{BC7094D4-0860-42CA-ABA1-321770C4C145}","CREATED_DA":null,"LAST_EDITE":"2017-04-13T15:01:10Z","Shape_Leng":2910.0266192326399},"geometry":{"type":"MultiLineString","coordinates":[[[-75.592863299447203,45.39039377778559,0.0],[-75.593503601513717,45.390620789253212,0.0],[-75.594352287573344,45.390948084531068,0.0],[-75.595303757071136,45.391414274997373,0.0],[-75.596183055919013,45.392017975666867,0.0],[-75.596969348592253,45.392749158153599,0.0],[-75.597396043860627,45.393206249172152,0.0],[-75.59778602678,45.393771546944222,0.0],[-75.598207324071822,45.394568880584593,0.0],[-75.598708623526235,45.395618362283543,0.0],[-75.599139802286189,45.396516163594896,0.0],[-75.600667488936466,45.399787755525409,0.0],[-75.601399591638511,45.401360141303186,0.0],[-75.602814399583437,45.404222011436524,0.0],[-75.603910165465322,45.406465148791412,0.0]]]}},
{"type":"Feature","properties":{"OBJECTID":32,"STATUS":"Non-Active","LEGAL_NAME":"Montreal and Ottawa Subdivision","COMMON_NAM":"Montreal and Ottawa Rail Corridor","RAIL_TYPE":null,"MISC":"Montreal and Ottawa","COMMONNAME":"corridor ferroviaire Montreal and Ottawa","LABEL_BIL":"corridor ferroviaire Montreal and Ottawa rail corridor","GIS_UNIQUE":null,"GLOBALID":"{09B911F5-41C6-4980-BFF7-B479E5A33DDB}","CREATED_DA":null,"LAST_EDITE":"2018-12-03T13:37:12Z","Shape_Leng":2935.0981989555412},"geometry":{"type":"MultiLineString","coordinates":[[[-75.591835371640627,45.413113750670874,0.0],[-75.584224398989178,45.41426938676851,0.0],[-75.577315163288233,45.415321591144426,0.0],[-75.576525792088518,45.415438874556088,0.0],[-75.576365348487187,45.415465031109804,0.0],[-75.574734212747117,45.415713189233983,0.0],[-75.572210746299348,45.416106659938073,0.0],[-75.566062809445484,45.417019418682884,0.0]]]}},
{"type":"Feature","properties":{"OBJECTID":33,"STATUS":"Non-Active","LEGAL_NAME":"Riverside South Rail Corridor","COMMON_NAM":"Riverside South Rail Corridor","RAIL_TYPE":null,"MISC":"Riverside South","COMMONNAME":"corridor ferroviaire Riverside South","LABEL_BIL":"corridor ferroviaire Riverside South rail corridor","GIS_UNIQUE":null,"GLOBALID":"{75BAAA39-27B0-48C4-BE67-C530ECC00367}","CREATED_DA":null,"LAST_EDITE":"2025-04-25T09:30:29Z","Shape_Leng":3030.6540228457839},"geometry":{"type":"MultiLineString","coordinates":[[[-75.656271767719005,45.282841803046139,0.0],[-75.656133911357202,45.283040782578688,0.0],[-75.655957017806386,45.283370425767494,0.0],[-75.655837906589596,45.283726684633749,0.0],[-75.65580279324179,45.284104398009724,0.0],[-75.65582349581581,45.284414072547854,0.0],[-75.655946586569314,45.284924865993233,0.0],[-75.656026076692172,45.285132421899611,0.0],[-75.656419767857017,45.286594651560101,0.0],[-75.656673079292418,45.287443736345502,0.0],[-75.657257897813736,45.289519464213321,0.0],[-75.657610388646376,45.290772053040108,0.0],[-75.657693149535191,45.291048852133791,0.0],[-75.657717210910079,45.291132361846614,0.0],[-75.657760284229639,45.291355891379396,0.0],[-75.657749944620718,45.29176950185871,0.0],[-75.657694991979838,45.29206373625,0.0],[-75.657459571391641,45.292585804999561,0.0],[-75.657167682704696,45.292991385821992,0.0],[-75.656767552415886,45.293359856624136,0.0],[-75.656256746090818,45.293684652266954,0.0],[-75.655742410285015,45.293905849367867,0.0],[-75.654364204196341,45.294374219117181,0.0],[-75.652900417407167,45.294868128773402,0.0],[-75.652172922164226,45.295130585309614,0.0],[-75.651072877606637,45.295604551331188,0.0],[-75.64946860598512,45.296296180144381,0.0],[-75.646648311912969,45.297535475202672,0.0]]]}},
{"type":"Feature","properties":{"OBJECTID":34,"STATUS":"Active","LEGAL_NAME":"Renfrew Subdivision","COMMON_NAM":"Renfrew Rail Corridor","RAIL_TYPE":"Heavy","MISC":"Renfrew","COMMONNAME":"corridor ferroviaire Renfrew","LABEL_BIL":"corridor ferroviaire Renfrew rail corridor","GIS_UNIQUE":null,"GLOBALID":"{2B01578D-1757-46B9-A897-D86972CFEB47}","CREATED_DA":null,"LAST_EDITE":"2018-12-03T13:27:52Z","Shape_Leng":3829.82086330742},"geometry":{"type":"MultiLineString","coordinates":[[[-75.869442891040691,45.339052314032962,0.0],[-75.870098340499538,45.339052482626045,0.0],[-75.870731246736341,45.339079935512473,0.0],[-75.872436427910344,45.339181509876795,0.0],[-75.879674871010096,45.339683358301265,0.0],[-75.884485541596021,45.339873240324621,0.0],[-75.885879117859218,45.339915852703328,0.0],[-75.886999639513704,45.339886761041456,0.0],[-75.888660560693637,45.339761068069357,0.0],[-75.891883499439089,45.339444710917739,0.0],[-75.903621303759678,45.338201614612089,0.0]]]}},
{"type":"Feature","properties":{"OBJECTID":35,"STATUS":"Active","LEGAL_NAME":"Renfrew Subdivision","COMMON_NAM":"Renfrew Rail Corridor","RAIL_TYPE":"Heavy","MISC":"Renfrew","COMMONNAME":"corridor ferroviaire Renfrew","LABEL_BIL":"corridor ferroviaire Renfrew rail corridor","GIS_UNIQUE":null,"GLOBALID":"{6D9C2F51-F6E4-4AB7-8E81-0DD9308D3A86}","CREATED_DA":null,"LAST_EDITE":"2018-12-03T13:28:11Z","Shape_Leng":54795.588207180896},"geometry":{"type":"MultiLineString","coordinates":[[[-75.903621303759678,45.338201614612089,0.0],[-75.911637199211967,45.337359540697975,0.0],[-75.9137392452987,45.337089455926694,0.0],[-75.915567533395873,45.336812078400911,0.0],[-75.917554463972209,45.336435998617134,0.0],[-75.922467750011364,45.335495372720104,0.0],[-75.934113804002095,45.333318213850077,0.0],[-75.94099480026378,45.332181704165727,0.0],[-75.941684256346036,45.332097296279805,0.0],[-75.942439736805028,45.332048319313579,0.0],[-75.942855279489152,45.33203604206885,0.0],[-75.943118649360784,45.332033006385323,0.0],[-75.943296790671525,45.332038675478408,0.0],[-75.943957902211594,45.332061572242942,0.0],[-75.947018154262452,45.332187617007314,0.0],[-75.948212711469395,45.332205099134789,0.0],[-75.949150366674743,45.332192068531015,0.0],[-75.949889192368389,45.33214881377581,0.0],[-75.951084597584952,45.332078489205564,0.0],[-75.952604626097425,45.331898521084504,0.0],[-75.958509815703621,45.331241988989021,0.0],[-75.961300390811232,45.330933326112202,0.0],[-75.962093392103014,45.330778295889743,0.0],[-75.9628085579687,45.330645949754633,0.0],[-75.963552902911445,45.330493326139113,0.0],[-75.964343515582883,45.330233697755716,0.0],[-75.96715696718752,45.329246168906629,0.0],[-75.967664772241221,45.329061273935153,0.0],[-75.968171917033175,45.328946597017044,0.0],[-75.968753393821643,45.328867375638005,0.0],[-75.969351132811695,45.328823338380737,0.0],[-75.969732797331517,45.328819259206163,0.0],[-75.970246977728792,45.328839200992675,0.0],[-75.970702704750536,45.328899832796942,0.0],[-75.971629992499189,45.32910309428172,0.0],[-75.977189931693928,45.330749676968104,0.0],[-75.989982293479372,45.334541076596594,0.0],[-76.0024785409028,45.338230267023278,0.0],[-76.010829691212365,45.340683201530069,0.0],[-76.012046629944592,45.34101611688309,0.0],[-76.012899637799052,45.341212873657454,0.0],[-76.013769446844265,45.341386286568586,0.0],[-76.015211258146621,45.341626494181462,0.0],[-76.019836282895938,45.34225463499974,0.0],[-76.028737927998151,45.343532326830456,0.0],[-76.029624902051808,45.343647170574769,0.0],[-76.030371296051698,45.34370290972393,0.0],[-76.031291856317225,45.34377106242556,0.0],[-76.032179707126588,45.343780553993845,0.0],[-76.033499637706143,45.343721581610012,0.0],[-76.034246803358883,45.343683667061271,0.0],[-76.034761287386715,45.343685763884878,0.0],[-76.035399667058556,45.343758586311345,0.0],[-76.036402497732695,45.343914811560829,0.0],[-76.042567512458419,45.34503398579637,0.0],[-76.043744181513105,45.345249362107651,0.0],[-76.044994982239984,45.345535246950732,0.0],[-76.05219848896003,45.347606049207279,0.0],[-76.059277903305031,45.349693474655957,0.0],[-76.068486278160989,45.352379571594199,0.0],[-76.077678755531366,45.355088273216779,0.0],[-76.087866313809982,45.358051461533194,0.0],[-76.098510363576622,45.361173347912029,0.0],[-76.10999220283847,45.364560441809751,0.0],[-76.12120220201389,45.367834291719234,0.0],[-76.135521010774511,45.372024050589864,0.0],[-76.147131778940889,45.375413668266148,0.0],[-76.158942764516112,45.378878775196391,0.0],[-76.171277632293652,45.382467059237769,0.0],[-76.179584614237342,45.384889951955472,0.0],[-76.183257399632666,45.385976948841041,0.0],[-76.186424716492326,45.386886883502683,0.0],[-76.187162630395974,45.387105427883903,0.0],[-76.187800925626149,45.387317843523974,0.0],[-76.188521823641651,45.387612407015233,0.0],[-76.189283867192117,45.387977301154301,0.0],[-76.190318636567881,45.388588711324765,0.0],[-76.191807115349278,45.389768971712257,0.0],[-76.196586119423117,45.393761067058342,0.0],[-76.197213938500468,45.394400592019878,0.0],[-76.197618139954145,45.394922481815534,0.0],[-76.19789782323133,45.39543233858759,0.0],[-76.198045116395207,45.395848213449163,0.0],[-76.198208118398441,45.396433834863046,0.0],[-76.19833625049732,45.397329515136185,0.0],[-76.198932279095061,45.40410778763647,0.0],[-76.199023834490504,45.405578936865133,0.0],[-76.199243319863868,45.406255684822852,0.0],[-76.199483972240287,45.406765827201795,0.0],[-76.199913467557408,45.407359795306228,0.0],[-76.200296093274574,45.40787030800616,0.0],[-76.200629588332234,45.408184973991141,0.0],[-76.201092506367814,45.408625078865882,0.0],[-76.201506137437022,45.40895971790151,0.0],[-76.202052578132779,45.409318110313443,0.0],[-76.203046917032552,45.40981811011774,0.0],[-76.204860806034034,45.410616038417594,0.0],[-76.208582194777804,45.412439346267114,0.0],[-76.220725436633899,45.418459128567918,0.0],[-76.228874513615253,45.42242878250007,0.0],[-76.233873928327228,45.424869070504613,0.0],[-76.23417246364896,45.425004358756155,0.0],[-76.234636984279007,45.425186847108094,0.0],[-76.235035245173691,45.425322364720387,0.0],[-76.235591322097505,45.42547580186919,0.0],[-76.236014655870093,45.425582115463442,0.0],[-76.236537823013464,45.425665249697367,0.0],[-76.237152405415102,45.42574859123264,0.0],[-76.237842025889037,45.425779435576395,0.0],[-76.238407101237058,45.425786583179971,0.0],[-76.238922475495315,45.425758503438821,0.0],[-76.239304938617437,45.425718413906779,0.0],[-76.239602048312818,45.425682340427848,0.0],[-76.239925233405941,45.425624378317934,0.0],[-76.240442512092628,45.425520075371672,0.0],[-76.240797311595571,45.425432056036044,0.0],[-76.241592490403605,45.425237905988183,0.0],[-76.242790574396366,45.424930460029692,0.0],[-76.247915595144605,45.42360765765963,0.0],[-76.248431283813233,45.423503460692885,0.0],[-76.248955280999922,45.423399279296142,0.0],[-76.249653603454021,45.423336441752234,0.0],[-76.250318606495924,45.423291082086195,0.0],[-76.253534920166146,45.423216140799234,0.0],[-76.254274455528844,45.42322943794975,0.0],[-76.255188297294325,45.423289918823343,0.0],[-76.262132580766092,45.423983409631461,0.0],[-76.273811875117303,45.425177509793549,0.0],[-76.286339109028106,45.426430522622631,0.0],[-76.294040171024449,45.42719370846725,0.0],[-76.296192037676832,45.427355569638117,0.0],[-76.299415903483663,45.427542684176935,0.0],[-76.303278458881067,45.427827383360111,0.0],[-76.305724861555561,45.428056563192307,0.0],[-76.307313647119884,45.428178297538416,0.0],[-76.308944665180647,45.428311985371067,0.0],[-76.31514248278728,45.429231150548027,0.0],[-76.322686605510214,45.430406777602244,0.0],[-76.322963387734092,45.43044989873686,0.0]]]}},
{"type":"Feature","properties":{"OBJECTID":36,"STATUS":"Non-Active","LEGAL_NAME":"Montreal and Ottawa Subdivision","COMMON_NAM":"Montreal and Ottawa Rail Corridor","RAIL_TYPE":null,"MISC":"Montreal and Ottawa","COMMONNAME":"corridor ferroviaire Montreal and Ottawa","LABEL_BIL":"corridor ferroviaire Montreal and Ottawa rail corridor","GIS_UNIQUE":null,"GLOBALID":"{DF35C572-30E7-42DF-8E57-44D19A70CD6C}","CREATED_DA":null,"LAST_EDITE":"2018-12-03T13:37:24Z","Shape_Leng":15870.180164011343},"geometry":{"type":"MultiLineString","coordinates":[[[-75.422989625347157,45.414105499173651,0.0],[-75.421647757908346,45.414100559704551,0.0],[-75.420458914884932,45.414134327553995,0.0],[-75.419565285213309,45.414176593933405,0.0],[-75.417863466433431,45.41427333492679,0.0],[-75.416861047187666,45.414363314521118,0.0],[-75.415611575069079,45.414487839762444,0.0],[-75.397232682159867,45.416666655673517,0.0],[-75.395298303925941,45.416926933668726,0.0],[-75.390867584772593,45.417432939669212,0.0],[-75.379392039107628,45.418814778993656,0.0],[-75.377932319890064,45.418971431943511,0.0],[-75.368172719911144,45.420135013910738,0.0],[-75.355953877637347,45.421570127985603,0.0],[-75.353366879637747,45.421859156113207,0.0],[-75.352008896422745,45.422034490791717,0.0],[-75.351464578446013,45.422096735215661,0.0],[-75.346872901854979,45.42262169759757,0.0],[-75.345517833673085,45.422799894270625,0.0],[-75.345284147731689,45.422830623583046,0.0],[-75.288518482932403,45.429523125778104,0.0],[-75.282332494341418,45.430239990905996,0.0]]]}},
{"type":"Feature","properties":{"OBJECTID":37,"STATUS":"Non-Active","LEGAL_NAME":"Montreal and Ottawa Subdivision","COMMON_NAM":"Montreal and Ottawa Rail Corridor","RAIL_TYPE":null,"MISC":"Montreal and Ottawa","COMMONNAME":"corridor ferroviaire Montreal and Ottawa","LABEL_BIL":"corridor ferroviaire Montreal and Ottawa rail corridor","GIS_UNIQUE":null,"GLOBALID":"{82464235-CE45-49D9-B3EE-C70BD3043D99}","CREATED_DA":null,"LAST_EDITE":"2018-12-03T13:37:22Z","Shape_Leng":16126.808980507954},"geometry":{"type":"MultiLineString","coordinates":[[[-75.566060421723463,45.417019777474216,0.0],[-75.560375643653686,45.417872648376921,0.0],[-75.551972046104581,45.419171017365372,0.0],[-75.536445649175477,45.421524756812204,0.0],[-75.530309060738617,45.422453693722865,0.0],[-75.52796526633081,45.422766727426122,0.0],[-75.527184201852521,45.422859065426316,0.0],[-75.525392549747593,45.42301476897461,0.0],[-75.524599318487091,45.423070989808693,0.0],[-75.523205275998265,45.423140065780217,0.0],[-75.521211039423719,45.423185986708937,0.0],[-75.520009883192699,45.423184685995828,0.0],[-75.519013618304953,45.423158135805345,0.0],[-75.518171876222482,45.423125113555088,0.0],[-75.517665310843881,45.423104327339011,0.0],[-75.516548701352463,45.423038445424595,0.0],[-75.514774945484604,45.422897176591086,0.0],[-75.510897311865165,45.422494711783251,0.0],[-75.504480567637259,45.421881039245463,0.0],[-75.477770230760839,45.419260438694579,0.0],[-75.44327055175016,45.415841908625694,0.0],[-75.443117256941875,45.41584049108647,0.0],[-75.439150925467899,45.41545277322205,0.0],[-75.428439088829933,45.414362927966714,0.0],[-75.425861772872437,45.414176745907206,0.0],[-75.425582216257709,45.414170170676726,0.0],[-75.425262481593577,45.414152619278504,0.0],[-75.423044523190782,45.414105093699568,0.0],[-75.422982223229198,45.414105471427376,0.0]]]}},
{"type":"Feature","properties":{"OBJECTID":38,"STATUS":"Active","LEGAL_NAME":"Alexandria Subdivision","COMMON_NAM":"Alexandria Rail Corridor","RAIL_TYPE":"Heavy","MISC":"Alexandria","COMMONNAME":"corridor ferroviaire Alexandria","LABEL_BIL":"corridor ferroviaire Alexandria rail corridor","GIS_UNIQUE":null,"GLOBALID":"{B825D680-519C-44C8-A12C-827775042569}","CREATED_DA":null,"LAST_EDITE":"2017-04-13T15:01:09Z","Shape_Leng":428.84520536322719},"geometry":{"type":"MultiLineString","coordinates":[[[-75.599088850741595,45.396410072193582,0.0],[-75.599010233781186,45.39602021121825,0.0],[-75.598953745919488,45.39561043308008,0.0],[-75.598988873640366,45.39516192410656,0.0],[-75.59905594006284,45.394906003755139,0.0],[-75.599222947653942,45.394527578558943,0.0],[-75.599488094393209,45.394140063233102,0.0],[-75.599752061644494,45.393826514427815,0.0]]]}},
{"type":"Feature","properties":{"OBJECTID":39,"STATUS":"Active","LEGAL_NAME":"Walkley Line","COMMON_NAM":"Walkley Rail Corridor","RAIL_TYPE":"Heavy","MISC":"Walkley","COMMONNAME":"corridor ferroviaire Walkley","LABEL_BIL":"corridor ferroviaire Walkley rail corridor","GIS_UNIQUE":null,"GLOBALID":"{F7ABAB18-9BDA-48B4-9070-6DE271A85727}","CREATED_DA":null,"LAST_EDITE":"2017-04-13T15:03:31Z","Shape_Leng":514.63068436424305},"geometry":{"type":"MultiLineString","coordinates":[[[-75.602081349158766,45.395162845087476,0.0],[-75.601739528515054,45.39497118170393,0.0],[-75.601599905167078,45.394916091063834,0.0],[-75.601434740918947,45.394860799140965,0.0],[-75.601027079154804,45.394794598517045,0.0],[-75.600759038942016,45.394783488638708,0.0],[-75.600503200545731,45.394808470091633,0.0],[-75.600285530667563,45.394842749078116,0.0],[-75.599874449915433,45.394992487339998,0.0],[-75.599694093359219,45.395090051595545,0.0],[-75.599473998029765,45.395277290091997,0.0],[-75.599304841668513,45.395473927599248,0.0],[-75.599160368316305,45.395724752910056,0.0],[-75.599118919150783,45.395922398140861,0.0],[-75.599116208933566,45.396093352974333,0.0],[-75.599081008449147,45.396371181782548,0.0]]]}},
{"type":"Feature","properties":{"OBJECTID":40,"STATUS":"Active","LEGAL_NAME":"Walkley Line","COMMON_NAM":"Walkley Rail Corridor","RAIL_TYPE":"Heavy","MISC":"Walkley","COMMONNAME":"corridor ferroviaire Walkley","LABEL_BIL":"corridor ferroviaire Walkley rail corridor","GIS_UNIQUE":null,"GLOBALID":"{89A48C5E-9149-4A96-9866-D6617AAAFD40}","CREATED_DA":null,"LAST_EDITE":"2017-04-13T15:03:45Z","Shape_Leng":416.25631628919416},"geometry":{"type":"MultiLineString","coordinates":[[[-75.601939126984675,45.39277766056766,0.0],[-75.601796876962808,45.392889261555368,0.0],[-75.601672911250233,45.393035425649458,0.0],[-75.601536214613432,45.393217202283786,0.0],[-75.601448733077817,45.393373892170622,0.0],[-75.601380656948947,45.393641974843945,0.0],[-75.601352911583092,45.393935694140033,0.0],[-75.601385656971829,45.394252180694465,0.0],[-75.601496537823976,45.394505426823159,0.0],[-75.60162289575014,45.39474173195331,0.0],[-75.601844103193912,45.394966263901544,0.0],[-75.602081349158766,45.395162845087476,0.0]]]}},
{"type":"Feature","properties":{"OBJECTID":41,"STATUS":"Active","LEGAL_NAME":"Walkley Line","COMMON_NAM":"Walkley Rail Corridor","RAIL_TYPE":"Heavy","MISC":"Walkley","COMMONNAME":"corridor ferroviaire Walkley","LABEL_BIL":"corridor ferroviaire Walkley rail corridor","GIS_UNIQUE":null,"GLOBALID":"{4B333437-3144-45B8-B187-74D6283BB9DC}","CREATED_DA":null,"LAST_EDITE":"2017-04-13T15:00:31Z","Shape_Leng":3377.439636798435},"geometry":{"type":"MultiLineString","coordinates":[[[-75.625461552225218,45.376456045750459,0.0],[-75.624382505787409,45.376879710011018,0.0],[-75.620707160193504,45.378408231586043,0.0],[-75.619832316091149,45.378833425886363,0.0],[-75.618981598940678,45.379348788018291,0.0],[-75.618426188566787,45.379758439239978,0.0],[-75.617533231733347,45.380567940099368,0.0],[-75.617441759881245,45.380659701610227,0.0],[-75.609586198435807,45.388976501294387,0.0],[-75.609417659217144,45.38913716420943,0.0],[-75.609069704876688,45.389445384815467,0.0],[-75.608684946559038,45.389731062149046,0.0],[-75.608266310077056,45.389992021955059,0.0],[-75.608203220496335,45.39002755676313,0.0],[-75.607585337684355,45.390337684658618,0.0],[-75.605127585694547,45.391344910401386,0.0],[-75.604793198609826,45.39144315659486,0.0]]]}},
{"type":"Feature","properties":{"OBJECTID":42,"STATUS":"Active","LEGAL_NAME":"Beachburg Subdivision:  Beachburn 1","COMMON_NAM":"Beachburg Rail Corridor","RAIL_TYPE":"Heavy","MISC":"Beachburg","COMMONNAME":"corridor ferroviaire Beachburg","LABEL_BIL":"corridor ferroviaire Beachburg rail corridor","GIS_UNIQUE":null,"GLOBALID":"{A7DDB534-A756-43AF-9541-85C68B681D08}","CREATED_DA":null,"LAST_EDITE":"2018-12-03T13:36:22Z","Shape_Leng":1259.4211666736981},"geometry":{"type":"MultiLineString","coordinates":[[[-75.825907100807868,45.329865186835669,0.0],[-75.826280627489538,45.329794524083127,0.0],[-75.827433369916633,45.329674551297138,0.0],[-75.828351265779006,45.329562403678096,0.0],[-75.829559569006406,45.329414761906499,0.0],[-75.830353290747055,45.329317770816758,0.0],[-75.831700535501156,45.329025642715308,0.0],[-75.832150078520471,45.328880853511322,0.0],[-75.832907123844706,45.328637018513092,0.0],[-75.833911617300458,45.328134153275592,0.0],[-75.834836524513605,45.327582986096452,0.0],[-75.835427054523507,45.327160309257202,0.0],[-75.835678374393922,45.326966659606796,0.0],[-75.835807819829725,45.326849831738514,0.0],[-75.835923902825698,45.326745064131138,0.0]]]}},
{"type":"Feature","properties":{"OBJECTID":43,"STATUS":"Active","LEGAL_NAME":"Beachburg Subdivision:  Beachburg 1","COMMON_NAM":"Beachburg Rail Corridor","RAIL_TYPE":"Heavy","MISC":"Beachburg","COMMONNAME":"corridor ferroviaire Beachburg","LABEL_BIL":"corridor ferroviaire Beachburg rail corridor","GIS_UNIQUE":null,"GLOBALID":"{4E0EA7C1-859F-45BD-8707-CFA19F4E8D08}","CREATED_DA":null,"LAST_EDITE":"2018-12-03T13:36:27Z","Shape_Leng":15390.822828952829},"geometry":{"type":"MultiLineString","coordinates":[[[-75.701908954556615,45.343728326040477,0.0],[-75.703425010718902,45.34300468106828,0.0],[-75.704804092664986,45.342477382707735,0.0],[-75.706188634571362,45.342007789598533,0.0],[-75.707464712992021,45.341643920988425,0.0],[-75.709238105042189,45.341261295896487,0.0],[-75.711003581138058,45.340993958072524,0.0],[-75.71404704187961,45.340673273133504,0.0],[-75.722923635663491,45.339850995192833,0.0],[-75.729047483294693,45.339249093417585,0.0],[-75.736141174564494,45.338569044567656,0.0],[-75.743593943114604,45.337842123998719,0.0],[-75.751462084567279,45.337090816084526,0.0],[-75.758826345705714,45.336366758543889,0.0],[-75.765931982772187,45.335680499276464,0.0],[-75.77239482674382,45.335065138023467,0.0],[-75.779569514611239,45.334365157818688,0.0],[-75.787046261891234,45.33364442687558,0.0],[-75.793452099673274,45.333023080855305,0.0],[-75.800784041224418,45.332282805272733,0.0],[-75.806483912787584,45.331749586373512,0.0],[-75.813934993403294,45.331013627034679,0.0],[-75.821719329226468,45.330274724031497,0.0],[-75.831222956960147,45.329354567681236,0.0],[-75.838081369575562,45.32868011995734,0.0]]]}},
{"type":"Feature","properties":{"OBJECTID":44,"STATUS":"Active","LEGAL_NAME":"Beachburg Subdivision:  Beachburg 1","COMMON_NAM":"Beachburg Rail Corridor","RAIL_TYPE":"Heavy","MISC":"Beachburg","COMMONNAME":"corridor ferroviaire Beachburg","LABEL_BIL":"corridor ferroviaire Beachburg rail corridor","GIS_UNIQUE":null,"GLOBALID":"{96B4BDED-1177-4259-A0CF-B185B3475FEF}","CREATED_DA":null,"LAST_EDITE":"2018-12-03T13:36:32Z","Shape_Leng":4204.09272481063},"geometry":{"type":"MultiLineString","coordinates":[[[-75.838081369575562,45.32868011995734,0.0],[-75.839597513772759,45.328542590824462,0.0],[-75.84153568559212,45.328542575035677,0.0],[-75.843305893114575,45.328642417010727,0.0],[-75.844439905668011,45.328805817947995,0.0],[-75.845818282436582,45.329133095856854,0.0],[-75.847433484758454,45.329590582384462,0.0],[-75.848146100307048,45.329790760115998,0.0],[-75.854242207063962,45.331584755961877,0.0],[-75.855942447503907,45.332261122360975,0.0],[-75.857072194856357,45.332810986061446,0.0],[-75.858160666418129,45.33350068387049,0.0],[-75.859381614331483,45.334420839799826,0.0],[-75.860640366046937,45.335514890331154,0.0],[-75.86256061198479,45.33713370524071,0.0],[-75.863332784938407,45.337703922518379,0.0],[-75.864035545968335,45.338088846117778,0.0],[-75.864976956131571,45.338447077964581,0.0],[-75.865832117247763,45.338703967400981,0.0],[-75.866894773923207,45.33887795565812,0.0],[-75.868022050908635,45.338957038641894,0.0],[-75.869570131112482,45.339060845980065,0.0],[-75.870173277960561,45.339120203973494,0.0],[-75.870514262272735,45.339178114659255,0.0],[-75.870950083526083,45.339281370983095,0.0]]]}},
{"type":"Feature","properties":{"OBJECTID":45,"STATUS":"Non-Active","LEGAL_NAME":"Beachburg Subdivision: Beachburg  2","COMMON_NAM":"Beachburg Rail Corridor","RAIL_TYPE":"Heavy","MISC":"Beachburg","COMMONNAME":"corridor ferroviaire Beachburg","LABEL_BIL":"corridor ferroviaire Beachburg rail corridor","GIS_UNIQUE":null,"GLOBALID":"{35EFE3A8-2971-45E6-99E0-6BED270F0D43}","CREATED_DA":null,"LAST_EDITE":"2025-04-25T09:11:59Z","Shape_Leng":53207.536449223931},"geometry":{"type":"MultiLineString","coordinates":[[[-75.870950083526083,45.339281370983095,0.0],[-75.871135378121409,45.339321506068735,0.0],[-75.871347183797425,45.339401242595464,0.0],[-75.871770267838372,45.339608328209749,0.0],[-75.872367320515522,45.339959224022515,0.0],[-75.873832058620593,45.340853440678721,0.0],[-75.874224917047172,45.341098557886809,0.0],[-75.875609862297111,45.34186999291277,0.0],[-75.876718618716311,45.342400054243456,0.0],[-75.877997410947444,45.342896610856997,0.0],[-75.879471502311233,45.343431692197221,0.0],[-75.881294661926432,45.343983745655628,0.0],[-75.885096435515095,45.345109969007432,0.0],[-75.889600361075907,45.346461742450224,0.0],[-75.893386998052023,45.347598046979101,0.0],[-75.904795815959375,45.351006832543284,0.0],[-75.908238665879622,45.352009168246305,0.0],[-75.911357591393255,45.352945706870656,0.0],[-75.912739622508411,45.353411463263704,0.0],[-75.915494393463746,45.354652132347304,0.0],[-75.916887897861727,45.355454914982367,0.0],[-75.918807786270094,45.356775237435933,0.0],[-75.92086495342356,45.358355150282733,0.0],[-75.923691336276718,45.360525620851824,0.0],[-75.925879218185472,45.362175446114378,0.0],[-75.933179677379172,45.367780841403764,0.0],[-75.93999968791455,45.373015921535512,0.0],[-75.94715649840947,45.378510360690434,0.0],[-75.954872627848076,45.384454999837786,0.0],[-75.95587549714979,45.385176969674099,0.0],[-75.956911644541222,45.385753044269556,0.0],[-75.958231713461331,45.386456111360296,0.0],[-75.959702692162665,45.387129389413445,0.0],[-75.961292368855752,45.387776270533713,0.0],[-75.963129349051599,45.388523741146123,0.0],[-75.966941626640875,45.390074806724513,0.0],[-75.975992532217433,45.393745112874562,0.0],[-75.984624523732592,45.397262102511704,0.0],[-75.988702794274104,45.398915687244511,0.0],[-75.998658522530718,45.402951920280962,0.0],[-76.008676467205575,45.407015221836737,0.0],[-76.015190843931805,45.409676937489586,0.0],[-76.016867253863879,45.410498705259705,0.0],[-76.017660880383104,45.410942421397564,0.0],[-76.018712895615707,45.41155401130748,0.0],[-76.020532567072664,45.412611822615688,0.0],[-76.026869863398517,45.416335424513051,0.0],[-76.029645042280492,45.417971158048658,0.0],[-76.035451802582685,45.421393228185416,0.0],[-76.042939193102185,45.425781260147787,0.0],[-76.051023152106893,45.430531019709477,0.0],[-76.059647701079939,45.435636361519677,0.0],[-76.066537449627418,45.439681895422048,0.0],[-76.074362334504215,45.444275319717079,0.0],[-76.079175975818785,45.447100423189916,0.0],[-76.081441317657877,45.448429773709378,0.0],[-76.084657796618103,45.450317087323469,0.0],[-76.086191697813518,45.45119822365865,0.0],[-76.087570639622413,45.451903901964066,0.0],[-76.088809727216301,45.452461919280381,0.0],[-76.089731608903591,45.452810186715872,0.0],[-76.090481047293977,45.453049437804168,0.0],[-76.09145393083152,45.453384814870098,0.0],[-76.09225564847651,45.453619814379167,0.0],[-76.093561930951964,45.453900768082192,0.0],[-76.094484119863083,45.454084991066829,0.0],[-76.095438086677362,45.454223196191919,0.0],[-76.096488187600087,45.454358744905839,0.0],[-76.098180728579734,45.454519070006313,0.0],[-76.100297318390915,45.454591163693294,0.0],[-76.10261079016631,45.45468173437613,0.0],[-76.113400119073944,45.455103500841396,0.0],[-76.124674351385437,45.455558164733795,0.0],[-76.13619625820391,45.456008857036643,0.0],[-76.148186684053755,45.456478284998603,0.0],[-76.158401305876922,45.456880762044399,0.0],[-76.16887838398506,45.457296926094827,0.0],[-76.179637002188088,45.457729970874574,0.0],[-76.189949113677457,45.458133909652744,0.0],[-76.200912368102209,45.458555654709116,0.0],[-76.211230229707709,45.458967425339523,0.0],[-76.213150356169635,45.459135099359905,0.0],[-76.218203201776376,45.459357017514833,0.0],[-76.224158056539679,45.459568965521463,0.0],[-76.230733756758809,45.459813217288243,0.0],[-76.232824230748051,45.459882409591955,0.0],[-76.233996564533186,45.459854927755352,0.0],[-76.235765771332424,45.459774915561979,0.0],[-76.237466289351772,45.459667122665145,0.0],[-76.239240890534305,45.459515579905002,0.0],[-76.25257818025257,45.458375725357563,0.0],[-76.262250186406462,45.457545527916004,0.0],[-76.266362478842737,45.457227709194377,0.0],[-76.268534420146807,45.45715953190107,0.0],[-76.270444372289802,45.457235847137298,0.0],[-76.272295841412884,45.457426018210029,0.0],[-76.274376776192128,45.457799735353532,0.0],[-76.276118848479896,45.458183815247594,0.0],[-76.277727927884811,45.458672662416262,0.0],[-76.278811062555491,45.459031600600987,0.0],[-76.280662140911417,45.459791135893823,0.0],[-76.282053150687844,45.460495759667758,0.0],[-76.283047798608081,45.461199605318939,0.0],[-76.283753174633787,45.461837948316308,0.0],[-76.284105665466441,45.462240341741939,0.0],[-76.284627941481048,45.462956209682332,0.0],[-76.28514671496437,45.464046563959137,0.0],[-76.286045705781575,45.466071006875872,0.0]]]}},
{"type":"Feature","properties":{"OBJECTID":46,"STATUS":"Active","LEGAL_NAME":"Walkley Line","COMMON_NAM":"Walkley Rail Corridor","RAIL_TYPE":"Heavy","MISC":"Walkley","COMMONNAME":"corridor ferroviaire Walkley","LABEL_BIL":"corridor ferroviaire Walkley rail corridor","GIS_UNIQUE":null,"GLOBALID":"{34BDA385-4211-4131-9E78-9BAC8E361C2E}","CREATED_DA":null,"LAST_EDITE":"2018-12-03T13:31:31Z","Shape_Leng":160.12628330294635},"geometry":{"type":"MultiLineString","coordinates":[[[-75.654346379824474,45.364627506541758,0.0],[-75.653755761779664,45.364776321950046,0.0],[-75.653469453427263,45.36483729396214,0.0],[-75.652992843270113,45.364968361002056,0.0]]]}},
{"type":"Feature","properties":{"OBJECTID":47,"STATUS":"Active","LEGAL_NAME":"Walkley Line","COMMON_NAM":"Walkley Rail Corridor","RAIL_TYPE":"Heavy","MISC":"Walkley","COMMONNAME":"corridor ferroviaire Walkley","LABEL_BIL":"corridor ferroviaire Walkley rail corridor","GIS_UNIQUE":null,"GLOBALID":"{C0FD100D-6D5A-4824-9F7A-730F34B5F8A2}","CREATED_DA":null,"LAST_EDITE":"2018-12-03T13:31:36Z","Shape_Leng":862.15507431347646},"geometry":{"type":"MultiLineString","coordinates":[[[-75.655059143595082,45.364352377040632,0.0],[-75.654360886717981,45.364648684130827,0.0],[-75.653861343469956,45.364853313107972,0.0],[-75.653119051177654,45.365141852612247,0.0],[-75.649675890440321,45.366563559465703,0.0],[-75.64836343833548,45.367086462990436,0.0]]]}},
{"type":"Feature","properties":{"OBJECTID":48,"STATUS":"Active","LEGAL_NAME":"Walkley Line","COMMON_NAM":"Walkley Rail Corridor","RAIL_TYPE":"Heavy","MISC":"Walkley","COMMONNAME":"corridor ferroviaire Walkley","LABEL_BIL":"corridor ferroviaire Walkley rail corridor","GIS_UNIQUE":null,"GLOBALID":"{7ED54615-43A9-4EF1-B5E7-AE4A7E1CF3E1}","CREATED_DA":null,"LAST_EDITE":"2018-12-03T13:31:43Z","Shape_Leng":564.10179828327932},"geometry":{"type":"MultiLineString","coordinates":[[[-75.645455564811328,45.368016174638178,0.0],[-75.644975081118687,45.36817011773698,0.0],[-75.64443899530319,45.368374669602986,0.0],[-75.643672624568026,45.368691300535815,0.0],[-75.642688088982936,45.36908872693779,0.0],[-75.642211364739737,45.369288977076387,0.0],[-75.641618894368833,45.369535234599709,0.0],[-75.641051009090617,45.369772715714817,0.0]]]}},
{"type":"Feature","properties":{"OBJECTID":49,"STATUS":"Active","LEGAL_NAME":"Walkley Line","COMMON_NAM":"Walkley Rail Corridor","RAIL_TYPE":"Heavy","MISC":"Walkley","COMMONNAME":"corridor ferroviaire Walkley","LABEL_BIL":"corridor ferroviaire Walkley rail corridor","GIS_UNIQUE":null,"GLOBALID":"{DBD56FEA-3214-4CDD-9082-A8BD7BDB0D45}","CREATED_DA":null,"LAST_EDITE":"2018-12-03T13:31:49Z","Shape_Leng":729.59845829230369},"geometry":{"type":"MultiLineString","coordinates":[[[-75.640459941888182,45.369961901055206,0.0],[-75.64091957478476,45.369813933591935,0.0],[-75.641353316438241,45.369677912337728,0.0],[-75.641581715794175,45.36958463163225,0.0],[-75.643782243287205,45.368696170135927,0.0],[-75.645224915175618,45.368110560480758,0.0],[-75.645619158804351,45.367949228154956,0.0],[-75.646188883832266,45.367731058446871,0.0]]]}},
{"type":"Feature","properties":{"OBJECTID":50,"STATUS":"Active","LEGAL_NAME":"Walkley Line","COMMON_NAM":"Walkley Rail Corridor","RAIL_TYPE":"Heavy","MISC":"Walkley","COMMONNAME":"corridor ferroviaire Walkley","LABEL_BIL":"corridor ferroviaire Walkley rail corridor","GIS_UNIQUE":null,"GLOBALID":"{DDED1BE0-B9AE-4A40-9EE6-4F849CFCF1D2}","CREATED_DA":null,"LAST_EDITE":"2018-12-03T13:31:55Z","Shape_Leng":770.51647776745119},"geometry":{"type":"MultiLineString","coordinates":[[[-75.646828080970991,45.367560486750854,0.0],[-75.646169573646915,45.367764611032428,0.0],[-75.645859591093512,45.367893361415909,0.0],[-75.645098409925708,45.368202802286262,0.0],[-75.644638924352847,45.368389834489676,0.0],[-75.644180364943011,45.368574965815895,0.0],[-75.643851354275256,45.368710592758084,0.0],[-75.643603959144343,45.368809687363232,0.0],[-75.642486090214874,45.369268099102676,0.0],[-75.641788642719874,45.369554282300484,0.0],[-75.640807321306866,45.369953730331574,0.0]]]}},
{"type":"Feature","properties":{"OBJECTID":51,"STATUS":"Active","LEGAL_NAME":"Walkley Line","COMMON_NAM":"Walkley Rail Corridor","RAIL_TYPE":"Heavy","MISC":"Walkley","COMMONNAME":"corridor ferroviaire Walkley","LABEL_BIL":"corridor ferroviaire Walkley rail corridor","GIS_UNIQUE":null,"GLOBALID":"{AAE961DC-A29D-4822-8159-F6AA12424119}","CREATED_DA":null,"LAST_EDITE":"2018-12-03T13:32:25Z","Shape_Leng":158.61223244711746},"geometry":{"type":"MultiLineString","coordinates":[[[-75.646828080970991,45.367560486750854,0.0],[-75.646468991114261,45.367651435034816,0.0],[-75.645502015796353,45.367926304250183,0.0]]]}},
{"type":"Feature","properties":{"OBJECTID":52,"STATUS":"Active","LEGAL_NAME":"Walkley Line","COMMON_NAM":"Walkley Rail Corridor","RAIL_TYPE":"Heavy","MISC":"Walkley","COMMONNAME":"corridor ferroviaire Walkley","LABEL_BIL":"corridor ferroviaire Walkley rail corridor","GIS_UNIQUE":null,"GLOBALID":"{5A5F57FE-EB0E-44C7-B6B4-42E296D30C7C}","CREATED_DA":null,"LAST_EDITE":"2018-12-03T13:32:30Z","Shape_Leng":323.15743355610761},"geometry":{"type":"MultiLineString","coordinates":[[[-75.647718141635963,45.367094541984486,0.0],[-75.647264415162383,45.367281627079727,0.0],[-75.646817797057608,45.367444955011955,0.0],[-75.646184404832255,45.367674740244745,0.0],[-75.64578853076128,45.367832490520392,0.0],[-75.645149158451076,45.368041839423768,0.0]]]}},
{"type":"Feature","properties":{"OBJECTID":53,"STATUS":"Active","LEGAL_NAME":"Walkley Line","COMMON_NAM":"Walkley Rail Corridor","RAIL_TYPE":"Heavy","MISC":"Walkley","COMMONNAME":"corridor ferroviaire Walkley","LABEL_BIL":"corridor ferroviaire Walkley rail corridor","GIS_UNIQUE":null,"GLOBALID":"{113C1571-7360-4FE7-BB2A-8726A33C2B90}","CREATED_DA":null,"LAST_EDITE":"2018-12-03T13:32:36Z","Shape_Leng":4546.6762770954583},"geometry":{"type":"MultiLineString","coordinates":[[[-75.692088778483139,45.351290317152248,0.0],[-75.691692357338141,45.351622871527411,0.0],[-75.690943709465202,45.352130473712656,0.0],[-75.689949981419801,45.352656059129728,0.0],[-75.689098790857187,45.352995241488806,0.0],[-75.686596941468395,45.353815850081453,0.0],[-75.679638729618162,45.356128392374536,0.0],[-75.673016700584924,45.358373900025327,0.0],[-75.664067751098173,45.361356573320393,0.0],[-75.657592284898456,45.363543076396354,0.0],[-75.656996780916828,45.363734731471681,0.0],[-75.656635264710516,45.363857060788291,0.0],[-75.65570089284752,45.364121600652332,0.0]]]}},
{"type":"Feature","properties":{"OBJECTID":54,"STATUS":"Active","LEGAL_NAME":"Walkley Line","COMMON_NAM":"Walkley Rail Corridor","RAIL_TYPE":"Heavy","MISC":"Walkley","COMMONNAME":"corridor ferroviaire Walkley","LABEL_BIL":"corridor ferroviaire Walkley rail corridor","GIS_UNIQUE":null,"GLOBALID":"{3375B430-7EB7-4671-827A-61AA1349119E}","CREATED_DA":null,"LAST_EDITE":"2018-12-03T13:32:46Z","Shape_Leng":7051.3157660237957},"geometry":{"type":"MultiLineString","coordinates":[[[-75.648667964521863,45.366924191155782,0.0],[-75.637614666566293,45.371435525751728,0.0],[-75.629351893412675,45.374797587916078,0.0],[-75.627445467157145,45.375584656736507,0.0],[-75.626122973684076,45.376171174661444,0.0],[-75.625147147265679,45.376570473104231,0.0],[-75.62127405013841,45.378148485979104,0.0],[-75.62062597764465,45.378424606556074,0.0],[-75.620061938952489,45.378696439452085,0.0],[-75.619518426764571,45.378998018405476,0.0],[-75.61908754983854,45.37925607790033,0.0],[-75.618598930104369,45.379627120005317,0.0],[-75.618096004699282,45.38001777614928,0.0],[-75.617698488507969,45.380379654671628,0.0],[-75.61446872885459,45.383752621447627,0.0],[-75.611649487607934,45.386808126159359,0.0],[-75.60975706518937,45.388766081683592,0.0],[-75.609273520038244,45.389250552714486,0.0],[-75.608791670906371,45.389626536448063,0.0],[-75.608346047236637,45.389923893375247,0.0],[-75.607689693174279,45.390268919954238,0.0],[-75.60639359849246,45.390791411891229,0.0],[-75.604793198609826,45.39144315659486,0.0],[-75.602441288821765,45.392400877073555,0.0],[-75.601236820502294,45.392891317443997,0.0],[-75.600644705864227,45.393152968558873,0.0],[-75.600170939773278,45.393455004077722,0.0],[-75.599752061644494,45.393826514427815,0.0]]]}},
{"type":"Feature","properties":{"OBJECTID":55,"STATUS":"Active","LEGAL_NAME":"Walkley Line","COMMON_NAM":"Walkley Rail Corridor","RAIL_TYPE":"Heavy","MISC":"Walkley","COMMONNAME":"corridor ferroviaire Walkley","LABEL_BIL":"corridor ferroviaire Walkley rail corridor","GIS_UNIQUE":null,"GLOBALID":"{2DDD7C9A-A8E6-45F5-A634-9DD481776B06}","CREATED_DA":null,"LAST_EDITE":"2018-12-03T13:32:51Z","Shape_Leng":3166.9096991674228},"geometry":{"type":"MultiLineString","coordinates":[[[-75.65570089284752,45.364121600652332,0.0],[-75.655142238657177,45.364320301222683,0.0],[-75.653210347858291,45.365066004850036,0.0],[-75.649048773845522,45.366771792186235,0.0],[-75.648667964521863,45.366924191155782,0.0],[-75.647940578873374,45.367311787663887,0.0],[-75.647335046099897,45.367552349760601,0.0],[-75.646954386794874,45.367674020772967,0.0],[-75.631524343163179,45.373963582361739,0.0],[-75.631069247657109,45.374102241800294,0.0]]]}},
{"type":"Feature","properties":{"OBJECTID":56,"STATUS":"Active","LEGAL_NAME":"Walkley Line","COMMON_NAM":"Walkley Rail Corridor","RAIL_TYPE":"Heavy","MISC":"Walkley","COMMONNAME":"corridor ferroviaire Walkley","LABEL_BIL":"corridor ferroviaire Walkley rail corridor","GIS_UNIQUE":null,"GLOBALID":"{D1387E30-F10B-4927-8330-5F721C3F2B9E}","CREATED_DA":null,"LAST_EDITE":"2018-12-03T13:32:56Z","Shape_Leng":3065.622590039985},"geometry":{"type":"MultiLineString","coordinates":[[[-75.631779752164761,45.373643046984256,0.0],[-75.632749762890015,45.373135429530024,0.0],[-75.633028505631103,45.372999096318296,0.0],[-75.633432578625687,45.3728178813057,0.0],[-75.634076456885367,45.372563901267064,0.0],[-75.638134988745136,45.370910273795651,0.0],[-75.640022040136628,45.370131615433941,0.0],[-75.640548602013467,45.369927539452966,0.0],[-75.640826400625187,45.369807126005206,0.0],[-75.645264443743059,45.367994328068811,0.0],[-75.648299331861864,45.366762681886648,0.0],[-75.651429824083095,45.365475717252778,0.0],[-75.652159673810402,45.365173537917684,0.0],[-75.652711102850944,45.364955491938183,0.0],[-75.653095519808772,45.364825012466639,0.0],[-75.653399524972286,45.364732507013272,0.0],[-75.653743759389158,45.36463744083531,0.0],[-75.654455196348096,45.364446999998087,0.0],[-75.65570089284752,45.364121600652332,0.0]]]}},
{"type":"Feature","properties":{"OBJECTID":57,"STATUS":"Active","LEGAL_NAME":"Walkley Line","COMMON_NAM":"Walkley Rail Corridor","RAIL_TYPE":"Heavy","MISC":"Walkley","COMMONNAME":"corridor ferroviaire Walkley","LABEL_BIL":"corridor ferroviaire Walkley rail corridor","GIS_UNIQUE":null,"GLOBALID":"{DB365C2C-2342-4C74-BA7D-A8CFA81BD539}","CREATED_DA":null,"LAST_EDITE":"2018-12-03T13:33:00Z","Shape_Leng":564.40077525563186},"geometry":{"type":"MultiLineString","coordinates":[[[-75.653228855848084,45.365058861554019,0.0],[-75.653041311871277,45.365104072960293,0.0],[-75.652796792247557,45.365193685907698,0.0],[-75.65250521886928,45.365312948506727,0.0],[-75.652046441168835,45.365500968532132,0.0],[-75.651734494898221,45.365627220341814,0.0],[-75.651232883728412,45.365833489257881,0.0],[-75.65073542636847,45.36603264328086,0.0],[-75.650076991807936,45.366304406362815,0.0],[-75.64951227219278,45.366528768525086,0.0],[-75.64921648212254,45.366657991911033,0.0],[-75.648854617369892,45.366849493168253,0.0]]]}},
{"type":"Feature","properties":{"OBJECTID":58,"STATUS":"Active","LEGAL_NAME":"Walkley Line","COMMON_NAM":"Walkley Rail Corridor","RAIL_TYPE":"Heavy","MISC":"Walkley","COMMONNAME":"corridor ferroviaire Walkley","LABEL_BIL":"corridor ferroviaire Walkley rail corridor","GIS_UNIQUE":null,"GLOBALID":"{187D0A5A-40FF-4C6E-8D58-4E76334BC8D9}","CREATED_DA":null,"LAST_EDITE":"2018-12-03T13:33:05Z","Shape_Leng":516.16472324199765},"geometry":{"type":"MultiLineString","coordinates":[[[-75.652955049349487,45.365135686967683,0.0],[-75.652765007157868,45.36517626824439,0.0],[-75.652417593603204,45.365280355065579,0.0],[-75.652191650241249,45.365347247904744,0.0],[-75.65187881014694,45.365465636681925,0.0],[-75.651594826634494,45.365585310841276,0.0],[-75.651370565817061,45.36567507134378,0.0],[-75.651134402322128,45.36574760040174,0.0],[-75.650812877315616,45.365836636733654,0.0],[-75.650472537095524,45.365964102728455,0.0],[-75.649746582463294,45.366267503497497,0.0],[-75.648846232495046,45.36662900298159,0.0]]]}},
{"type":"Feature","properties":{"OBJECTID":59,"STATUS":"Active","LEGAL_NAME":"Walkley Line","COMMON_NAM":"Walkley Rail Corridor","RAIL_TYPE":"Heavy","MISC":"Walkley","COMMONNAME":"corridor ferroviaire Walkley","LABEL_BIL":"corridor ferroviaire Walkley rail corridor","GIS_UNIQUE":null,"GLOBALID":"{3CAC860E-CEE2-4A50-8B45-8895495FC5DC}","CREATED_DA":null,"LAST_EDITE":"2018-12-03T13:33:10Z","Shape_Leng":426.45913044305115},"geometry":{"type":"MultiLineString","coordinates":[[[-75.652718837345532,45.365190100382719,0.0],[-75.652391277456957,45.365312896753103,0.0],[-75.651877462674008,45.365522410872863,0.0],[-75.651437018690189,45.365703897297458,0.0],[-75.650472877557021,45.366099816715803,0.0],[-75.649942859861284,45.366307773445875,0.0],[-75.649534389613379,45.366494014168495,0.0],[-75.649430666537427,45.366564420955406,0.0]]]}},
{"type":"Feature","properties":{"OBJECTID":60,"STATUS":"Active","LEGAL_NAME":"Walkley Line","COMMON_NAM":"Walkley Rail Corridor","RAIL_TYPE":"Heavy","MISC":"Walkley","COMMONNAME":"corridor ferroviaire Walkley","LABEL_BIL":"corridor ferroviaire Walkley rail corridor","GIS_UNIQUE":null,"GLOBALID":"{F6154B27-F866-4E93-92F4-B4B0743EA896}","CREATED_DA":null,"LAST_EDITE":"2018-12-03T13:33:15Z","Shape_Leng":201.26698477293104},"geometry":{"type":"MultiLineString","coordinates":[[[-75.651286611067249,45.365700855214271,0.0],[-75.651025647782262,45.365816909309387,0.0],[-75.65074021798219,45.365931451598058,0.0],[-75.649725864617864,45.366341752257554,0.0]]]}},
{"type":"Feature","properties":{"OBJECTID":61,"STATUS":"Active","LEGAL_NAME":"Walkley Line","COMMON_NAM":"Walkley Rail Corridor","RAIL_TYPE":"Heavy","MISC":"Walkley","COMMONNAME":"corridor ferroviaire Walkley","LABEL_BIL":"corridor ferroviaire Walkley rail corridor","GIS_UNIQUE":null,"GLOBALID":"{FCEB6D62-CD2C-4E28-9867-5DF10B7E1747}","CREATED_DA":null,"LAST_EDITE":"2018-12-03T13:33:23Z","Shape_Leng":961.19332843979237},"geometry":{"type":"MultiLineString","coordinates":[[[-75.647827793592811,45.367267164963771,0.0],[-75.647233366691196,45.367452643923805,0.0],[-75.646831850301922,45.367559167085489,0.0],[-75.646363262100266,45.367723281216755,0.0],[-75.645546397961297,45.368046689515339,0.0],[-75.643628596339312,45.368846672506663,0.0],[-75.642723191550971,45.369215585429892,0.0],[-75.641670179188409,45.369644868917497,0.0],[-75.640628764076155,45.370071313664901,0.0],[-75.640286212203804,45.370207780151794,0.0]]]}},
{"type":"Feature","properties":{"OBJECTID":62,"STATUS":"Active","LEGAL_NAME":"Walkley Line","COMMON_NAM":"Walkley Rail Corridor","RAIL_TYPE":"Heavy","MISC":"Walkley","COMMONNAME":"corridor ferroviaire Walkley","LABEL_BIL":"corridor ferroviaire Walkley rail corridor","GIS_UNIQUE":null,"GLOBALID":"{7E6BDA8D-3664-4D39-9E68-5C61179234E3}","CREATED_DA":null,"LAST_EDITE":"2018-12-03T13:33:34Z","Shape_Leng":2162.7665410216559},"geometry":{"type":"MultiLineString","coordinates":[[[-75.647494937237326,45.36737102704614,0.0],[-75.647089415260197,45.36752424611587,0.0],[-75.646620418325085,45.367715738760374,0.0],[-75.646253347835383,45.367867277503649,0.0],[-75.645761747491079,45.368065501681791,0.0],[-75.645343137060266,45.368229985436365,0.0],[-75.644780234736913,45.36846576678127,0.0],[-75.644103215829787,45.368742593509779,0.0],[-75.642916941089766,45.369226305266167,0.0],[-75.641367256494817,45.369848936452009,0.0],[-75.639840195071983,45.370477209619878,0.0],[-75.638320817838093,45.371101457108452,0.0],[-75.637634328891238,45.371374840417573,0.0],[-75.636811760450186,45.371711277115963,0.0],[-75.634581901166499,45.372625333762976,0.0],[-75.633582530802812,45.373034413997182,0.0],[-75.632258872214805,45.373574828654206,0.0],[-75.631247272186826,45.373986175676116,0.0],[-75.630687042351468,45.374216193693613,0.0]]]}},
{"type":"Feature","properties":{"OBJECTID":63,"STATUS":"Active","LEGAL_NAME":"Walkley Line","COMMON_NAM":"Walkley Rail Corridor","RAIL_TYPE":"Heavy","MISC":"Walkley","COMMONNAME":"corridor ferroviaire Walkley","LABEL_BIL":"corridor ferroviaire Walkley rail corridor","GIS_UNIQUE":null,"GLOBALID":"{739CCDC2-270D-41A6-8602-0DC4302220C4}","CREATED_DA":null,"LAST_EDITE":"2018-12-03T13:33:38Z","Shape_Leng":2114.8226864066073},"geometry":{"type":"MultiLineString","coordinates":[[[-75.647091426588105,45.367490302094858,0.0],[-75.646679078313127,45.367640757815927,0.0],[-75.646006045230919,45.367923340544507,0.0],[-75.645583427415602,45.368084938010803,0.0],[-75.644620136088676,45.368486289107089,0.0],[-75.643910095111693,45.368780129019129,0.0],[-75.642909205696853,45.369186898845221,0.0],[-75.641492555307281,45.369760769138693,0.0],[-75.639293463322076,45.370660864323469,0.0],[-75.636689135922325,45.371726422175925,0.0],[-75.636073480033929,45.371976045929699,0.0],[-75.635094559817674,45.37237458074771,0.0],[-75.63431960747657,45.372687749383033,0.0],[-75.633305090618876,45.373103100590853,0.0],[-75.632433005242746,45.373457900062945,0.0],[-75.631314526357215,45.373917756456329,0.0],[-75.63100720191872,45.374044939201994,0.0],[-75.630687042351468,45.374216193693613,0.0]]]}},
{"type":"Feature","properties":{"OBJECTID":64,"STATUS":"Active","LEGAL_NAME":"Walkley Line","COMMON_NAM":"Walkley Rail Corridor","RAIL_TYPE":"Heavy","MISC":"Walkley","COMMONNAME":"corridor ferroviaire Walkley","LABEL_BIL":"corridor ferroviaire Walkley rail corridor","GIS_UNIQUE":null,"GLOBALID":"{62298747-1560-4AAC-A73A-D743F85B47DF}","CREATED_DA":null,"LAST_EDITE":"2018-12-03T13:33:42Z","Shape_Leng":669.21113126686726},"geometry":{"type":"MultiLineString","coordinates":[[[-75.636258822239981,45.371900898351115,0.0],[-75.635954208018703,45.371992711160175,0.0],[-75.635282057082094,45.372210475694459,0.0],[-75.634717200024696,45.372436192039906,0.0],[-75.634284782487953,45.37261576878047,0.0],[-75.632413190204204,45.373382412423204,0.0],[-75.631733304772993,45.373662158930728,0.0],[-75.631071809652298,45.37401820184003,0.0]]]}},
{"type":"Feature","properties":{"OBJECTID":65,"STATUS":"Active","LEGAL_NAME":"Walkley Line","COMMON_NAM":"Walkley Rail Corridor","RAIL_TYPE":"Heavy","MISC":"Walkley","COMMONNAME":"corridor ferroviaire Walkley","LABEL_BIL":"corridor ferroviaire Walkley rail corridor","GIS_UNIQUE":null,"GLOBALID":"{EB357B6D-E6E5-4A3C-8C4B-5144EA418218}","CREATED_DA":null,"LAST_EDITE":"2018-12-03T13:33:48Z","Shape_Leng":2042.0968437544823},"geometry":{"type":"MultiLineString","coordinates":[[[-75.631473050258762,45.373979210830264,0.0],[-75.631772489285694,45.373891737795873,0.0],[-75.632220940851937,45.373725149553437,0.0],[-75.634231821412072,45.372910429700937,0.0],[-75.635359217873429,45.37244555889918,0.0],[-75.636156369381808,45.372115884024204,0.0],[-75.638445576763061,45.371183197974126,0.0],[-75.640015832778019,45.370545046725432,0.0],[-75.641451828387233,45.369952530629178,0.0],[-75.642846686546335,45.369383020634082,0.0],[-75.645167001687554,45.368433527945584,0.0],[-75.647361328110179,45.367541908560845,0.0]]]}},
{"type":"Feature","properties":{"OBJECTID":66,"STATUS":"Active","LEGAL_NAME":"Walkley Line","COMMON_NAM":"Walkley Rail Corridor","RAIL_TYPE":"Heavy","MISC":"Walkley","COMMONNAME":"corridor ferroviaire Walkley","LABEL_BIL":"corridor ferroviaire Walkley rail corridor","GIS_UNIQUE":null,"GLOBALID":"{5A6E0942-F68B-4697-9091-1E43EB6D56C8}","CREATED_DA":null,"LAST_EDITE":"2018-12-03T13:33:54Z","Shape_Leng":2080.7446649663034},"geometry":{"type":"MultiLineString","coordinates":[[[-75.647940578873374,45.367311787663887,0.0],[-75.647540463855933,45.367516049795412,0.0],[-75.647211481035953,45.367650734496209,0.0],[-75.646319719860131,45.368013587710948,0.0],[-75.645288584169691,45.36843467529831,0.0],[-75.644157843280524,45.368894055031987,0.0],[-75.643404616694582,45.369206496350124,0.0],[-75.642499026853287,45.369570772169219,0.0],[-75.640982356243356,45.370188482760391,0.0],[-75.639291879592236,45.370877802222623,0.0],[-75.638639283182727,45.37114430535101,0.0],[-75.636649262401789,45.371958833558558,0.0],[-75.635403980924025,45.372457973156372,0.0],[-75.63444233710733,45.372856871222943,0.0],[-75.63393242819923,45.37306728631426,0.0],[-75.633012640484864,45.373440299415179,0.0],[-75.632623987072151,45.373606748403695,0.0],[-75.632192569360328,45.373764181756457,0.0],[-75.631772489285694,45.373891737795873,0.0]]]}},
{"type":"Feature","properties":{"OBJECTID":67,"STATUS":"Active","LEGAL_NAME":"Walkley Line","COMMON_NAM":"Walkley Rail Corridor","RAIL_TYPE":"Heavy","MISC":"Walkley","COMMONNAME":"corridor ferroviaire Walkley","LABEL_BIL":"corridor ferroviaire Walkley rail corridor","GIS_UNIQUE":null,"GLOBALID":"{F229BDB9-C866-477C-937E-B4AD7FFAE8A2}","CREATED_DA":null,"LAST_EDITE":"2018-12-03T13:33:59Z","Shape_Leng":67.060381746694489},"geometry":{"type":"MultiLineString","coordinates":[[[-75.630687042351468,45.374216193693613,0.0],[-75.630190923481308,45.37445623800069,0.0]]]}},
{"type":"Feature","properties":{"OBJECTID":68,"STATUS":"Active","LEGAL_NAME":"Walkley Line","COMMON_NAM":"Walkley Rail Corridor","RAIL_TYPE":"Heavy","MISC":"Walkley","COMMONNAME":"corridor ferroviaire Walkley","LABEL_BIL":"corridor ferroviaire Walkley rail corridor","GIS_UNIQUE":null,"GLOBALID":"{A14C7DF5-60B9-4AB1-B220-CE8E39D623AC}","CREATED_DA":null,"LAST_EDITE":"2018-12-03T13:34:17Z","Shape_Leng":468.8713068938934},"geometry":{"type":"MultiLineString","coordinates":[[[-75.637270307283586,45.371210127261442,0.0],[-75.636175756822297,45.37166136761779,0.0],[-75.635047921983073,45.372079012086139,0.0],[-75.63422503284346,45.372434674334713,0.0],[-75.633918543838206,45.372596632500098,0.0],[-75.633820196280894,45.372651440723452,0.0],[-75.633661054338418,45.372727759181736,0.0]]]}},
{"type":"Feature","properties":{"OBJECTID":69,"STATUS":"Active","LEGAL_NAME":"Alexandria Subdivision \"Passenger Zone\"","COMMON_NAM":"Alexandria Rail Corridor","RAIL_TYPE":"Heavy","MISC":"Alexandria","COMMONNAME":"corridor ferroviaire Alexandria","LABEL_BIL":"corridor ferroviaire Alexandria rail corridor","GIS_UNIQUE":null,"GLOBALID":"{727BC63F-DF86-48A0-9F60-32A43222B168}","CREATED_DA":null,"LAST_EDITE":"2017-04-13T15:01:08Z","Shape_Leng":1122.445982965693},"geometry":{"type":"MultiLineString","coordinates":[[[-75.599916889922724,45.411890138915766,0.0],[-75.600654374431642,45.411778875001318,0.0],[-75.601113710884178,45.411680770739345,0.0],[-75.601486134434666,45.411564709242889,0.0],[-75.602128174741267,45.411285710283252,0.0],[-75.602499205903072,45.411085188251228,0.0],[-75.602870873072092,45.410844365502712,0.0],[-75.603182476186262,45.41061074611757,0.0],[-75.603508702076653,45.410313906066499,0.0],[-75.603825360909241,45.409932544358199,0.0],[-75.604074239158706,45.409529538116985,0.0],[-75.604243499724546,45.409164291854246,0.0],[-75.6043553624353,45.40881010999032,0.0],[-75.604401384025621,45.408484200296762,0.0],[-75.604417923806622,45.408127352135288,0.0],[-75.604367474420272,45.407698966256532,0.0],[-75.604235055560878,45.407285292004616,0.0],[-75.603910165465322,45.406465148791412,0.0]]]}},
{"type":"Feature","properties":{"OBJECTID":70,"STATUS":"Active","LEGAL_NAME":"Alexandria Subdivision \"Passenger Zone\"","COMMON_NAM":"Alexandria Rail Corridor","RAIL_TYPE":"Heavy","MISC":"Alexandria","COMMONNAME":"corridor ferroviaire Alexandria","LABEL_BIL":"corridor ferroviaire Alexandria rail corridor","GIS_UNIQUE":null,"GLOBALID":"{F81D47E4-1E93-4D8D-950C-3A16EC227D1F}","CREATED_DA":null,"LAST_EDITE":"2017-04-13T15:01:07Z","Shape_Leng":1356.6637068219325},"geometry":{"type":"MultiLineString","coordinates":[[[-75.603910165465322,45.406465148791412,0.0],[-75.604395572824046,45.407472717131824,0.0],[-75.60464798684248,45.407879654489633,0.0],[-75.604965335581213,45.408315889478871,0.0],[-75.605509508030863,45.408882489124537,0.0],[-75.606065859839148,45.409368573705642,0.0],[-75.606664057868301,45.409793566662309,0.0],[-75.607342180804949,45.410161604489112,0.0],[-75.608270027305707,45.410591084764491,0.0],[-75.609091051542777,45.410883457844491,0.0],[-75.610002715792021,45.41113047006553,0.0],[-75.610904815678424,45.411292953685383,0.0],[-75.611677467434092,45.411369977996245,0.0],[-75.612722543181107,45.411451031908612,0.0]]]}},
{"type":"Feature","properties":{"OBJECTID":71,"STATUS":"Active","LEGAL_NAME":"Alexandria Subdivision \"Passenger Zone\"","COMMON_NAM":"Alexandria Rail Corridor","RAIL_TYPE":"Heavy","MISC":"Alexandria","COMMONNAME":"corridor ferroviaire Alexandria","LABEL_BIL":"corridorferroviaire Alexandria rail corridor","GIS_UNIQUE":null,"GLOBALID":"{EABE0888-8667-48A7-B648-A5C2D7993D2C}","CREATED_DA":null,"LAST_EDITE":"2017-04-13T15:01:06Z","Shape_Leng":4204.4433471862176},"geometry":{"type":"MultiLineString","coordinates":[[[-75.612722543181107,45.411451031908612,0.0],[-75.615278001331106,45.411655101797642,0.0],[-75.616632401166441,45.411821043505221,0.0],[-75.618347891406643,45.412072283716924,0.0],[-75.62050014702956,45.412449693412462,0.0],[-75.62245560692655,45.41286777438939,0.0],[-75.625145676723562,45.41353711182159,0.0],[-75.630148426880154,45.414797875035802,0.0],[-75.631994404601912,45.415257181391361,0.0],[-75.633186626189101,45.415523412266992,0.0],[-75.634297790991582,45.415744874577825,0.0],[-75.635675640449094,45.415991376209533,0.0],[-75.637187249052417,45.416223516712563,0.0],[-75.638193343306014,45.416367378131454,0.0],[-75.639006801033446,45.416456040279108,0.0],[-75.640163759254165,45.416535768369776,0.0],[-75.640760314264668,45.41655177286961,0.0],[-75.641482706178508,45.416536093744007,0.0],[-75.642827424870021,45.416454069744432,0.0],[-75.645953887248893,45.41622223223397,0.0],[-75.649413122439924,45.415967838684047,0.0]]]}},
{"type":"Feature","properties":{"OBJECTID":72,"STATUS":"Non-Active","LEGAL_NAME":"Montreal and Ottawa Subdivision \"Passenger Zone\"","COMMON_NAM":"Montreal and Ottawa Rail Corridor","RAIL_TYPE":"Heavy","MISC":"Montreal and Ottawa","COMMONNAME":"corridor ferroviaire Montreal and Ottawa","LABEL_BIL":"corridor ferroviaire Montreal and Ottawa rail corridor","GIS_UNIQUE":null,"GLOBALID":"{330BCCB3-9370-4ABD-8C4C-D4F59CFD2CB0}","CREATED_DA":null,"LAST_EDITE":"2025-04-25T09:37:14Z","Shape_Leng":920.32450352146805},"geometry":{"type":"MultiLineString","coordinates":[[[-75.599916889922724,45.411890138915766,0.0],[-75.599670720992151,45.411923464759866,0.0],[-75.591835371640627,45.413113750670874,0.0]]]}},
{"type":"Feature","properties":{"OBJECTID":73,"STATUS":"Active","LEGAL_NAME":"Smiths Falls Subdivision","COMMON_NAM":"Smiths Falls Rail Corridor","RAIL_TYPE":"Heavy","MISC":"Smiths Falls","COMMONNAME":"corridor ferroviaire Smiths Falls","LABEL_BIL":"corridor ferroviaire Smiths Falls rail corridor","GIS_UNIQUE":null,"GLOBALID":"{C41749D6-B2B1-47E9-B803-3BFB0A13E25E}","CREATED_DA":null,"LAST_EDITE":"2017-04-13T15:02:54Z","Shape_Leng":7180.02858390846},"geometry":{"type":"MultiLineString","coordinates":[[[-75.701908954556615,45.343728326040477,0.0],[-75.702313512641453,45.343506343442023,0.0],[-75.702963298222429,45.343057099737706,0.0],[-75.70341734719122,45.34267309702274,0.0],[-75.703795119310925,45.342255255665052,0.0],[-75.70432377785562,45.341601166580993,0.0],[-75.705116860894094,45.34061170365004,0.0],[-75.707077260626846,45.338035867175854,0.0],[-75.708659214503413,45.33591948204878,0.0],[-75.71075728734165,45.333182173058326,0.0],[-75.713437809843811,45.329711961785698,0.0],[-75.715841954869035,45.326572840476608,0.0],[-75.718329705199423,45.323342650274483,0.0],[-75.720715548847352,45.320207459177681,0.0],[-75.723161039731835,45.317006013248047,0.0],[-75.725509928485607,45.313945404932319,0.0],[-75.728369063015705,45.310222092156536,0.0],[-75.731149840198512,45.306593930473667,0.0],[-75.73305961447511,45.30409639311776,0.0]]]}},
{"type":"Feature","properties":{"OBJECTID":74,"STATUS":"Active","LEGAL_NAME":"Smiths Falls Subdivision","COMMON_NAM":"Smiths Falls Rail Corridor","RAIL_TYPE":"Heavy","MISC":"Smiths Falls","COMMONNAME":"corridor ferroviaire Smiths Falls","LABEL_BIL":"corridor ferroviaire Smiths Falls rail corridor","GIS_UNIQUE":null,"GLOBALID":"{77EFA81A-D894-46F0-8717-CDFA038F247B}","CREATED_DA":null,"LAST_EDITE":"2017-04-13T15:02:54Z","Shape_Leng":36602.225414804598},"geometry":{"type":"MultiLineString","coordinates":[[[-75.73305961447511,45.30409639311776,0.0],[-75.738547372240134,45.296911508831634,0.0],[-75.742777793136284,45.291433982798729,0.0],[-75.74749804739055,45.285249114564152,0.0],[-75.752206233677271,45.279071687517423,0.0],[-75.757012816030354,45.272817481848719,0.0],[-75.75952756612493,45.269497977363685,0.0],[-75.759971674336782,45.268983492611255,0.0],[-75.760514085190152,45.268477363692014,0.0],[-75.761231936120225,45.267933758149908,0.0],[-75.77272472943865,45.261096463840985,0.0],[-75.781714565745574,45.255724888519687,0.0],[-75.791120778373184,45.250138974112787,0.0],[-75.792695317555427,45.249229833477088,0.0],[-75.793753290414998,45.248541410961195,0.0],[-75.794359641553683,45.248128177879096,0.0],[-75.795109896512656,45.247569115103225,0.0],[-75.795839515372933,45.246909533586908,0.0],[-75.796437573264924,45.2462800258916,0.0],[-75.796903789015914,45.245703756154796,0.0],[-75.797293578797479,45.245119292466732,0.0],[-75.797807112407739,45.244249878600087,0.0],[-75.798224067243495,45.243233153797043,0.0],[-75.799953088806816,45.2377303392174,0.0],[-75.801716727847932,45.232050101215194,0.0],[-75.803502522038912,45.226315912811422,0.0],[-75.805106653523211,45.221113397041982,0.0],[-75.806015260805552,45.218277258457583,0.0],[-75.807674954886835,45.212959208198683,0.0],[-75.807890656556225,45.212288708905362,0.0],[-75.808170961467582,45.211695818716684,0.0],[-75.808850211789888,45.210634306462886,0.0],[-75.810956797962078,45.207164446027946,0.0],[-75.814009789828802,45.202179012616433,0.0],[-75.815603001392518,45.199570834607357,0.0],[-75.816862619982246,45.197447120607556,0.0],[-75.818076615833604,45.195477558054698,0.0],[-75.819435896215893,45.193223135659885,0.0],[-75.822220380745875,45.18865285632927,0.0],[-75.823423633644765,45.186636839145088,0.0],[-75.825527158358454,45.183274785671379,0.0],[-75.827631886814629,45.17978914613272,0.0],[-75.829535411511785,45.176680662346051,0.0],[-75.830594966304588,45.174771828709872,0.0],[-75.832113299696104,45.171900422072163,0.0],[-75.833542081833599,45.169206076864604,0.0],[-75.835709076115393,45.164971611514332,0.0],[-75.838365793262525,45.159890520421108,0.0],[-75.839436809660015,45.157881280682041,0.0],[-75.840092112693455,45.156896653895522,0.0],[-75.841066719199731,45.155666761385142,0.0],[-75.845241863163167,45.150370315580652,0.0],[-75.850390607519756,45.143828288763096,0.0],[-75.854452912303742,45.13870845955487,0.0],[-75.859743775528173,45.131950583847811,0.0],[-75.864623982903623,45.125715269706902,0.0],[-75.869601873981367,45.119426225860103,0.0],[-75.874567761770294,45.113136891931006,0.0],[-75.879091041533897,45.107339141176773,0.0],[-75.883180875189765,45.102218408841061,0.0]]]}},
{"type":"Feature","properties":{"OBJECTID":75,"STATUS":"Active","LEGAL_NAME":"Smiths Falls Subdivision","COMMON_NAM":"Smiths Falls Rail Corridor","RAIL_TYPE":"Heavy","MISC":"Smiths Falls","COMMONNAME":"corridor ferroviaire Smiths Falls","LABEL_BIL":"corridor ferroviaire Smiths Falls rail corridor","GIS_UNIQUE":null,"GLOBALID":"{087BA053-9530-46B4-B8A4-65662677ED97}","CREATED_DA":null,"LAST_EDITE":"2017-04-13T15:02:52Z","Shape_Leng":9831.8647833173927},"geometry":{"type":"MultiLineString","coordinates":[[[-75.883180875189765,45.102218408841061,0.0],[-75.888608808750121,45.095259119055591,0.0],[-75.892156071652479,45.090768358161455,0.0],[-75.896111852413441,45.085731376334778,0.0],[-75.900232356349747,45.080509787758714,0.0],[-75.901579911022608,45.078802550539677,0.0],[-75.902642824616237,45.077209640491738,0.0],[-75.903773394825492,45.075393132499393,0.0],[-75.90825065299876,45.068196246463188,0.0],[-75.910288881869405,45.064971221648811,0.0],[-75.911873046499906,45.062438813797371,0.0],[-75.915384035431103,45.056850576783937,0.0],[-75.919691772527131,45.049968958909766,0.0],[-75.921924279186854,45.046365471784313,0.0]]]}},
{"type":"Feature","properties":{"OBJECTID":76,"STATUS":"Non-Active","LEGAL_NAME":"Carleton Place Subdivision","COMMON_NAM":"Carleton Place Rail Corridor","RAIL_TYPE":null,"MISC":"Carleton Place","COMMONNAME":"corridor ferroviaire Carleton Place","LABEL_BIL":"corridor ferroviaire Carleton Place rail corridor","GIS_UNIQUE":null,"GLOBALID":"{06774099-71CC-40FD-B228-B07AE00E38E5}","CREATED_DA":null,"LAST_EDITE":"2018-12-03T13:27:19Z","Shape_Leng":43548.926795276158},"geometry":{"type":"MultiLineString","coordinates":[[[-75.835923902825698,45.326745064131138,0.0],[-75.836020986453391,45.32664675416617,0.0],[-75.836068895404125,45.326598240482816,0.0],[-75.840042497841992,45.322574073563771,0.0],[-75.841113541188946,45.321518404207154,0.0],[-75.841345921878215,45.321276757706869,0.0],[-75.842055678089267,45.32056997549175,0.0],[-75.845114562005946,45.31746499055977,0.0],[-75.845630793257001,45.316937157487111,0.0],[-75.845630899258211,45.316937067788338,0.0],[-75.846134184887717,45.316426976418718,0.0],[-75.853695638807423,45.308758043762694,0.0],[-75.856998226677533,45.305420213754836,0.0],[-75.865086253253878,45.297159504948695,0.0],[-75.870165912673528,45.291961042876338,0.0],[-75.87016750897979,45.291959342272484,0.0],[-75.871714792378,45.29039302973284,0.0],[-75.872910118542805,45.289148561206055,0.0],[-75.872952932249262,45.289103985589961,0.0],[-75.873932767848771,45.288110499319707,0.0],[-75.87498871321074,45.28714441808718,0.0],[-75.875464841870894,45.286742042128772,0.0],[-75.875734711951907,45.286545616299179,0.0],[-75.876325836646529,45.286116866755918,0.0],[-75.877044979353968,45.28563481425136,0.0],[-75.885490188663681,45.280353262690973,0.0],[-75.886517055559906,45.279692813572325,0.0],[-75.892060834062676,45.276203887702813,0.0],[-75.89212492346833,45.276168230832987,0.0],[-75.893716110229406,45.275159823759438,0.0],[-75.896883949908556,45.273188842486384,0.0],[-75.902059098446301,45.269941149186472,0.0],[-75.905134708993558,45.267984641058327,0.0],[-75.907867467631178,45.266295485193986,0.0],[-75.90956493497184,45.265229573397562,0.0],[-75.914677700902971,45.262004658293669,0.0],[-75.917794096760773,45.260049760279003,0.0],[-75.918157403309451,45.259834602584483,0.0],[-75.91925806590794,45.25914346125078,0.0],[-75.920703317757855,45.258220981465549,0.0],[-75.920705220389621,45.25821982176199,0.0],[-75.92318041406898,45.256630506685788,0.0],[-75.928437550046056,45.253327255955533,0.0],[-75.934783798982025,45.24934527375683,0.0],[-75.936937244872695,45.248006055828107,0.0],[-75.938924479977928,45.24672888708831,0.0],[-75.940334298679758,45.245862929655814,0.0],[-75.942821138118475,45.244282241901118,0.0],[-75.943872485004491,45.243594483633004,0.0],[-75.944922912913981,45.242987618314501,0.0],[-75.946025411668913,45.242264090304282,0.0],[-75.947153238423297,45.241558583098588,0.0],[-75.955149988980239,45.236521479874028,0.0],[-75.96180012360378,45.232323442878695,0.0],[-75.967219168334424,45.228929248084647,0.0],[-75.971779815318897,45.226034720260827,0.0],[-75.974789662899155,45.224158759888645,0.0],[-75.979721115568296,45.221013625764307,0.0],[-75.981998744563867,45.219585380026651,0.0],[-75.982000647195633,45.219584129048776,0.0],[-75.996828372225977,45.210219464869226,0.0],[-76.001578015763059,45.207198574098541,0.0],[-76.002256359685248,45.20678763590734,0.0],[-76.002858097974951,45.206394270098485,0.0],[-76.005123685054102,45.204973247241483,0.0],[-76.009834031789111,45.201987929436591,0.0],[-76.013545513013597,45.199646143725957,0.0],[-76.01423676842137,45.199190100905653,0.0],[-76.016527266681678,45.1977600461042,0.0],[-76.018139655480084,45.196740983020881,0.0],[-76.019419347823145,45.195927490249311,0.0],[-76.021812123770104,45.194425671200221,0.0],[-76.023334898432424,45.193442157849866,0.0],[-76.024676412833301,45.192612034129041,0.0],[-76.02467820766725,45.192610871820094,0.0],[-76.034836091897063,45.186191611785674,0.0],[-76.039121296550803,45.183464425385921,0.0],[-76.045194507946064,45.179647593465717,0.0],[-76.045196300983378,45.179646430258856,0.0],[-76.046743852977841,45.178653791994556,0.0],[-76.046882460331219,45.178565603854913,0.0],[-76.0468845686772,45.178564352608042,0.0],[-76.047025251138891,45.178465913080359,0.0],[-76.051858870985399,45.175434517562302,0.0],[-76.053750722973746,45.174223054435807,0.0],[-76.053824302589319,45.17417593586088,0.0]]]}},
{"type":"Feature","properties":{"OBJECTID":77,"STATUS":"Active","LEGAL_NAME":"Montreal and Ottawa Subdivision \"Passenger Zone\"","COMMON_NAM":"Montreal and Ottawa Rail Corridor","RAIL_TYPE":"Heavy","MISC":"Montreal and Ottawa","COMMONNAME":"corridor ferroviaire Montreal and Ottawa","LABEL_BIL":"corridor ferroviaire Montreal and Ottawa rail corridor","GIS_UNIQUE":null,"GLOBALID":"{1695261F-5245-4329-8620-33D6A8860A61}","CREATED_DA":null,"LAST_EDITE":"2017-04-13T15:01:58Z","Shape_Leng":1358.4730960923591},"geometry":{"type":"MultiLineString","coordinates":[[[-75.600578916846075,45.411835664493886,0.0],[-75.604463493544372,45.411420507663003,0.0],[-75.606813263545433,45.411310174892343,0.0],[-75.608895502678479,45.411290798826975,0.0],[-75.611007323333823,45.411359005700788,0.0],[-75.611897130673881,45.411436939285885,0.0],[-75.612283863488528,45.411449541737063,0.0],[-75.612722543181107,45.411451031908612,0.0]]]}},
{"type":"Feature","properties":{"OBJECTID":78,"STATUS":"Active","LEGAL_NAME":"Walkley Line","COMMON_NAM":"Walkley Rail Corridor","RAIL_TYPE":"Heavy","MISC":"Walkley","COMMONNAME":"corridor ferroviaire Walkley","LABEL_BIL":"corridor ferroviaire Walkley rail corridor","GIS_UNIQUE":null,"GLOBALID":"{CC6B39CE-78D5-4350-8061-0BC0EDF573DC}","CREATED_DA":null,"LAST_EDITE":"2018-12-03T13:35:43Z","Shape_Leng":615.95195469452301},"geometry":{"type":"MultiLineString","coordinates":[[[-75.659355694869177,45.363092102635761,0.0],[-75.659211381417109,45.363097859507057,0.0],[-75.658933673535216,45.363149147454386,0.0],[-75.65878903668964,45.363191421679929,0.0],[-75.65863637788857,45.363246002330321,0.0],[-75.658111305418487,45.363410515878059,0.0],[-75.655958061648747,45.364128571761341,0.0],[-75.655493364050599,45.364293657092134,0.0],[-75.654885645676046,45.364546425221512,0.0],[-75.654709468980855,45.364628453897275,0.0],[-75.654409855680768,45.364789089439903,0.0]]]}},
{"type":"Feature","properties":{"OBJECTID":79,"STATUS":"Active","LEGAL_NAME":"Walkley Line","COMMON_NAM":"Walkley Rail Corridor","RAIL_TYPE":"Heavy","MISC":"Walkley","COMMONNAME":"corridor ferroviaire Walkley","LABEL_BIL":"corridor ferroviaire Walkley rail corridor","GIS_UNIQUE":null,"GLOBALID":"{C4B65B27-DF6D-4E6C-A6C5-DCBDBABA8DFC}","CREATED_DA":null,"LAST_EDITE":"2018-12-03T13:35:51Z","Shape_Leng":515.00365104637785},"geometry":{"type":"MultiLineString","coordinates":[[[-75.643432161736129,45.369701062094961,0.0],[-75.64562582430375,45.368581946473832,0.0],[-75.646177707891809,45.368343241058255,0.0],[-75.647345562676946,45.367997633202343,0.0]]]}},
{"type":"Feature","properties":{"OBJECTID":80,"STATUS":"Active","LEGAL_NAME":"Walkley Line","COMMON_NAM":"Walkley Rail Corridor","RAIL_TYPE":"Heavy","MISC":"Walkley","COMMONNAME":"corridor ferroviaire Walkley","LABEL_BIL":"corridor ferroviaire Walkley rail corridor","GIS_UNIQUE":null,"GLOBALID":"{B4D07CDB-ACB7-4367-B4EE-25A64EEB4D50}","CREATED_DA":null,"LAST_EDITE":"2018-12-03T13:35:56Z","Shape_Leng":450.63626231485932},"geometry":{"type":"MultiLineString","coordinates":[[[-75.645087239375158,45.369607345972796,0.0],[-75.646389813605126,45.36889635350532,0.0],[-75.647038366697529,45.368467956721688,0.0],[-75.647290252506593,45.3682614443373,0.0],[-75.648077405765861,45.367700406447447,0.0]]]}},
{"type":"Feature","properties":{"OBJECTID":81,"STATUS":"Active","LEGAL_NAME":"Walkley Line","COMMON_NAM":"Walkley Rail Corridor","RAIL_TYPE":"Heavy","MISC":"Walkley","COMMONNAME":"corridor ferroviaire Walkley","LABEL_BIL":"corridor ferroviaire Walkley rail corridor","GIS_UNIQUE":null,"GLOBALID":"{7AC3B1E6-5E04-41FF-84E3-7D6A2574068E}","CREATED_DA":null,"LAST_EDITE":"2018-12-03T13:36:01Z","Shape_Leng":292.81496847518957},"geometry":{"type":"MultiLineString","coordinates":[[[-75.648077405765861,45.367700406447447,0.0],[-75.647011318424319,45.368133378284284,0.0],[-75.646300689050847,45.368474842726833,0.0],[-75.645879226468992,45.368709824704503,0.0]]]}},
{"type":"Feature","properties":{"OBJECTID":82,"STATUS":"Active","LEGAL_NAME":"Walkley Line","COMMON_NAM":"Walkley Rail Corridor","RAIL_TYPE":"Heavy","MISC":"Walkley","COMMONNAME":"corridor ferroviaire Walkley","LABEL_BIL":"corridor ferroviaire Walkley rail corridor","GIS_UNIQUE":null,"GLOBALID":"{83AA0FC1-DCFA-4072-BEF2-2E33AA746ED5}","CREATED_DA":null,"LAST_EDITE":"2018-12-03T13:36:16Z","Shape_Leng":912.39324882609458},"geometry":{"type":"MultiLineString","coordinates":[[[-75.654885645676046,45.364546425221512,0.0],[-75.654091648152601,45.364871493296192,0.0],[-75.650064815144262,45.366508971286905,0.0],[-75.649418146717309,45.366792245702854,0.0],[-75.648657883627735,45.367299798283,0.0],[-75.648077405765861,45.367700406447447,0.0]]]}},
{"type":"Feature","properties":{"OBJECTID":83,"STATUS":"Active","LEGAL_NAME":null,"COMMON_NAM":"O-Train Confederation Line","RAIL_TYPE":"LRT","MISC":null,"COMMONNAME":"Ligne de la Confédération de l'O-Train","LABEL_BIL":null,"GIS_UNIQUE":null,"GLOBALID":"{AFE07F14-5CE3-4830-A4B9-3883512503E9}","CREATED_DA":"2022-07-04T10:57:17Z","LAST_EDITE":"2022-07-04T11:17:02Z","Shape_Leng":58.34099561905915},"geometry":{"type":"MultiLineString","coordinates":[[[-75.649810679055435,45.418850804525661,0.0],[-75.649893828803755,45.418832056008121,0.0],[-75.649975225720269,45.418809838667123,0.0],[-75.65005457638695,45.418784232587228,0.0],[-75.650131594762087,45.418755330068215,0.0],[-75.650206003211338,45.418723235292305,0.0],[-75.6502775335086,45.418688063948814,0.0]]]}},
{"type":"Feature","properties":{"OBJECTID":84,"STATUS":"Active","LEGAL_NAME":null,"COMMON_NAM":"O-Train Confederation Line","RAIL_TYPE":"LRT","MISC":null,"COMMONNAME":"Ligne de la Confédération de l'O-Train","LABEL_BIL":null,"GIS_UNIQUE":null,"GLOBALID":"{4D4008CB-9E41-4AA1-AACE-8A110359140F}","CREATED_DA":"2022-07-04T10:57:17Z","LAST_EDITE":"2022-07-04T11:17:02Z","Shape_Leng":350.9623398090954},"geometry":{"type":"MultiLineString","coordinates":[[[-75.676844181262055,45.418573905342647,0.0],[-75.676829205447945,45.418569715354799,0.0],[-75.676814237718673,45.418565508972357,0.0],[-75.676799280769202,45.418561286825977,0.0],[-75.676784331006246,45.418557049546067,0.0],[-75.676769389328115,45.418552797763276,0.0],[-75.676754455734837,45.418548532108126,0.0],[-75.67673953112471,45.418544252580588,0.0],[-75.676724613701097,45.418539961072355,0.0],[-75.676709703464027,45.418535656322256,0.0],[-75.676694799515147,45.418531340221961,0.0],[-75.67667990185447,45.418527012771477,0.0],[-75.676665011380308,45.418522674601341,0.0],[-75.676650127194378,45.418518325711567,0.0],[-75.676635247500016,45.418513967993817,0.0],[-75.676620374093858,45.418509600817451,0.0],[-75.676605506077578,45.418505224813103,0.0],[-75.676590641654585,45.418500840611294,0.0],[-75.67657578262147,45.418496448842532,0.0],[-75.676560928079908,45.418492050767973,0.0],[-75.676546075335025,45.418487645757018,0.0],[-75.676531227979993,45.418483234440224,0.0],[-75.676516383319935,45.418478818078754,0.0],[-75.676501541354796,45.418474397303072,0.0],[-75.676486702084631,45.418469972113172,0.0],[-75.676471865509399,45.418465543139661,0.0],[-75.676457031629113,45.418461111013066,0.0],[-75.676442197748827,45.418456675733367,0.0],[-75.676427366563487,45.418452238561677,0.0],[-75.676412534479823,45.41844780012854,0.0],[-75.676397705091134,45.418443360433962,0.0],[-75.676382874804091,45.418438920739042,0.0],[-75.674402363588769,45.417845894541188,0.0],[-75.674387535098376,45.417841453538159,0.0],[-75.674372708404604,45.417837012534825,0.0],[-75.674357880812536,45.417832570900529,0.0],[-75.674343054118751,45.4178281280048,0.0],[-75.674328229221629,45.417823682586501,0.0],[-75.674313406121115,45.417819234645592,0.0],[-75.674298583918954,45.41781478292102,0.0],[-75.674283764411683,45.41781032867388,0.0],[-75.674268947599401,45.417805870012515,0.0],[-75.674254133482052,45.417801405675739,0.0],[-75.674239322059634,45.417796936924788,0.0],[-75.674224515128813,45.417792463128997,0.0],[-75.674209710892939,45.417787982396717,0.0],[-75.674194911148618,45.417783495358549,0.0],[-75.674180115895894,45.417779001383877,0.0],[-75.674165325134751,45.417774498581046,0.0],[-75.674150539763488,45.417769988841769,0.0],[-75.674135759782118,45.417765469013233,0.0],[-75.67412098519064,45.417760940987058,0.0],[-75.674106216887367,45.417756402241125,0.0],[-75.674091454872297,45.417751855297539,0.0],[-75.674076700043756,45.417747295742473,0.0],[-75.674061951503433,45.417742724837012,0.0],[-75.67404721014961,45.417738142581157,0.0],[-75.674032477778951,45.417733548344387,0.0],[-75.674017752594821,45.417728940865508,0.0],[-75.674003034597192,45.417724320775093,0.0],[-75.673988327379362,45.41771968618152,0.0],[-75.673973628246372,45.417715037084747,0.0],[-75.673958939893168,45.417710373484816,0.0],[-75.673944260523115,45.417705694120535,0.0]]]}},
{"type":"Feature","properties":{"OBJECTID":85,"STATUS":"Active","LEGAL_NAME":null,"COMMON_NAM":"O-Train Confederation Line","RAIL_TYPE":"LRT","MISC":null,"COMMONNAME":"Ligne de la Confédération de l'O-Train","LABEL_BIL":null,"GIS_UNIQUE":null,"GLOBALID":"{41227F4B-DE7D-4968-8720-BAE1B68AB954}","CREATED_DA":"2022-07-04T10:57:17Z","LAST_EDITE":"2022-07-04T11:17:02Z","Shape_Leng":351.09782351931204},"geometry":{"type":"MultiLineString","coordinates":[[[-75.652648038423038,45.417256022492722,0.0],[-75.652641692723876,45.417258727604327,0.0],[-75.652635338939874,45.417261425149022,0.0],[-75.652628977969343,45.417264113865713,0.0],[-75.652622608913987,45.417266793123815,0.0],[-75.652616234468709,45.417269464815114,0.0],[-75.652609851938621,45.417272128939508,0.0],[-75.65260346401864,45.417274785497042,0.0],[-75.652597068912144,45.417277433857109,0.0],[-75.652590669314051,45.417280076542035,0.0],[-75.65258426432608,45.417282712290678,0.0],[-75.652577853049891,45.417285341733525,0.0],[-75.652571438180445,45.41728796487066,0.0],[-75.65256501612447,45.417290582332612,0.0],[-75.652558593170198,45.417293194119395,0.0],[-75.652552163029412,45.417295800861567,0.0],[-75.652545730193651,45.417298403189662,0.0],[-75.652539293764633,45.417301001103723,0.0],[-75.652532853742358,45.417303594603709,0.0],[-75.652526409228514,45.417306183059132,0.0],[-75.652519962918049,45.417308768992157,0.0],[-75.652513513912609,45.417311351772241,0.0],[-75.652507062212251,45.417313930138292,0.0],[-75.652500608715243,45.417316507243136,0.0],[-75.6524941534216,45.417319081825568,0.0],[-75.652487695433038,45.417321653255122,0.0],[-75.652481236546137,45.417324224053935,0.0],[-75.652474776760926,45.417326791699871,0.0],[-75.652468315179092,45.417329359976257,0.0],[-75.652461853597259,45.417331925730238,0.0],[-75.652455390218776,45.417334492114726,0.0],[-75.652448927738632,45.417337057237908,0.0],[-75.652097953262185,45.417476389032061,0.0],[-75.652089255773603,45.417479841976828,0.0],[-75.652080557386711,45.417483295551961,0.0],[-75.652071860796454,45.417486751018494,0.0],[-75.652063166002804,45.417490209007106,0.0],[-75.652054473005791,45.417493668887204,0.0],[-75.652045783602048,45.417497132550423,0.0],[-75.652037096893253,45.417500601257899,0.0],[-75.65202841557435,45.417504075009631,0.0],[-75.652019738747029,45.417507554436227,0.0],[-75.652011065512966,45.417511039537601,0.0],[-75.652002400363727,45.417514532205452,0.0],[-75.651993739706072,45.41751803243983,0.0],[-75.651985087133255,45.417521542762934,0.0],[-75.651976441746953,45.417525060652551,0.0],[-75.651967805343816,45.41752858989198,0.0],[-75.651959177025518,45.417532128589592,0.0],[-75.65195055858868,45.417535680528701,0.0],[-75.651941949135008,45.417539242556572,0.0],[-75.651933351359418,45.417542819087032,0.0],[-75.651924765261924,45.417546408859039,0.0],[-75.651916191740852,45.417550011872549,0.0],[-75.651907629897877,45.417553630649778,0.0],[-75.651899081529649,45.417557264560159,0.0],[-75.651890546636125,45.417560914864886,0.0],[-75.651882027912279,45.417564582194458,0.0],[-75.651873523561491,45.417568267809969,0.0],[-75.651865034482057,45.417571971080868,0.0],[-75.651856564267234,45.417575693898883,0.0],[-75.651848109323794,45.417579435633399,0.0],[-75.651839674143261,45.417583198176068,0.0],[-75.651831256929057,45.417586981526945,0.0],[-75.651722733018318,45.417638581892795,0.0],[-75.651617855040683,45.417693771979948,0.0],[-75.651516863786867,45.417752425066389,0.0],[-75.651419991123987,45.417814406479152,0.0],[-75.651412775855633,45.41781926806506,0.0],[-75.651405584841783,45.417824146675542,0.0],[-75.651398417184126,45.417829042941186,0.0],[-75.651391272882677,45.417833955600855,0.0],[-75.651384151039096,45.417838884654536,0.0],[-75.651377050755087,45.41784382884115,0.0],[-75.651369970234029,45.417848787530069,0.0],[-75.651362910374218,45.417853760721329,0.0],[-75.651355870277328,45.417858746523244,0.0],[-75.651348848146753,45.417863746196986,0.0],[-75.651341842185857,45.417868757850798,0.0],[-75.651334855089559,45.417873780223651,0.0],[-75.651327883264656,45.417878814576568,0.0],[-75.651320925812769,45.417883858387341,0.0],[-75.651313983632249,45.417888912917142,0.0],[-75.651307054028166,45.417893976904786,0.0],[-75.651300137898787,45.417899048458672,0.0],[-75.651293234345829,45.417904128839815,0.0],[-75.651286340674332,45.417909216156652,0.0],[-75.651279456884311,45.417914310409152,0.0],[-75.651272583874075,45.417919411597261,0.0],[-75.651265718948665,45.417924517829341,0.0],[-75.651258862108094,45.417929629105387,0.0],[-75.651252010657444,45.417934745425455,0.0],[-75.65124516549497,45.417939864897782,0.0],[-75.651238325722403,45.41794498878356,0.0],[-75.651231491339729,45.417950114560519,0.0],[-75.651224658753662,45.417955243489793,0.0],[-75.651217830659192,45.417960374310233,0.0],[-75.651211001666397,45.417965504499712,0.0],[-75.651204176266873,45.417970637210871,0.0],[-75.650614202314131,45.418414159076612,0.0],[-75.650602930253953,45.418422631765836,0.0],[-75.650591653702193,45.418431101301039,0.0],[-75.650580368167269,45.418439565160021,0.0],[-75.650569069157626,45.418448019559534,0.0],[-75.650557752181683,45.418456461977335,0.0],[-75.650546411849547,45.41846488926074,0.0],[-75.650535045466256,45.418473298256941,0.0],[-75.650523646743622,45.418481686443776,0.0],[-75.650512212088358,45.418490050038024,0.0],[-75.650500736110615,45.418498386517427,0.0],[-75.650489217013714,45.418506692098731,0.0],[-75.650477648509479,45.41851496425982,0.0],[-75.650466026106329,45.418523198586769,0.0],[-75.650454346211006,45.418531393187983,0.0],[-75.650442605230253,45.418539544280243,0.0],[-75.650430798672474,45.418547647449678,0.0],[-75.650418923842736,45.418555700174167,0.0],[-75.650406974452821,45.418563699300918,0.0],[-75.650394947807797,45.418571641046775,0.0],[-75.650382841212718,45.418579520997802,0.0],[-75.650370650175986,45.418587337262515,0.0],[-75.65035837110436,45.418595084796465,0.0],[-75.650345999506271,45.418602759185923,0.0],[-75.650333535381705,45.418610358539226,0.0],[-75.650320973340783,45.418617877181504,0.0],[-75.650308310688544,45.418625311960028,0.0],[-75.650295545628353,45.4186326590916,0.0],[-75.650282672770331,45.418639912901263,0.0],[-75.650269693911099,45.418647071497453,0.0],[-75.650256601864143,45.418654128574808,0.0],[-75.650243398426113,45.418661080980485,0.0]]]}},
{"type":"Feature","properties":{"OBJECTID":86,"STATUS":"Active","LEGAL_NAME":null,"COMMON_NAM":"O-Train Confederation Line","RAIL_TYPE":"LRT","MISC":null,"COMMONNAME":"Ligne de la Confédération de l'O-Train","LABEL_BIL":null,"GIS_UNIQUE":null,"GLOBALID":"{41DAF0CB-F1C4-416F-9413-3A93782AB0EE}","CREATED_DA":"2022-07-04T10:57:17Z","LAST_EDITE":"2022-07-04T11:17:02Z","Shape_Leng":829.2195298047086},"geometry":{"type":"MultiLineString","coordinates":[[[-75.623108399168785,45.424883162927742,0.0],[-75.623089579463596,45.424885507041076,0.0],[-75.623070740893766,45.424887776758048,0.0],[-75.623051885255947,45.424889972709146,0.0],[-75.623033012550152,45.424892098046726,0.0],[-75.623014125471286,45.424894154662269,0.0],[-75.622995224019405,45.424896146969083,0.0],[-75.622976308194467,45.424898074967182,0.0],[-75.622957381589742,45.424899942439474,0.0],[-75.622938442408625,45.424901751907825,0.0],[-75.622919493346004,45.424903504633185,0.0],[-75.622900533503611,45.424905205659435,0.0],[-75.622881565576392,45.424906855617031,0.0],[-75.62286259046266,45.424908456397375,0.0],[-75.622843605467452,45.424910012413818,0.0],[-75.622824615082337,45.424911524927339,0.0],[-75.622805616612396,45.424912995829374,0.0],[-75.622786613650874,45.42491443016371,0.0],[-75.622767605299458,45.424915827930363,0.0],[-75.622748590659839,45.424917192912197,0.0],[-75.622729573325273,45.424918527000692,0.0],[-75.622710551499111,45.424919833348149,0.0],[-75.622691526079734,45.424921114476497,0.0],[-75.622672497965368,45.424922372907702,0.0],[-75.622653466257773,45.424923610533135,0.0],[-75.622634431855218,45.424924830505184,0.0],[-75.622615397452662,45.424926035345784,0.0],[-75.622596360355161,45.424927226946373,0.0],[-75.622577321461037,45.424928409089766,0.0],[-75.622558281668589,45.424929583667378,0.0],[-75.622539242774451,45.424930751940245,0.0],[-75.622520201185367,45.424931918321668,0.0],[-75.621912476522624,45.424969133441692,0.0],[-75.621889480549669,45.424970542555563,0.0],[-75.621866485475024,45.424971952299877,0.0],[-75.621843489502041,45.424973366457522,0.0],[-75.621820494427411,45.42497478502839,0.0],[-75.621797499352766,45.424976209904052,0.0],[-75.621774506074772,45.424977644867269,0.0],[-75.621751514593385,45.424979088657118,0.0],[-75.621728524908633,45.424980545056428,0.0],[-75.621705535223882,45.424982014695694,0.0],[-75.621682549132387,45.424983501357772,0.0],[-75.62165956573584,45.424985003781728,0.0],[-75.621636583237617,45.424986524489427,0.0],[-75.621613604332651,45.424988067894226,0.0],[-75.621590628122618,45.424989632104662,0.0],[-75.621567655505871,45.424991220273164,0.0],[-75.621544686482366,45.424992834291089,0.0],[-75.62152172195043,45.424994476049946,0.0],[-75.621498760113454,45.424996146180135,0.0],[-75.621475804564696,45.424997848464507,0.0],[-75.621452852609195,45.424999582272626,0.0],[-75.62142990694187,45.425001350126401,0.0],[-75.62140696666448,45.425003154547703,0.0],[-75.621384031776955,45.42500499616699,0.0],[-75.621361104075959,45.425006876875763,0.0],[-75.621338181764855,45.425008800456766,0.0],[-75.621315268436902,45.425010764388126,0.0],[-75.621292363193788,45.425012774344161,0.0],[-75.621269464238878,45.425014829694334,0.0],[-75.621246575165443,45.425016932960574,0.0],[-75.62122369597347,45.425019085403804,0.0],[-75.62120082576466,45.425021289545988,0.0],[-75.620993183375873,45.425043786645787,0.0],[-75.620786594125974,45.425070638173892,0.0],[-75.620581243355247,45.425101820034428,0.0],[-75.620377315292828,45.425137304245638,0.0],[-75.620174992891577,45.425177058964998,0.0],[-75.619974457663787,45.425221048517805,0.0],[-75.619775889518365,45.425269233429283,0.0],[-75.619579466599532,45.425321570459928,0.0],[-75.619385365126902,45.425378012644408,0.0],[-75.619193759237405,45.425438509333752,0.0],[-75.619004820829105,45.425503006240774,0.0],[-75.618818719406917,45.425571445488863,0.0],[-75.618635621930594,45.425643765663935,0.0],[-75.618455692664895,45.42571990186962,0.0],[-75.618279093032299,45.425799785785472,0.0],[-75.618259879864979,45.425808794523952,0.0],[-75.618240707121885,45.425817846763209,0.0],[-75.618221574802959,45.425826940611813,0.0],[-75.618202479314974,45.425836073547856,0.0],[-75.6181834206579,45.425845244940874,0.0],[-75.618164400628388,45.42585445416033,0.0],[-75.618145412039908,45.425863698053952,0.0],[-75.618126459384044,45.425872975991183,0.0],[-75.618107538169227,45.425882287341629,0.0],[-75.618088646598792,45.425891628952833,0.0],[-75.618069785571095,45.425901000194415,0.0],[-75.61805095418778,45.425910399174917,0.0],[-75.618032147957308,45.425919825263861,0.0],[-75.618013367777991,45.425929277200325,0.0],[-75.617994610954852,45.42593875183195,0.0],[-75.617975878386233,45.425948249158694,0.0],[-75.617957166478874,45.425957767289219,0.0],[-75.617938475232748,45.425967304962533,0.0],[-75.617919801952937,45.425976861548186,0.0],[-75.617901145741115,45.425986433893854,0.0],[-75.617882506597283,45.425996021999467,0.0],[-75.617863880928184,45.42600562460418,0.0],[-75.617845268733831,45.426015239186057,0.0],[-75.617826667319235,45.426024863853748,0.0],[-75.617808076684426,45.426034499237637,0.0],[-75.617789495032767,45.426044143446433,0.0],[-75.617770919669326,45.426053793327711,0.0],[-75.617752350594088,45.426063448881564,0.0],[-75.617733786908758,45.426073109477421,0.0],[-75.617715225020021,45.426082772593517,0.0],[-75.617696664029637,45.426092436968858,0.0],[-75.617131581495101,45.426386682329877,0.0],[-75.616722630648525,45.426602609486096,0.0],[-75.616366887914538,45.426793061631301,0.0]]]}},
{"type":"Feature","properties":{"OBJECTID":87,"STATUS":"Active","LEGAL_NAME":null,"COMMON_NAM":"O-Train Confederation Line","RAIL_TYPE":"LRT","MISC":null,"COMMONNAME":"Ligne de la Confédération de l'O-Train","LABEL_BIL":null,"GIS_UNIQUE":null,"GLOBALID":"{1161A0F7-500F-49F4-A9B1-75F52D40C788}","CREATED_DA":"2022-07-04T10:57:17Z","LAST_EDITE":"2022-07-04T11:17:02Z","Shape_Leng":771.30849611655663},"geometry":{"type":"MultiLineString","coordinates":[[[-75.665090509998592,45.412317695907511,0.0],[-75.662320572786328,45.412514451944702,0.0],[-75.662304171345852,45.41251561795201,0.0],[-75.662287770803715,45.412516787112374,0.0],[-75.6622713720582,45.412517966362543,0.0],[-75.66225497421101,45.412519157594382,0.0],[-75.662238579957062,45.412520366483399,0.0],[-75.662222187499765,45.412521598074527,0.0],[-75.662205800432346,45.412522855520862,0.0],[-75.66218941785651,45.412524143867316,0.0],[-75.662173040670581,45.412525466266956,0.0],[-75.662156669772841,45.412526827764651,0.0],[-75.662140306959927,45.412528234035975,0.0],[-75.662123953130191,45.412529686972817,0.0],[-75.662107607385281,45.412531192881218,0.0],[-75.662091273318467,45.41253275617558,0.0],[-75.66207495092975,45.412534379378279,0.0],[-75.66205864111744,45.412536067534283,0.0],[-75.662042346576513,45.412537825688503,0.0],[-75.662026069103575,45.412539658255199,0.0],[-75.662009808698613,45.412541568387411,0.0],[-75.661993568954898,45.412543559868929,0.0],[-75.661977350770769,45.412545638375178,0.0],[-75.66196115684113,45.412547808320483,0.0],[-75.66194498986097,45.412550073488532,0.0],[-75.661928850728586,45.412552436401782,0.0],[-75.661912742138895,45.4125549027357,0.0],[-75.661896667685198,45.412557476274024,0.0],[-75.661880630960752,45.412560161431024,0.0],[-75.661864632863868,45.412562961990346,0.0],[-75.661848678784409,45.412565880474418,0.0],[-75.66183276962073,45.412568923189426,0.0],[-75.66181691166102,45.412572093288382,0.0],[-75.661722978516678,45.412593864492607,0.0],[-75.661631457352158,45.412620216339079,0.0],[-75.661542800809713,45.412651018491445,0.0],[-75.661457447363944,45.412686118602267,0.0],[-75.661375819153079,45.412725343066775,0.0],[-75.661298319891102,45.412768497881551,0.0],[-75.661225332871325,45.412815369604211,0.0],[-75.661157219070503,45.412865726409201,0.0],[-75.661094315363556,45.412919319234568,0.0],[-75.661036932857584,45.412975883013857,0.0],[-75.660985355352977,45.413035137987364,0.0],[-75.66093983794012,45.413096791085835,0.0],[-75.660932830182574,45.413107300807688,0.0],[-75.660925993104954,45.413117865390561,0.0],[-75.660919321317337,45.41312848231194,0.0],[-75.660912809429846,45.413139147788122,0.0],[-75.660906452052572,45.413149861188501,0.0],[-75.660900244693963,45.413160616207023,0.0],[-75.660894182862435,45.413171413474132,0.0],[-75.660888259371433,45.413182247945088,0.0],[-75.660882470627755,45.41319311898917,0.0],[-75.660876811241465,45.413204024083974,0.0],[-75.66087127402605,45.413214960076424,0.0],[-75.660865854489941,45.413225924444099,0.0],[-75.660860546344921,45.413236917186921,0.0],[-75.660855345997746,45.413247934521316,0.0],[-75.660850247160198,45.413258975185983,0.0],[-75.660845240849113,45.41327003791973,0.0],[-75.660840325267884,45.413281119569533,0.0],[-75.660835493229953,45.413292220135297,0.0],[-75.660830738447174,45.413303337094696,0.0],[-75.660826054631272,45.413314469186425,0.0],[-75.660821438189032,45.413325615149283,0.0],[-75.66081688013729,45.413336773091473,0.0],[-75.660812377781056,45.413347941121188,0.0],[-75.660807921238941,45.413359119868943,0.0],[-75.660803507815956,45.413370306812382,0.0],[-75.660799131223897,45.413381500690214,0.0],[-75.660794783377924,45.413392699610746,0.0],[-75.660790459786455,45.413403903573844,0.0],[-75.660786155957936,45.413415111318365,0.0],[-75.660781862909204,45.413426320321854,0.0],[-75.660777575250336,45.413437531845567,0.0],[-75.660411581840648,45.414394864414056,0.0],[-75.660407217824996,45.414406277535541,0.0],[-75.660402846622844,45.414417688762924,0.0],[-75.660398464640878,45.414429098096235,0.0],[-75.660394064692611,45.414440503643696,0.0],[-75.660389639591529,45.414451904774687,0.0],[-75.660385185744346,45.414463300228064,0.0],[-75.660380694167927,45.414474688742558,0.0],[-75.660376161268999,45.414486069057091,0.0],[-75.66037158075936,45.414497439279813,0.0],[-75.660366946350806,45.414508799410783,0.0],[-75.660362250856821,45.414520146927629,0.0],[-75.660357491582445,45.41453148056916,0.0],[-75.660352658646218,45.414542799704734,0.0],[-75.660347748454882,45.414554101812094,0.0],[-75.66034275561853,45.414565386260584,0.0],[-75.660337673848971,45.414576649897306,0.0],[-75.660332495959665,45.414587892722217,0.0],[-75.660327217459056,45.414599112843632,0.0],[-75.660321832957251,45.414610307108539,0.0],[-75.660316335267723,45.41462147425576,0.0],[-75.660310720797199,45.414632613024189,0.0],[-75.660304983257461,45.414643720260834,0.0],[-75.660299117258674,45.414654794073961,0.0],[-75.660293115614252,45.414665831310636,0.0],[-75.660286975629276,45.414676831340309,0.0],[-75.660280690117233,45.414687790379446,0.0],[-75.66027425458654,45.41469870590565,0.0],[-75.6602676645456,45.414709575396671,0.0],[-75.660260913706253,45.414720396960711,0.0],[-75.660253997576888,45.414731166183628,0.0],[-75.660246911665922,45.414741879912604,0.0]]]}},
{"type":"Feature","properties":{"OBJECTID":88,"STATUS":"Active","LEGAL_NAME":null,"COMMON_NAM":"O-Train Confederation Line","RAIL_TYPE":"LRT","MISC":null,"COMMONNAME":"Ligne de la Confédération de l'O-Train","LABEL_BIL":null,"GIS_UNIQUE":null,"GLOBALID":"{30619AE2-DCA2-43CB-BA7F-203B38AA630B}","CREATED_DA":"2022-07-04T10:57:17Z","LAST_EDITE":"2022-07-04T11:17:02Z","Shape_Leng":130.87524227763953},"geometry":{"type":"MultiLineString","coordinates":[[[-75.659332833643504,45.415251741338849,0.0],[-75.659425601349483,45.415229666602471,0.0],[-75.659515955657398,45.415203113543583,0.0],[-75.659603458440017,45.415172210911507,0.0],[-75.659687685397159,45.415137108545828,0.0],[-75.659768228113052,45.415097976649953,0.0],[-75.659844696036757,45.415055004965922,0.0],[-75.659916718376024,45.415008401854521,0.0],[-75.659983945895178,45.414958393285133,0.0],[-75.660046052608564,45.414905221740156,0.0],[-75.660102737361299,45.414849145039369,0.0],[-75.660153725289518,45.414790435089969,0.0],[-75.660198769153212,45.414729376568204,0.0]]]}},
{"type":"Feature","properties":{"OBJECTID":89,"STATUS":"Active","LEGAL_NAME":null,"COMMON_NAM":"O-Train Confederation Line","RAIL_TYPE":"LRT","MISC":null,"COMMONNAME":"Ligne de la Confédération de l'O-Train","LABEL_BIL":null,"GIS_UNIQUE":null,"GLOBALID":"{B706FDE9-48BC-4992-A323-A5D0139C4A20}","CREATED_DA":"2022-07-04T10:57:17Z","LAST_EDITE":"2022-07-04T11:17:02Z","Shape_Leng":763.92667249376507},"geometry":{"type":"MultiLineString","coordinates":[[[-75.613033362964373,45.42853012177644,0.0],[-75.613028017988427,45.428532849043606,0.0],[-75.613022673012495,45.428535575680151,0.0],[-75.613017327138238,45.428538301055703,0.0],[-75.61301198036567,45.428541025800698,0.0],[-75.613006634491398,45.428543750545536,0.0],[-75.61300128682052,45.428546475290268,0.0],[-75.612995938251316,45.428549198143564,0.0],[-75.612990590580424,45.428551920996675,0.0],[-75.612985240214599,45.428554643849715,0.0],[-75.612979891645409,45.428557365441719,0.0],[-75.61297454127957,45.428560087664046,0.0],[-75.612969191812056,45.428562808625394,0.0],[-75.612963839649581,45.428565529586557,0.0],[-75.612958488385445,45.428568249286755,0.0],[-75.612953137121295,45.428570969617205,0.0],[-75.61294778495882,45.42857368868674,0.0],[-75.612942433694684,45.428576409016941,0.0],[-75.612937080633913,45.428579127455713,0.0],[-75.612931728471438,45.42858184652485,0.0],[-75.612926374512341,45.428584564963359,0.0],[-75.61292102234988,45.428587282771296,0.0],[-75.612915668390798,45.428590001209585,0.0],[-75.612910314431687,45.42859271964771,0.0],[-75.612904960472605,45.42859543682485,0.0],[-75.612899606513508,45.428598155262712,0.0],[-75.612894252554426,45.428600872439596,0.0],[-75.612888897697005,45.428603589616344,0.0],[-75.612883543737908,45.428606307423365,0.0],[-75.612878188880501,45.428609023969415,0.0],[-75.612872834921404,45.428611741145765,0.0],[-75.612867480064011,45.428614458321988,0.0],[-75.610585117845233,45.429772613459292,0.0],[-75.610573747868671,45.429778383714897,0.0],[-75.610562377892137,45.429784153969955,0.0],[-75.61055100701725,45.429789925485238,0.0],[-75.610539639735649,45.429795697630333,0.0],[-75.610528274250683,45.429801472926989,0.0],[-75.61051691146065,45.429807250114308,0.0],[-75.610505551365563,45.429813030453154,0.0],[-75.610494194863747,45.42981881394347,0.0],[-75.610482841955175,45.429824602476614,0.0],[-75.610471494436524,45.429830394791708,0.0],[-75.610460150511102,45.429836191519136,0.0],[-75.610448814670534,45.429841994550145,0.0],[-75.610437483321547,45.429847802623982,0.0],[-75.610426158260751,45.429853617631835,0.0],[-75.610414841284808,45.42985943957374,0.0],[-75.61040353239369,45.429865269080082,0.0],[-75.610392231587426,45.42987110552049,0.0],[-75.610380937967662,45.429876951416581,0.0],[-75.610369655127698,45.429882806137968,0.0],[-75.610358381270885,45.429888670315087,0.0],[-75.610347119092168,45.429894543947881,0.0],[-75.610335865896616,45.429900427666787,0.0],[-75.610324625277443,45.429906322102276,0.0],[-75.610313397234719,45.429912229145529,0.0],[-75.610302179971768,45.429918146274936,0.0],[-75.610290977081846,45.429924077272936,0.0],[-75.610279786768359,45.429930020248307,0.0],[-75.610268611726227,45.429935975201069,0.0],[-75.610257450158826,45.429941945283304,0.0],[-75.610246305659402,45.429947929234125,0.0],[-75.610235175533035,45.429953928314411,0.0],[-75.610090431134807,45.430034161003391,0.0],[-75.609948625463659,45.43011693775923,0.0],[-75.60980984929715,45.430202205580876,0.0],[-75.609799415365117,45.430208794704903,0.0],[-75.609788998501088,45.430215397066959,0.0],[-75.609778598705049,45.430222013297374,0.0],[-75.609768215078674,45.43022864213539,0.0],[-75.609757846723667,45.430235282950562,0.0],[-75.60974749453834,45.430241935742863,0.0],[-75.609737156726055,45.430248599881914,0.0],[-75.609726832388475,45.430255274737235,0.0],[-75.609716522423966,45.430261960308876,0.0],[-75.609706225035865,45.430268654705529,0.0],[-75.609695940224171,45.430275359818474,0.0],[-75.609685667090588,45.430282073756501,0.0],[-75.609675405635087,45.430288795258669,0.0],[-75.609665154061091,45.430295525585933,0.0],[-75.609654913266837,45.430302263477323,0.0],[-75.609644681455748,45.430309007672136,0.0],[-75.609634458627809,45.430315760061504,0.0],[-75.609624244783021,45.430322517493437,0.0],[-75.609614038124775,45.430329281228673,0.0],[-75.609603839551369,45.43033605063691,0.0],[-75.609593646367827,45.430342824457178,0.0],[-75.609583459472518,45.430349602689617,0.0],[-75.609573277967073,45.430356384703657,0.0],[-75.609563101851549,45.43036317049944,0.0],[-75.609552928430944,45.430369960076874,0.0],[-75.609542759501934,45.430376751544728,0.0],[-75.609532593267872,45.430383545533459,0.0],[-75.609522429728742,45.430390341412568,0.0],[-75.609512268884544,45.430397138551747,0.0],[-75.609502108040388,45.430403936320495,0.0],[-75.609491948094515,45.430410734718848,0.0],[-75.607742235635257,45.431581516518662,0.0]]]}},
{"type":"Feature","properties":{"OBJECTID":90,"STATUS":"Active","LEGAL_NAME":null,"COMMON_NAM":"O-Train Confederation Line","RAIL_TYPE":"LRT","MISC":null,"COMMONNAME":"Ligne de la Confédération de l'O-Train","LABEL_BIL":null,"GIS_UNIQUE":null,"GLOBALID":"{53D6C962-3F10-4D3C-BA4C-4AABF179C0AD}","CREATED_DA":"2022-07-04T10:57:17Z","LAST_EDITE":"2022-07-04T11:17:02Z","Shape_Leng":125.35787499348724},"geometry":{"type":"MultiLineString","coordinates":[[[-75.693747523045161,45.425275523778495,0.0],[-75.693841554390801,45.425217602620819,0.0],[-75.693931446470899,45.425156529941731,0.0],[-75.694016985097051,45.425092451250855,0.0],[-75.694097966453867,45.425025519220398,0.0],[-75.694174197584772,45.424955893321332,0.0],[-75.694245496851636,45.424883739443679,0.0],[-75.69431169436767,45.424809229501179,0.0],[-75.694372632402093,45.424732541021854,0.0],[-75.694428165756165,45.424653856725051,0.0]]]}},
{"type":"Feature","properties":{"OBJECTID":91,"STATUS":"Active","LEGAL_NAME":null,"COMMON_NAM":"O-Train Confederation Line","RAIL_TYPE":"LRT","MISC":null,"COMMONNAME":"Ligne de la Confédération de l'O-Train","LABEL_BIL":null,"GIS_UNIQUE":null,"GLOBALID":"{5157303D-7FC5-4ABE-AFE4-693C52657AB3}","CREATED_DA":"2022-07-04T10:57:17Z","LAST_EDITE":"2022-07-04T11:17:02Z","Shape_Leng":832.1657128302412},"geometry":{"type":"MultiLineString","coordinates":[[[-75.623101634854706,45.424847449548132,0.0],[-75.623082966066463,45.424849784205819,0.0],[-75.623064279311933,45.424852044467087,0.0],[-75.623045573692764,45.424854231592839,0.0],[-75.623026851903916,45.424856346844152,0.0],[-75.623008115742039,45.424858395264785,0.0],[-75.622989364308808,45.424860377485246,0.0],[-75.622970600299169,45.424862297288371,0.0],[-75.62295182371308,45.424864154674175,0.0],[-75.622933035448924,45.424865955317031,0.0],[-75.622914237303277,45.424867698586333,0.0],[-75.622895428377873,45.424869390156523,0.0],[-75.622876610469277,45.424871030658004,0.0],[-75.622857785374194,45.424872623243154,0.0],[-75.622838952194257,45.424874169172966,0.0],[-75.622820110929482,45.424875672230286,0.0],[-75.62280126337653,45.424877134306563,0.0],[-75.622782412230279,45.424878559184677,0.0],[-75.622763552999203,45.424879947495043,0.0],[-75.622744689276558,45.424881303651112,0.0],[-75.622725822858968,45.424882628913728,0.0],[-75.62270695105147,45.424883926435314,0.0],[-75.622688075650728,45.424885198107354,0.0],[-75.622669197555027,45.424886447082194,0.0],[-75.622650316764378,45.42488767588172,0.0],[-75.622631434177109,45.424888886397419,0.0],[-75.622612549793217,45.424890081781619,0.0],[-75.62259366361269,45.424891263925787,0.0],[-75.622574774737203,45.424892437243251,0.0],[-75.622555885861701,45.424893601734048,0.0],[-75.622536996087931,45.424894761811466,0.0],[-75.622518106314132,45.42489591873646,0.0],[-75.621909340503976,45.424933198188825,0.0],[-75.621886261886004,45.4249346117169,0.0],[-75.621863181471412,45.424936027136404,0.0],[-75.62184010285344,45.424937445077774,0.0],[-75.621817025133794,45.424938869323888,0.0],[-75.621793946515822,45.424940299874734,0.0],[-75.621770869694487,45.424941738621705,0.0],[-75.621747795568098,45.42494318808675,0.0],[-75.621724722340034,45.424944650161287,0.0],[-75.621701650010266,45.424946124845277,0.0],[-75.621678580375459,45.42494761592166,0.0],[-75.621655512537274,45.424949124020863,0.0],[-75.621632447394049,45.424950651034266,0.0],[-75.621609385844067,45.424952197592432,0.0],[-75.621586326090721,45.424953767478144,0.0],[-75.621563269930647,45.424955360691442,0.0],[-75.62154021736383,45.424956980384735,0.0],[-75.62151716928858,45.424958627188389,0.0],[-75.621494124806603,45.424960302363438,0.0],[-75.621471085714518,45.424962008431812,0.0],[-75.621448050215676,45.424963747915321,0.0],[-75.621425021005052,45.424965522074949,0.0],[-75.621401997184336,45.424967330910754,0.0],[-75.621378978753484,45.424969177575008,0.0],[-75.621355968407485,45.424971063959205,0.0],[-75.621332962553041,45.42497299132431,0.0],[-75.621309965681775,45.424974961561688,0.0],[-75.621286975997023,45.42497697593231,0.0],[-75.621263994397111,45.424979036327585,0.0],[-75.62124102267866,45.424981145269442,0.0],[-75.621218059943374,45.424983302757894,0.0],[-75.621195106191223,45.424985512575745,0.0],[-75.620985776151599,45.425008166500973,0.0],[-75.620777507648143,45.425035213859282,0.0],[-75.620570487834911,45.425066630339089,0.0],[-75.620364902743901,45.425102387701664,0.0],[-75.620160937117845,45.425142453806565,0.0],[-75.619958774244154,45.425186792640439,0.0],[-75.619758595790316,45.425235364349582,0.0],[-75.619560581640485,45.42528812527565,0.0],[-75.619364909734031,45.425345027994965,0.0],[-75.619171755905484,45.425406021361212,0.0],[-75.618981293726577,45.425471050551423,0.0],[-75.618793694350288,45.425540057115256,0.0],[-75.618609126357057,45.425612979027626,0.0],[-75.618427755603179,45.425689750744453,0.0],[-75.618249745071964,45.425770303261665,0.0],[-75.618230464531024,45.425779347311021,0.0],[-75.618211224414267,45.425788434861147,0.0],[-75.618192023823383,45.425797563390184,0.0],[-75.61817286186006,45.425806731637103,0.0],[-75.618153736727649,45.425815938971468,0.0],[-75.618134647527853,45.425825182240914,0.0],[-75.618115593362376,45.425834461445433,0.0],[-75.618096572434553,45.425843774693604,0.0],[-75.618077584744384,45.425853120724483,0.0],[-75.618058625800316,45.425862497016169,0.0],[-75.618039698297295,45.425871902938191,0.0],[-75.618020797743711,45.425881337860091,0.0],[-75.618001925037902,45.425890799259953,0.0],[-75.617983077484922,45.425900285246428,0.0],[-75.617964254186447,45.425909795819457,0.0],[-75.617945453345897,45.425919327826698,0.0],[-75.617926674963172,45.425928881268128,0.0],[-75.617907915445102,45.425938453621896,0.0],[-75.617889175689967,45.425948045518503,0.0],[-75.617870452104484,45.425957652544625,0.0],[-75.617851744688707,45.425967275961185,0.0],[-75.617833052544256,45.425976913246316,0.0],[-75.617814372976255,45.425986561878197,0.0],[-75.617795704188026,45.425996222487207,0.0],[-75.61777704707788,45.426005893182023,0.0],[-75.617758397154262,45.426015572071215,0.0],[-75.617739755315483,45.426025257263412,0.0],[-75.617721118866598,45.426034948758556,0.0],[-75.617702486909295,45.426044644034874,0.0],[-75.617683858545263,45.426054341831339,0.0],[-75.617665229282892,45.426064041517506,0.0],[-75.617101191489027,45.426357742939118,0.0],[-75.616691693568455,45.42657395832537,0.0],[-75.616335950834468,45.426764409936787,0.0]]]}},
{"type":"Feature","properties":{"OBJECTID":92,"STATUS":"Active","LEGAL_NAME":null,"COMMON_NAM":"O-Train Confederation Line","RAIL_TYPE":"LRT","MISC":null,"COMMONNAME":"Ligne de la Confédération de l'O-Train","LABEL_BIL":null,"GIS_UNIQUE":null,"GLOBALID":"{6BA4EC6B-2AA3-4DF0-B37E-820F2FF54E90}","CREATED_DA":"2022-07-04T10:57:17Z","LAST_EDITE":"2022-07-04T11:17:02Z","Shape_Leng":806.72973337129827},"geometry":{"type":"MultiLineString","coordinates":[[[-75.659342978318023,45.415287166936238,0.0],[-75.65932685715191,45.415290451648893,0.0],[-75.659310684781872,45.415293610244582,0.0],[-75.659294465699404,45.415296645876218,0.0],[-75.65927820349782,45.415299562327284,0.0],[-75.659261899973743,45.415302362750751,0.0],[-75.6592455587204,45.415305054083049,0.0],[-75.659229182432767,45.415307636324243,0.0],[-75.659212773805791,45.41531011641068,0.0],[-75.659196335534403,45.415312497495357,0.0],[-75.659179870313565,45.415314784622964,0.0],[-75.659163381736519,45.415316980315815,0.0],[-75.659146868006644,45.415319089618606,0.0],[-75.659130335412172,45.415321116945449,0.0],[-75.65911378395306,45.415323066079779,0.0],[-75.659097213629309,45.415324942066356,0.0],[-75.659080629830868,45.415326748058128,0.0],[-75.659064029862719,45.4153284884691,0.0],[-75.659047419114799,45.415330168974549,0.0],[-75.659030795790471,45.41533179335805,0.0],[-75.659014162584683,45.415333364141866,0.0],[-75.65899752129404,45.415334887631872,0.0],[-75.658980871918558,45.415336367611587,0.0],[-75.658964213559941,45.415337807864482,0.0],[-75.658947550709726,45.41533921406581,0.0],[-75.658930884266269,45.415340588737962,0.0],[-75.658914210636269,45.415341938186735,0.0],[-75.658897535209647,45.415343264934464,0.0],[-75.658880857088093,45.415344574656395,0.0],[-75.658864176271564,45.415345871766597,0.0],[-75.658847494556753,45.415347160048654,0.0],[-75.658830811045291,45.415348443286014,0.0],[-75.65686811611701,45.415499346118914,0.0],[-75.65685172725297,45.415500606651854,0.0],[-75.656835340185538,45.415501869707107,0.0],[-75.656818953118147,45.415503137806965,0.0],[-75.656802568745675,45.415504413473812,0.0],[-75.656786184373203,45.415505700491053,0.0],[-75.656769803594003,45.415507000750488,0.0],[-75.656753424611409,45.415508318035634,0.0],[-75.656737047425466,45.415509652977001,0.0],[-75.65672067562943,45.41551100872752,0.0],[-75.656704307426622,45.415512388440135,0.0],[-75.656687943715411,45.415513795898306,0.0],[-75.656671584495768,45.415515231732627,0.0],[-75.656655231564343,45.415516700357131,0.0],[-75.656638885819447,45.415518203032981,0.0],[-75.656622545464415,45.415519743543712,0.0],[-75.656606213194223,45.41552132378105,0.0],[-75.656589889907195,45.415522946267266,0.0],[-75.656573575603332,45.415524613524767,0.0],[-75.65655727118093,45.415526328706385,0.0],[-75.656540977538313,45.415528095595604,0.0],[-75.656524696472104,45.41552991419249,0.0],[-75.656508427982288,45.41553178954161,0.0],[-75.656492172068923,45.415533721643015,0.0],[-75.656475932325208,45.415535715541282,0.0],[-75.656459707852875,45.415537772497657,0.0],[-75.656443500448503,45.415539896295577,0.0],[-75.656427311908772,45.415542088196183,0.0],[-75.656411142233651,45.415544350721817,0.0],[-75.656394994118102,45.41554668765594,0.0],[-75.656378870257086,45.415549100259724,0.0],[-75.656362768853924,45.415551592316618,0.0],[-75.656248400611574,45.415571773478348,0.0],[-75.656135659940446,45.415596051368397,0.0],[-75.656024844443763,45.415624361894821,0.0],[-75.655916246642846,45.415656630319909,0.0],[-75.655810153204868,45.4156927714575,0.0],[-75.655706844186284,45.415732689897972,0.0],[-75.655692628346912,45.41573856815662,0.0],[-75.655678470898039,45.415744517039535,0.0],[-75.655664370043013,45.415750531502013,0.0],[-75.655650324883553,45.415756610913448,0.0],[-75.655636333623008,45.415762751490419,0.0],[-75.655622396261364,45.415768951341107,0.0],[-75.655608509205393,45.415775207943206,0.0],[-75.655594670658431,45.415781517513182,0.0],[-75.655580880620505,45.415787880681684,0.0],[-75.655567138193305,45.415794291773402,0.0],[-75.655553437986896,45.415800750788314,0.0],[-75.655539780899645,45.415807253943022,0.0],[-75.655526166033184,45.41581379934572,0.0],[-75.655512587997677,45.415820383843474,0.0],[-75.655499047691393,45.415827006805763,0.0],[-75.655485542419413,45.415833665079631,0.0],[-75.655472070385088,45.415840355512209,0.0],[-75.655458627995188,45.415847076842283,0.0],[-75.655445215249685,45.415853827808697,0.0],[-75.655431827657011,45.41586060336688,0.0],[-75.655418466115449,45.415867404147356,0.0],[-75.655405127031813,45.415874226366633,0.0],[-75.655391806812773,45.415881067502404,0.0],[-75.655378506356698,45.41588792566295,0.0],[-75.655365220273637,45.415894799587079,0.0],[-75.65535194856362,45.415901687383062,0.0],[-75.655338688531714,45.415908584636895,0.0],[-75.655325436584647,45.415915491348557,0.0],[-75.65531219092577,45.415922403734513,0.0],[-75.655298950656814,45.415929321164292,0.0],[-75.655285713082776,45.415936240484932,0.0],[-75.65304792347176,45.417105938412014,0.0],[-75.653041923623988,45.417109074205882,0.0],[-75.653035923776216,45.41711220999953,0.0],[-75.65302992303009,45.417115345162436,0.0],[-75.653023922283992,45.417118479064058,0.0],[-75.653017919741288,45.417121612334945,0.0],[-75.653011914503608,45.417124744344498,0.0],[-75.653005910164239,45.417127873201096,0.0],[-75.652999901333317,45.417131001426959,0.0],[-75.652993891604041,45.417134127130396,0.0],[-75.65298787828155,45.417137250311356,0.0],[-75.652981863162395,45.417140371600517,0.0],[-75.652975843551687,45.417143487844967,0.0],[-75.652969820347707,45.417146601566984,0.0],[-75.65296379444878,45.417149712136016,0.0],[-75.652957763159961,45.417152818290958,0.0],[-75.652951729176195,45.417155920662317,0.0],[-75.65294568980255,45.417159017989015,0.0],[-75.652939644140687,45.417162110901629,0.0],[-75.652933595783878,45.41716519876951,0.0],[-75.65292753934223,45.417168280331637,0.0],[-75.652921478409013,45.417171357479639,0.0],[-75.652915411187578,45.417174427691279,0.0],[-75.652909338576251,45.417177492227694,0.0],[-75.652903257880098,45.417180549827719,0.0],[-75.652897169997416,45.417183601121998,0.0],[-75.652891075826531,45.41718664547988,0.0],[-75.652884973570806,45.417189681009724,0.0],[-75.652878864128553,45.417192709603228,0.0],[-75.652872747499785,45.417195731260357,0.0],[-75.652866620989542,45.417198743458904,0.0],[-75.652860487292799,45.417201747459941,0.0]]]}},
{"type":"Feature","properties":{"OBJECTID":93,"STATUS":"Active","LEGAL_NAME":null,"COMMON_NAM":"O-Train Confederation Line","RAIL_TYPE":"LRT","MISC":null,"COMMONNAME":"Ligne de la Confédération de l'O-Train","LABEL_BIL":null,"GIS_UNIQUE":null,"GLOBALID":"{C3BCEA25-80B4-43ED-982D-E4B1930935CD}","CREATED_DA":"2022-07-04T10:57:17Z","LAST_EDITE":"2022-07-04T11:17:02Z","Shape_Leng":77.215295652679004},"geometry":{"type":"MultiLineString","coordinates":[[[-75.669479694646483,45.415779942958387,0.0],[-75.669528997363557,45.415840265509878,0.0],[-75.669583779869058,45.415898211690326,0.0],[-75.669643810609955,45.415953536582251,0.0],[-75.669708835850187,45.416006006348141,0.0],[-75.669778580743028,45.416055399218628,0.0],[-75.669852750492922,45.416101506429797,0.0],[-75.669931031601408,45.416144133105384,0.0]]]}},
{"type":"Feature","properties":{"OBJECTID":94,"STATUS":"Active","LEGAL_NAME":null,"COMMON_NAM":"O-Train Confederation Line","RAIL_TYPE":"LRT","MISC":null,"COMMONNAME":"Ligne de la Confédération de l'O-Train","LABEL_BIL":null,"GIS_UNIQUE":null,"GLOBALID":"{78DF85C1-B3C3-4553-926F-98F3B109D7A9}","CREATED_DA":"2022-07-04T10:57:17Z","LAST_EDITE":"2022-07-04T11:17:02Z","Shape_Leng":90.583697955858099},"geometry":{"type":"MultiLineString","coordinates":[[[-75.709254212733541,45.416957055159692,0.0],[-75.709345077541329,45.416906180254095,0.0],[-75.709431502730254,45.416851626755637,0.0],[-75.709513186513135,45.416793585148717,0.0],[-75.709589843659259,45.416732258097781,0.0],[-75.709661206490367,45.416667859739711,0.0],[-75.709727025815397,45.41660061493635,0.0],[-75.70978707180052,45.416530758489344,0.0]]]}},
{"type":"Feature","properties":{"OBJECTID":95,"STATUS":"Active","LEGAL_NAME":null,"COMMON_NAM":"O-Train Confederation Line","RAIL_TYPE":"LRT","MISC":null,"COMMONNAME":"Ligne de la Confédération de l'O-Train","LABEL_BIL":null,"GIS_UNIQUE":null,"GLOBALID":"{D988B85F-BC34-4874-A1DD-15AC85370D60}","CREATED_DA":"2022-07-04T10:57:17Z","LAST_EDITE":"2022-07-04T11:17:02Z","Shape_Leng":55.285096627876896},"geometry":{"type":"MultiLineString","coordinates":[[[-75.649800912571664,45.418815326937015,0.0],[-75.649895195994986,45.418793439302647,0.0],[-75.64998703856611,45.418766927012619,0.0],[-75.650075980528044,45.418735922779057,0.0],[-75.650161576643953,45.418700581799563,0.0],[-75.650243398426113,45.418661080980485,0.0]]]}},
{"type":"Feature","properties":{"OBJECTID":96,"STATUS":"Active","LEGAL_NAME":null,"COMMON_NAM":"O-Train Confederation Line","RAIL_TYPE":"LRT","MISC":null,"COMMONNAME":"Ligne de la Confédération de l'O-Train","LABEL_BIL":null,"GIS_UNIQUE":null,"GLOBALID":"{80D7B548-037C-4F96-8FDF-76A67DD9759C}","CREATED_DA":"2022-07-04T10:57:17Z","LAST_EDITE":"2022-07-04T11:17:02Z","Shape_Leng":1192.0496666198842},"geometry":{"type":"MultiLineString","coordinates":[[[-75.634590378567836,45.420858087215613,0.0],[-75.634578021342776,45.420858393018705,0.0],[-75.634565662321094,45.420858691886131,0.0],[-75.634553304197738,45.420858982556723,0.0],[-75.634540946074381,45.420859265030529,0.0],[-75.634528587052699,45.420859539938085,0.0],[-75.634516228031018,45.420859808540413,0.0],[-75.634503869009336,45.42086007020702,0.0],[-75.634491509089344,45.420860324937863,0.0],[-75.634479148271041,45.420860573994048,0.0],[-75.634466788351034,45.420860816744941,0.0],[-75.634454428431056,45.42086105319067,0.0],[-75.634442067612753,45.420861285222713,0.0],[-75.634429706794435,45.420861512210578,0.0],[-75.634417345077807,45.420861733523793,0.0],[-75.634404984259504,45.42086195042333,0.0],[-75.634392622542876,45.420862163539717,0.0],[-75.634380261724573,45.420862372242475,0.0],[-75.634367900007945,45.420862575901012,0.0],[-75.634355537393006,45.420862777667999,0.0],[-75.634343175676378,45.420862975651886,0.0],[-75.63433081395975,45.420863170483145,0.0],[-75.634318452243122,45.420863362161796,0.0],[-75.634306088729872,45.420863551948855,0.0],[-75.634293727013244,45.420863739844407,0.0],[-75.63428136529663,45.420863925217816,0.0],[-75.634269002681663,45.420864109330218,0.0],[-75.634256640965049,45.420864292181555,0.0],[-75.634244278350096,45.420864473771822,0.0],[-75.634231914836846,45.420864654731602,0.0],[-75.634219553120232,45.420864835060861,0.0],[-75.634207190505279,45.42086501475957,0.0],[-75.632528260798836,45.420889438018172,0.0],[-75.632505184875825,45.420889774086177,0.0],[-75.632482108054489,45.420890111415197,0.0],[-75.632459032131464,45.420890453157895,0.0],[-75.632435956208454,45.420890798683686,0.0],[-75.632412879387118,45.420891152406298,0.0],[-75.632389803464093,45.42089151369516,0.0],[-75.632366728439393,45.420891885072344,0.0],[-75.632343653414679,45.420892269690476,0.0],[-75.632320578389994,45.420892667549587,0.0],[-75.632297504263605,45.42089308117172,0.0],[-75.632274431035526,45.420893511187408,0.0],[-75.632251358705773,45.420893960749254,0.0],[-75.632228285477709,45.420894430487799,0.0],[-75.632205214944577,45.420894922925079,0.0],[-75.63218214530977,45.420895439322202,0.0],[-75.632159076573274,45.420895981570723,0.0],[-75.632136009633399,45.420896552192652,0.0],[-75.63211294449016,45.420897150557586,0.0],[-75.632089879346921,45.420897781079034,0.0],[-75.63206681779694,45.420898443126617,0.0],[-75.632043756246972,45.420899141113864,0.0],[-75.632020699188573,45.420899874410338,0.0],[-75.631997643028484,45.420900644907547,0.0],[-75.631974590461681,45.420901456388663,0.0],[-75.631951540589796,45.420902307592591,0.0],[-75.631928494311197,45.420903203563576,0.0],[-75.63190545162584,45.420904142409938,0.0],[-75.631882412533741,45.420905129175964,0.0],[-75.631859377034914,45.420906163231038,0.0],[-75.63183634782429,45.420907247097276,0.0],[-75.631813322206909,45.420908382035798,0.0],[-75.631624993788577,45.420919681771757,0.0],[-75.631437168160843,45.420934543062074,0.0],[-75.631249982015447,45.420952955088474,0.0],[-75.631063571578835,45.420974904448002,0.0],[-75.6308780725128,45.421000375162691,0.0],[-75.630693619816,45.421029348691256,0.0],[-75.630671170917026,45.421033125506007,0.0],[-75.630648738187759,45.421036952762115,0.0],[-75.630626322526467,45.421040829198503,0.0],[-75.630603923034869,45.421044751662556,0.0],[-75.630581540611246,45.421048720154303,0.0],[-75.63055917256068,45.421052731521137,0.0],[-75.630536819781469,45.421056784501992,0.0],[-75.630514482273597,45.421060876574728,0.0],[-75.630492158240472,45.421065008369922,0.0],[-75.630469849478715,45.421069176734946,0.0],[-75.630447552395054,45.421073379147742,0.0],[-75.630425268786112,45.421077614977754,0.0],[-75.630402995956942,45.421081882963925,0.0],[-75.630380736602532,45.42108618121469,0.0],[-75.63035848712957,45.421090506577457,0.0],[-75.630336247538082,45.421094859052253,0.0],[-75.630314019624677,45.421099236747438,0.0],[-75.630291799796126,45.42110363714103,0.0],[-75.630269588950725,45.421108058971875,0.0],[-75.630247385291867,45.421112500979042,0.0],[-75.63022519061613,45.421116961270897,0.0],[-75.630203001330287,45.421121437325354,0.0],[-75.630180819230986,45.421125929142406,0.0],[-75.630158640724943,45.421130434200045,0.0],[-75.630136468507104,45.421134950606614,0.0],[-75.630114298984196,45.421139477101157,0.0],[-75.630092134851196,45.421144011161587,0.0],[-75.630069971616507,45.421148552787827,0.0],[-75.630047811076764,45.421153098827361,0.0],[-75.630025652333643,45.421157648019133,0.0],[-75.630003494488847,45.421162199732542,0.0],[-75.628364526337819,45.421498833833816,0.0],[-75.628348303662094,45.421502166734804,0.0],[-75.628332081884693,45.421505501527115,0.0],[-75.628315861903943,45.421508843254927,0.0],[-75.628299646414732,45.421512193179218,0.0],[-75.628283435417103,45.421515553822054,0.0],[-75.628267228911071,45.421518929597063,0.0],[-75.628251032286499,45.421522321765188,0.0],[-75.628234842848443,45.421525734109636,0.0],[-75.628218663291875,45.421529169782893,0.0],[-75.628202493616755,45.421532631306988,0.0],[-75.628186338314691,45.421536121204078,0.0],[-75.628170195589036,45.421539641996127,0.0],[-75.628154068134734,45.421543197466235,0.0],[-75.628137956850111,45.421546790136453,0.0],[-75.628121864430113,45.421550422528846,0.0],[-75.628105791773038,45.421554098426519,0.0],[-75.628089740675549,45.421557817829409,0.0],[-75.628073711137631,45.421561586412132,0.0],[-75.628057704955893,45.421565406066215,0.0],[-75.628041726621916,45.421569279313786,0.0],[-75.628025775237433,45.421573209307283,0.0],[-75.628009853497332,45.421577197307819,0.0],[-75.627993964096589,45.421581248989973,0.0],[-75.62797810703519,45.421585363723253,0.0],[-75.627962285906406,45.421589545921165,0.0],[-75.627946501608562,45.421593798736289,0.0],[-75.627930757734873,45.421598122799153,0.0],[-75.627915056082017,45.421602521892822,0.0],[-75.627899398446644,45.421606999800311,0.0],[-75.627883787523629,45.421611557152175,0.0],[-75.627868225109637,45.421616196470396,0.0],[-75.627761348951424,45.421650857777664,0.0],[-75.627657304333198,45.421689531086116,0.0],[-75.627556396689869,45.421732102857717,0.0],[-75.62745892224747,45.421778448109436,0.0],[-75.627365167153371,45.421828430780373,0.0],[-75.627275406636471,45.421881904131183,0.0],[-75.627189904199028,45.421938711175024,0.0],[-75.627108910843319,45.421998685138476,0.0],[-75.627032664334635,45.422061649951289,0.0],[-75.627022099248578,45.42207093860155,0.0],[-75.627011633875526,45.42208028273501,0.0],[-75.627001266418816,45.422089679829625,0.0],[-75.626990991488611,45.422099128624303,0.0],[-75.626980809084856,45.422108625336023,0.0],[-75.626970713817713,45.42211816933424,0.0],[-75.6269607047888,45.42212775872742,0.0],[-75.626950777506607,45.422137389101913,0.0],[-75.626940929276145,45.422147060457782,0.0],[-75.62693115650417,45.422156769011956,0.0],[-75.626921457394047,45.422166514764363,0.0],[-75.626911827454194,45.422176293931962,0.0],[-75.626902263989678,45.422186105884229,0.0],[-75.626892763407241,45.422195947468666,0.0],[-75.62688332301191,45.422205818054671,0.0],[-75.626873938312144,45.422215715120259,0.0],[-75.626864606612969,45.422225636773859,0.0],[-75.626855324321141,45.422235581754428,0.0],[-75.626846088741701,45.422245547539994,0.0],[-75.626836895383093,45.422255532869499,0.0],[-75.626827741550343,45.422265537112395,0.0],[-75.626818623650209,45.422275556485658,0.0],[-75.626809536292797,45.42228559035884,0.0],[-75.626800479478106,45.422295637470796,0.0],[-75.62679144691792,45.422305695299606,0.0],[-75.626782435917306,45.422315763214691,0.0],[-75.626773441984682,45.422325838694036,0.0],[-75.626764464221722,45.422335921737684,0.0],[-75.626755495441927,45.42234600793207,0.0],[-75.626746535645282,45.422356097907652,0.0],[-75.626737578543597,45.422366189772923,0.0],[-75.625782583158298,45.423442208324488,0.0],[-75.62577477679848,45.423451003071634,0.0],[-75.625766968642026,45.423459797817394,0.0],[-75.62575915779064,45.423468591931282,0.0],[-75.625751343345982,45.423477382891342,0.0],[-75.625743524409742,45.423486172589065,0.0],[-75.625735697388663,45.42349495913291,0.0],[-75.625727864079394,45.423503741892496,0.0],[-75.625720019990339,45.423512521498218,0.0],[-75.625712165121499,45.423521294797624,0.0],[-75.625704298574561,45.4235300630518,0.0],[-75.625696419451202,45.423538826891139,0.0],[-75.625688526853125,45.423547583163177,0.0],[-75.625680617187044,45.423556332498471,0.0],[-75.625672689554648,45.42356507426652,0.0],[-75.625664744854276,45.423573807836839,0.0],[-75.625656779492644,45.423582531948398,0.0],[-75.625648793469779,45.423591245970769,0.0],[-75.625640784989031,45.423599951164917,0.0],[-75.62563275225375,45.423608645639369,0.0],[-75.625624695263966,45.423617327502683,0.0],[-75.625616612223041,45.423625998015773,0.0],[-75.625608502232652,45.423634655287231,0.0],[-75.625600362597879,45.423643299317114,0.0],[-75.625592193318653,45.423651930105279,0.0],[-75.625583992598436,45.423660545760427,0.0],[-75.625575759538862,45.423669145651971,0.0],[-75.625567492343308,45.423677729779904,0.0],[-75.62555919101176,45.423686296883339,0.0],[-75.625550853747626,45.423694847592728,0.0],[-75.625542478754213,45.423703378755626,0.0],[-75.625534065133266,45.423711891632998,0.0]]]}},
{"type":"Feature","properties":{"OBJECTID":97,"STATUS":"Active","LEGAL_NAME":null,"COMMON_NAM":"O-Train Confederation Line","RAIL_TYPE":"LRT","MISC":null,"COMMONNAME":"Ligne de la Confédération de l'O-Train","LABEL_BIL":null,"GIS_UNIQUE":null,"GLOBALID":"{8ECD7A02-7F80-4DD7-B24C-5CA986B08B77}","CREATED_DA":"2022-07-04T10:57:17Z","LAST_EDITE":"2022-07-04T11:17:02Z","Shape_Leng":720.36726255078872},"geometry":{"type":"MultiLineString","coordinates":[[[-75.682990535284375,45.420883422841989,0.0],[-75.681032476561256,45.419831380741186,0.0],[-75.681010173189392,45.41981939808332,0.0],[-75.680987868020878,45.419807417314509,0.0],[-75.68096555566585,45.419795442217954,0.0],[-75.680943236124307,45.419783475315796,0.0],[-75.680920904904667,45.419771517869094,0.0],[-75.680898561108592,45.419759573030561,0.0],[-75.680876200244526,45.419747643322353,0.0],[-75.680853819617553,45.419735732527649,0.0],[-75.680831416532683,45.419723842538041,0.0],[-75.680808990091606,45.41971197461465,0.0],[-75.680786535802767,45.419700132540761,0.0],[-75.680764051869531,45.419688318838368,0.0],[-75.680741533800301,45.419676536660333,0.0],[-75.680718982493403,45.419664787267614,0.0],[-75.680696390762336,45.419653074443552,0.0],[-75.680673760403693,45.419641401340769,0.0],[-75.680651086027609,45.419629769220386,0.0],[-75.680628365837421,45.419618180604594,0.0],[-75.680605598036564,45.419606639276623,0.0],[-75.68058277993002,45.419595148389135,0.0],[-75.680559908822914,45.419583709203309,0.0],[-75.680536981121904,45.419572325502358,0.0],[-75.680513996827031,45.419560999177904,0.0],[-75.680490952345053,45.419549734013231,0.0],[-75.680467845879321,45.419538531900002,0.0],[-75.680444673836561,45.419527395990862,0.0],[-75.680421435318479,45.419516330699729,0.0],[-75.680398127630127,45.419505336026504,0.0],[-75.680374750771492,45.419494417015663,0.0],[-75.680351299352679,45.419483575558736,0.0],[-75.680327773373691,45.419472814178022,0.0],[-75.680166851468599,45.419402318794482,0.0],[-75.680002594020635,45.419335721309587,0.0],[-75.679995378752281,45.419332914780732,0.0],[-75.679988156297384,45.419330115818248,0.0],[-75.679980928452594,45.419327323791521,0.0],[-75.679973694319628,45.419324539961671,0.0],[-75.679966455695052,45.419321764328679,0.0],[-75.679959210782314,45.419318994370407,0.0],[-75.679951959581317,45.419316232609013,0.0],[-75.679944703888779,45.419313479675033,0.0],[-75.679937441009699,45.419310733046338,0.0],[-75.679930172740754,45.419307993983949,0.0],[-75.679922899081873,45.419305261857353,0.0],[-75.679915620033142,45.419302537927663,0.0],[-75.679908335594504,45.419299820933759,0.0],[-75.679901045765973,45.419297111506182,0.0],[-75.679893748750928,45.419294409014441,0.0],[-75.679886447244272,45.419291714719563,0.0],[-75.679879140347765,45.419289027360477,0.0],[-75.679871828061351,45.419286347567777,0.0],[-75.679864510385045,45.419283675341404,0.0],[-75.67985718821717,45.419281010681374,0.0],[-75.679849858862767,45.419278352957122,0.0],[-75.679842525016781,45.41927570216874,0.0],[-75.679835186679213,45.419273058946672,0.0],[-75.67982784205347,45.419270422660425,0.0],[-75.679820492037805,45.419267794571077,0.0],[-75.679813136632262,45.419265173417514,0.0],[-75.679805775836812,45.419262559830344,0.0],[-75.679798410549822,45.419259953178965,0.0],[-75.679791039872896,45.419257353463429,0.0],[-75.679783664704431,45.419254761314228,0.0],[-75.679776284146044,45.419252176100883,0.0],[-75.679595241205149,45.419191546639532,0.0],[-75.679411375200161,45.41913525814433,0.0],[-75.67922489732635,45.419083375283392,0.0],[-75.679201628265531,45.419077258397579,0.0],[-75.679178325068733,45.419071208348541,0.0],[-75.679154988634295,45.419065221983594,0.0],[-75.679131619860499,45.419059298041645,0.0],[-75.679108220543966,45.419053434631159,0.0],[-75.679084791583051,45.41904762859938,0.0],[-75.679061334774346,45.419041878685263,0.0],[-75.679037852812826,45.419036182366682,0.0],[-75.679014344800166,45.419030537121422,0.0],[-75.678990814329609,45.419024941688441,0.0],[-75.678967259604534,45.419019392915047,0.0],[-75.678943684218225,45.419013888909674,0.0],[-75.678920089068953,45.419008427150082,0.0],[-75.678896475953408,45.419003007005777,0.0],[-75.678872844871549,45.418997624062939,0.0],[-75.678849196721686,45.418992278321632,0.0],[-75.678825533300483,45.418986965368084,0.0],[-75.678801856404533,45.418981683941148,0.0],[-75.67877816513554,45.418976432149229,0.0],[-75.67875446308679,45.418971207470207,0.0],[-75.6787307493599,45.418966006751312,0.0],[-75.678707025751578,45.418960829362007,0.0],[-75.678683293160077,45.418955672149622,0.0],[-75.678659553382062,45.418950532592,0.0],[-75.678635804620896,45.418945410058576,0.0],[-75.678612051368148,45.418940300135539,0.0],[-75.678588293623818,45.418935201561816,0.0],[-75.678564532286259,45.418930111815264,0.0],[-75.678540767355415,45.418925029634799,0.0],[-75.678517000627949,45.418919950606565,0.0],[-75.678493232103847,45.418914875361097,0.0],[-75.677891357270212,45.418786346462781,0.0],[-75.677875974519296,45.418783061953476,0.0],[-75.677860591768365,45.418779775552316,0.0],[-75.67784521081407,45.418776489781507,0.0],[-75.677829829859789,45.418773201488342,0.0],[-75.67781444980379,45.418769910672808,0.0],[-75.677799071544456,45.41876661733486,0.0],[-75.677783694183418,45.418763320213472,0.0],[-75.677768318619016,45.418760019939207,0.0],[-75.677752943952925,45.418756715250858,0.0],[-75.67773757198178,45.418753404256897,0.0],[-75.677722204502217,45.418750089479495,0.0],[-75.677706837920965,45.418746767135325,0.0],[-75.677691473136349,45.418743438485485,0.0],[-75.677676113741612,45.41874010289947,0.0],[-75.677660756143524,45.418736760377236,0.0],[-75.677645403037005,45.418733408396655,0.0],[-75.677630053523757,45.418730047588205,0.0],[-75.677614708502063,45.418726676690859,0.0],[-75.677599367073626,45.418723296965659,0.0],[-75.677584030136785,45.418719906520934,0.0],[-75.677568699488162,45.41871650472622,0.0],[-75.677553374229404,45.418713090950924,0.0],[-75.677538053462243,45.418709665825581,0.0],[-75.677522738983285,45.418706227458586,0.0],[-75.677507429894206,45.41870277648048,0.0],[-75.677492127991641,45.418699310369036,0.0],[-75.677476831478998,45.41869583038536,0.0],[-75.67746154305118,45.418692335898903,0.0],[-75.677446260911552,45.418688825018037,0.0],[-75.677430986856791,45.418685299634376,0.0],[-75.677415720886842,45.418681756595234,0.0]]]}},
{"type":"Feature","properties":{"OBJECTID":98,"STATUS":"Active","LEGAL_NAME":null,"COMMON_NAM":"O-Train Confederation Line","RAIL_TYPE":"LRT","MISC":null,"COMMONNAME":"Ligne de la Confédération de l'O-Train","LABEL_BIL":null,"GIS_UNIQUE":null,"GLOBALID":"{4024C22E-E2B8-4D06-95BE-0A34AD001422}","CREATED_DA":"2022-07-04T10:57:17Z","LAST_EDITE":"2022-07-04T11:17:02Z","Shape_Leng":178.74099171608611},"geometry":{"type":"MultiLineString","coordinates":[[[-75.624402708898145,45.424503052753735,0.0],[-75.624547456928099,45.42442986957434,0.0],[-75.624687938317066,45.42435269921755,0.0],[-75.624823930252646,45.424271664064371,0.0],[-75.624955217043009,45.424186892625322,0.0],[-75.62508159045899,45.424098519336773,0.0],[-75.625202850064326,45.424006684347773,0.0],[-75.625318803533602,45.42391153329794,0.0],[-75.625429266957255,45.423813217086469,0.0],[-75.625534065133266,45.423711891632998,0.0]]]}},
{"type":"Feature","properties":{"OBJECTID":99,"STATUS":"Active","LEGAL_NAME":null,"COMMON_NAM":"O-Train Confederation Line","RAIL_TYPE":"LRT","MISC":null,"COMMONNAME":"Ligne de la Confédération de l'O-Train","LABEL_BIL":null,"GIS_UNIQUE":null,"GLOBALID":"{891C2F39-1FA7-4C5E-A4CF-7E992A4A1403}","CREATED_DA":"2022-07-04T10:57:17Z","LAST_EDITE":"2022-07-04T11:17:02Z","Shape_Leng":2104.22850372824},"geometry":{"type":"MultiLineString","coordinates":[[[-75.709228723037356,45.41693002974683,0.0],[-75.709217480621575,45.416935920492186,0.0],[-75.709206179815311,45.416941755747096,0.0],[-75.709194822415157,45.41694753740336,0.0],[-75.709183411116101,45.416953264830425,0.0],[-75.709171949511386,45.416958941181036,0.0],[-75.709160436702717,45.416964568347026,0.0],[-75.709148878079958,45.416970147589481,0.0],[-75.709137274541433,45.416975680169521,0.0],[-75.70912562878209,45.416981169240032,0.0],[-75.709113941700238,45.416986614801033,0.0],[-75.709102217787461,45.416992020005353,0.0],[-75.709090456145461,45.416997385483505,0.0],[-75.7090786630624,45.417002715018988,0.0],[-75.709066835843359,45.417008008611766,0.0],[-75.709054978979935,45.417013268153546,0.0],[-75.709043095167047,45.417018496797148,0.0],[-75.709031184404708,45.417023695803678,0.0],[-75.709019248489511,45.417028867064943,0.0],[-75.709007291014757,45.41703401247257,0.0],[-75.70899531287877,45.417039133287716,0.0],[-75.708983314979832,45.417044233924322,0.0],[-75.708971301809541,45.417049313121282,0.0],[-75.70895927157126,45.417054374661973,0.0],[-75.708947228756557,45.417059420438108,0.0],[-75.708935173365433,45.417064452341386,0.0],[-75.708923108092861,45.417069471632949,0.0],[-75.708911035633761,45.417074481465576,0.0],[-75.708898955089808,45.417079483730959,0.0],[-75.708886870952611,45.417084478429203,0.0],[-75.708874782323832,45.417089469974115,0.0],[-75.708862691898432,45.417094459626917,0.0],[-75.707087363978829,45.417827045971102,0.0],[-75.706774336118301,45.417957619456473,0.0],[-75.706463087856974,45.418090272127273,0.0],[-75.696363340795713,45.42244011581527,0.0],[-75.696343117922027,45.422448825600476,0.0],[-75.696322898641611,45.422457539167326,0.0],[-75.696302686547725,45.422466260298854,0.0],[-75.696282485233638,45.422474994039156,0.0],[-75.696262299190877,45.422483745432174,0.0],[-75.69624213021612,45.422492517630481,0.0],[-75.696221984597543,45.422501314417048,0.0],[-75.696201863233512,45.422510140205446,0.0],[-75.696181772412189,45.422518999409135,0.0],[-75.69616171482852,45.422527896441615,0.0],[-75.696141694974088,45.422536835085893,0.0],[-75.696121715543853,45.422545817863977,0.0],[-75.696101781029384,45.42255485171134,0.0],[-75.696081896820573,45.422563939150074,0.0],[-75.696062063815731,45.422573083332558,0.0],[-75.696042290998008,45.422582289302788,0.0],[-75.696022577469094,45.422591560213348,0.0],[-75.696002931313828,45.422600901108126,0.0],[-75.695983355227156,45.422610314509129,0.0],[-75.695963853700661,45.422619804829829,0.0],[-75.695944432124207,45.422629375222698,0.0],[-75.695925094091095,45.422639030731759,0.0],[-75.695905845889513,45.422648773878919,0.0],[-75.695886692011001,45.422658608447151,0.0],[-75.695867636947213,45.422668538219447,0.0],[-75.695848686087984,45.42267856634821,0.0],[-75.695829843026587,45.422688695355454,0.0],[-75.695811116746171,45.422698929654608,0.0],[-75.695792509043358,45.422709272398123,0.0],[-75.69577402890134,45.422719726107935,0.0],[-75.695755679913333,45.42273029393651,0.0],[-75.695658466294304,45.422789721274135,0.0],[-75.69556555353212,45.422852446228056,0.0],[-75.695477168451319,45.422918315659423,0.0],[-75.695393526823139,45.42298716875289,0.0],[-75.695314832838861,45.423058837409293,0.0],[-75.695241278611221,45.423133146656177,0.0],[-75.695173043705495,45.423209915075049,0.0],[-75.695110294701067,45.42328895524431,0.0],[-75.695053184784754,45.42337007419696,0.0],[-75.695043278163794,45.423385240094568,0.0],[-75.695033561985696,45.423400466515474,0.0],[-75.695024029063902,45.423415750937657,0.0],[-75.695014676703465,45.423431089578152,0.0],[-75.695005497717887,45.423446479914872,0.0],[-75.694996485818976,45.423461919425847,0.0],[-75.694987632921837,45.423477405589082,0.0],[-75.694978938128202,45.423492935252042,0.0],[-75.694970391556581,45.42350850526222,0.0],[-75.69496198871542,45.423524114358614,0.0],[-75.694953722418177,45.423539759388781,0.0],[-75.694945586376647,45.423555439091587,0.0],[-75.694937576099264,45.4235711496842,0.0],[-75.694929682602861,45.423586889905501,0.0],[-75.694921902294197,45.423602658494545,0.0],[-75.69491422708839,45.423618451668275,0.0],[-75.694906648900655,45.423634268796327,0.0],[-75.694899165934345,45.423650108617572,0.0],[-75.694891766511347,45.423665967979588,0.0],[-75.69488444883504,45.423681845621338,0.0],[-75.694877202125639,45.423697739020916,0.0],[-75.6948700227899,45.423713648178264,0.0],[-75.694862902742955,45.423729570571403,0.0],[-75.694855836594925,45.423745504939355,0.0],[-75.694848817159297,45.423761449390689,0.0],[-75.694841837249541,45.423777402033828,0.0],[-75.694834889679129,45.423793362868807,0.0],[-75.694827970854817,45.423809328743232,0.0],[-75.694821070895131,45.423825298396039,0.0],[-75.694814183511852,45.423841271827278,0.0],[-75.694807303315073,45.423857245884506,0.0],[-75.694672157170487,45.424171089544402,0.0],[-75.694665338059139,45.42418692164923,0.0],[-75.694658511761304,45.424202753749611,0.0],[-75.694651672887048,45.424218581432136,0.0],[-75.69464481424987,45.42423440595784,0.0],[-75.694637927764887,45.424250224174216,0.0],[-75.694631008940561,45.424266035450898,0.0],[-75.694624049692067,45.424281838526817,0.0],[-75.694617045527778,45.424297630880105,0.0],[-75.694609985667967,45.424313411249777,0.0],[-75.694602867417657,45.424329177744454,0.0],[-75.694595682692025,45.424344930364057,0.0],[-75.694588424304527,45.424360666586757,0.0],[-75.694581085966973,45.424376383890561,0.0],[-75.694573663187782,45.424392081014531,0.0],[-75.694566147882099,45.424407756697761,0.0],[-75.694558532863439,45.424423409048813,0.0],[-75.69455081184357,45.42443903554576,0.0],[-75.694542980330922,45.424454633666699,0.0],[-75.694535030240672,45.424470202150651,0.0],[-75.694526955284573,45.424485739736767,0.0],[-75.694518750971085,45.424501243272594,0.0],[-75.694510408317029,45.424516709605825,0.0],[-75.694501922830881,45.424532138105931,0.0],[-75.694493287326054,45.424547524990089,0.0],[-75.694484498209306,45.424562868366905,0.0],[-75.6944755464975,45.424578165714514,0.0],[-75.694466427699041,45.424593413249987,0.0],[-75.694457136424063,45.424608609712493,0.0],[-75.694447666384349,45.424623751319125,0.0],[-75.694438011291666,45.42463883365663,0.0],[-75.694428165756165,45.424653856725051,0.0]]]}},
{"type":"Feature","properties":{"OBJECTID":100,"STATUS":"Active","LEGAL_NAME":null,"COMMON_NAM":"O-Train Confederation Line","RAIL_TYPE":"LRT","MISC":null,"COMMONNAME":"Ligne de la Confédération de l'O-Train","LABEL_BIL":null,"GIS_UNIQUE":null,"GLOBALID":"{FD4CD4EC-7422-424C-8446-64B3CA075E20}","CREATED_DA":"2022-07-04T10:57:17Z","LAST_EDITE":"2022-07-04T11:17:02Z","Shape_Leng":434.70921681868481},"geometry":{"type":"MultiLineString","coordinates":[[[-75.736193363089242,45.403299165659256,0.0],[-75.733176764669622,45.404574830105879,0.0],[-75.733166165447585,45.404579311255837,0.0],[-75.733155567123859,45.404583793036103,0.0],[-75.733144967901822,45.404588274816049,0.0],[-75.733134368679785,45.404592754703501,0.0],[-75.733123767661127,45.404597235221317,0.0],[-75.733113166642454,45.404601714477351,0.0],[-75.733102566522092,45.40460619310236,0.0],[-75.733091962808487,45.40461067046558,0.0],[-75.733081359993193,45.404615146567068,0.0],[-75.733070755381249,45.404619621406766,0.0],[-75.733060149871008,45.404624094353984,0.0],[-75.73304954076751,45.404628565408785,0.0],[-75.733038932562309,45.404633035201826,0.0],[-75.733028322560486,45.40463750310235,0.0],[-75.733017708965406,45.404641968479773,0.0],[-75.733007094472015,45.404646431964693,0.0],[-75.732996477283677,45.404650892295741,0.0],[-75.732985859197015,45.404655350103646,0.0],[-75.732975236618785,45.404659804757657,0.0],[-75.732964613142229,45.404664256888523,0.0],[-75.732953987869038,45.404668706496274,0.0],[-75.732943358104293,45.40467315231939,0.0],[-75.732932725644588,45.404677594988691,0.0],[-75.732922091388247,45.404682033242686,0.0],[-75.732911452640352,45.404686468342824,0.0],[-75.732900810299185,45.404690899027713,0.0],[-75.732890165263058,45.404695325928024,0.0],[-75.732879517531998,45.4046997490438,0.0],[-75.732868864411031,45.404704167744299,0.0],[-75.732858208595133,45.404708581398829,0.0],[-75.732847549185976,45.404712991268838,0.0]]]}},
{"type":"Feature","properties":{"OBJECTID":101,"STATUS":"Active","LEGAL_NAME":null,"COMMON_NAM":"O-Train Confederation Line","RAIL_TYPE":"LRT","MISC":null,"COMMONNAME":"Ligne de la Confédération de l'O-Train","LABEL_BIL":null,"GIS_UNIQUE":null,"GLOBALID":"{7D9110C7-B3F6-45EE-8CDA-8DC98AFE6071}","CREATED_DA":"2022-07-04T10:57:17Z","LAST_EDITE":"2022-07-04T11:17:02Z","Shape_Leng":46.552822232122843},"geometry":{"type":"MultiLineString","coordinates":[[[-75.682990535284375,45.420883422841989,0.0],[-75.683158621386411,45.420970706586509,0.0],[-75.68333068685827,45.421054082724957,0.0]]]}},
{"type":"Feature","properties":{"OBJECTID":102,"STATUS":"Active","LEGAL_NAME":null,"COMMON_NAM":"O-Train Confederation Line","RAIL_TYPE":"LRT","MISC":null,"COMMONNAME":"Ligne de la Confédération de l'O-Train","LABEL_BIL":null,"GIS_UNIQUE":null,"GLOBALID":"{9889BFBD-3A24-4C69-BF8A-E025DF30E974}","CREATED_DA":"2022-07-04T10:57:17Z","LAST_EDITE":"2022-07-04T11:17:02Z","Shape_Leng":84.232365585865153},"geometry":{"type":"MultiLineString","coordinates":[[[-75.673267397922828,45.417468524691046,0.0],[-75.673490294690566,45.417551373773676,0.0],[-75.67371595885561,45.417630445416357,0.0],[-75.673944260523115,45.417705694120535,0.0]]]}},
{"type":"Feature","properties":{"OBJECTID":103,"STATUS":"Active","LEGAL_NAME":null,"COMMON_NAM":"O-Train Confederation Line","RAIL_TYPE":"LRT","MISC":null,"COMMONNAME":"Ligne de la Confédération de l'O-Train","LABEL_BIL":null,"GIS_UNIQUE":null,"GLOBALID":"{266D638A-07BB-4254-8E6A-237540C83025}","CREATED_DA":"2022-07-04T10:57:17Z","LAST_EDITE":"2022-07-04T11:17:02Z","Shape_Leng":1325.5747114588621},"geometry":{"type":"MultiLineString","coordinates":[[[-75.635095439268341,45.420785483830009,0.0],[-75.635083082043295,45.420785790264084,0.0],[-75.635070724818249,45.420786088501309,0.0],[-75.635058366694864,45.42078637917232,0.0],[-75.635046007673211,45.420786661646503,0.0],[-75.635033648651529,45.420786936554407,0.0],[-75.635021289629847,45.420787205157076,0.0],[-75.635008930608166,45.420787466824009,0.0],[-75.634996569789863,45.420787722185715,0.0],[-75.634984209869856,45.420787970611642,0.0],[-75.634971849949878,45.420788213362904,0.0],[-75.634959490029871,45.420788451069953,0.0],[-75.634947129211554,45.420788682471802,0.0],[-75.63493476749494,45.420788908829437,0.0],[-75.634922406676623,45.420789130773422,0.0],[-75.634910045858305,45.420789347042692,0.0],[-75.634897684141691,45.420789560789892,0.0],[-75.634885323323374,45.420789769492913,0.0],[-75.634872960708435,45.420789973151763,0.0],[-75.634860598991807,45.420790174919006,0.0],[-75.634848237275193,45.420790372903099,0.0],[-75.634835875558565,45.420790568365149,0.0],[-75.634823513841937,45.420790759413514,0.0],[-75.634811152125309,45.420790949831392,0.0],[-75.634798788612059,45.420791137727136,0.0],[-75.634786426895431,45.420791323731322,0.0],[-75.634774064280492,45.42079150721343,0.0],[-75.634761702563864,45.420791690064995,0.0],[-75.634749339948939,45.420791871655496,0.0],[-75.634736978232311,45.420792052615518,0.0],[-75.634724615617372,45.420792232944997,0.0],[-75.634712252104123,45.420792413274476,0.0],[-75.633634110269782,45.42080810445924,0.0],[-75.633625456798669,45.42080823056375,0.0],[-75.633616804225838,45.420808356668225,0.0],[-75.633608149856386,45.420808482142206,0.0],[-75.633599496385258,45.420808609507745,0.0],[-75.633590842015806,45.420808735612262,0.0],[-75.633582188544693,45.420808862347265,0.0],[-75.633573534175241,45.420808989082268,0.0],[-75.63356488160241,45.420809117078328,0.0],[-75.633556228131283,45.420809245074395,0.0],[-75.633547573761845,45.420809373700997,0.0],[-75.633538920290704,45.420809502958086,0.0],[-75.633530266819562,45.42080963284571,0.0],[-75.633521613348435,45.420809763363863,0.0],[-75.633512958978983,45.420809894512544,0.0],[-75.633504306406181,45.420810026922247,0.0],[-75.633495652935039,45.420810160593021,0.0],[-75.633486999463926,45.420810294263788,0.0],[-75.633478345992771,45.420810429195576,0.0],[-75.633469693419968,45.420810566018972,0.0],[-75.633461039050516,45.420810702842353,0.0],[-75.6334523864777,45.420810841557291,0.0],[-75.633443732108248,45.420810982163779,0.0],[-75.633435079535445,45.42081112340081,0.0],[-75.633426426064304,45.420811265898898,0.0],[-75.633417773491487,45.420811409658015,0.0],[-75.633409120020346,45.420811555308717,0.0],[-75.633400467447544,45.420811702220448,0.0],[-75.633391814874713,45.420811851654257,0.0],[-75.633383161403586,45.420812001718595,0.0],[-75.633374508830769,45.420812154305032,0.0],[-75.633365855359656,45.420812308152477,0.0],[-75.632936351697595,45.420822313867149,0.0],[-75.632507117091208,45.42083694060738,0.0],[-75.632078252452203,45.420856184930905,0.0],[-75.632055230428108,45.420857348874428,0.0],[-75.632032209302324,45.420858527950429,0.0],[-75.632009190871486,45.420859722789437,0.0],[-75.631986174237269,45.420860934652573,0.0],[-75.631963158501364,45.420862165431267,0.0],[-75.631940145460419,45.420863415756173,0.0],[-75.63191713421611,45.420864686888201,0.0],[-75.631894125666747,45.420865979458021,0.0],[-75.631871120710628,45.420867296618106,0.0],[-75.631848117551144,45.42086863836856,0.0],[-75.631825117984917,45.420870005970336,0.0],[-75.631802122011962,45.420871400053976,0.0],[-75.631779128733953,45.420872823772129,0.0],[-75.631756139049202,45.420874277755345,0.0],[-75.631733154754357,45.420875761372976,0.0],[-75.631710174052742,45.42087727840822,0.0],[-75.631687197842723,45.420878828861127,0.0],[-75.631664226124272,45.420880413992613,0.0],[-75.631641259795728,45.420882035694355,0.0],[-75.631618299755374,45.420883695227339,0.0],[-75.631595343308291,45.420885393222086,0.0],[-75.631572394047737,45.420887130939668,0.0],[-75.631549451973669,45.420888909641072,0.0],[-75.631526515289551,45.420890731217909,0.0],[-75.631503586690229,45.420892596300661,0.0],[-75.631480665277437,45.420894506780883,0.0],[-75.631457751051173,45.420896463289125,0.0],[-75.63143484670637,45.420898467716945,0.0],[-75.631411948649784,45.420900520064293,0.0],[-75.631389062271282,45.420902623483869,0.0],[-75.631366183977619,45.420904777344994,0.0],[-75.6311936436244,45.420922750564102,0.0],[-75.631021788737755,45.420943710951072,0.0],[-75.630850724276968,45.420967645701161,0.0],[-75.630680554718495,45.420994540192588,0.0],[-75.630658024971169,45.42099833403369,0.0],[-75.630635511393507,45.421002178316208,0.0],[-75.63061301578216,45.421006070518018,0.0],[-75.630590536340492,45.421010010008544,0.0],[-75.630568073068503,45.42101399426577,0.0],[-75.630545624169557,45.421018022659077,0.0],[-75.630523190541965,45.421022092035933,0.0],[-75.630500773982362,45.421026200504706,0.0],[-75.630478369100871,45.421030348695943,0.0],[-75.630455978592394,45.421034533457053,0.0],[-75.630433602457003,45.421038752896472,0.0],[-75.630411237999681,45.421043005122591,0.0],[-75.63038888611878,45.421047289504884,0.0],[-75.630366545017679,45.421051604151799,0.0],[-75.630344215594647,45.421055945910766,0.0],[-75.630321896951415,45.421060314781691,0.0],[-75.630299588189644,45.421064708873104,0.0],[-75.630277287512726,45.421069125662889,0.0],[-75.630254995818945,45.421073564520469,0.0],[-75.630232713108327,45.421078022293322,0.0],[-75.6302104366859,45.421082499611884,0.0],[-75.630188167450001,45.421086992062619,0.0],[-75.630165904502334,45.421091500906449,0.0],[-75.630143646944518,45.421096021729795,0.0],[-75.630121392980001,45.421100555163143,0.0],[-75.630099144405349,45.421105098053935,0.0],[-75.630076899423983,45.421109649141108,0.0],[-75.630054656239224,45.421114206533126,0.0],[-75.630032415749426,45.42111876896891,0.0],[-75.630010176157938,45.421123335187453,0.0],[-75.629987937464747,45.421127902666647,0.0],[-75.628062131853611,45.421523449755654,0.0],[-75.628046700593657,45.421526618721423,0.0],[-75.628031269333718,45.4215297921006,0.0],[-75.628015842565333,45.421532971154278,0.0],[-75.628000416695272,45.4215361584044,0.0],[-75.627984998011726,45.421539357634188,0.0],[-75.627969584718102,45.421542571996056,0.0],[-75.627954179509274,45.421545804012219,0.0],[-75.627938781487003,45.421549055574069,0.0],[-75.627923394244505,45.42155233109532,0.0],[-75.627908018680102,45.421555633097945,0.0],[-75.627892655692108,45.421558964104058,0.0],[-75.627877307077171,45.421562327896638,0.0],[-75.627861974631898,45.421565726367362,0.0],[-75.62784665835629,45.421569162668703,0.0],[-75.627831360047011,45.421572639953233,0.0],[-75.627816082398965,45.421576160742994,0.0],[-75.627800827208802,45.421579728190551,0.0],[-75.62778559537486,45.421583345448511,0.0],[-75.627770387795422,45.421587015038888,0.0],[-75.627755207165436,45.421590738853176,0.0],[-75.627740057078171,45.421594520674489,0.0],[-75.627724935736993,45.421598363655363,0.0],[-75.627709848531794,45.421602268426327,0.0],[-75.627694794564263,45.421606240661994,0.0],[-75.627679780122591,45.421610280992809,0.0],[-75.627664803410184,45.421614393201878,0.0],[-75.627649867121946,45.421618579180745,0.0],[-75.627634976647812,45.421622841451395,0.0],[-75.627620130191104,45.421627183796907,0.0],[-75.627605334040055,45.421631607478318,0.0],[-75.627590589092975,45.421636116909177,0.0],[-75.627489153993608,45.421670023245873,0.0],[-75.627390722572855,45.421708041496508,0.0],[-75.627295632820278,45.421750041107501,0.0],[-75.627204211250927,45.421795877853711,0.0],[-75.627116771784202,45.421845394333779,0.0],[-75.627033614665891,45.421898420510715,0.0],[-75.626955025437326,45.421954774295926,0.0],[-75.626881273954751,45.422014262174592,0.0],[-75.626871112212271,45.42202303318485,0.0],[-75.626861049284443,45.422031860939512,0.0],[-75.626851086069635,45.422040744808093,0.0],[-75.626841218974548,45.422049681637937,0.0],[-75.626831446202573,45.422058668276598,0.0],[-75.626821761465493,45.422067703462957,0.0],[-75.626812163864997,45.422076784674999,0.0],[-75.626802650706139,45.422085909390631,0.0],[-75.626793218395676,45.422095075718318,0.0],[-75.626783863340293,45.422104281766508,0.0],[-75.626774582845101,45.422113524382695,0.0],[-75.6267653733168,45.422122802936265,0.0],[-75.626756231162148,45.422132114905274,0.0],[-75.626747155482832,45.422141457137052,0.0],[-75.626738139092325,45.422150829001176,0.0],[-75.626729181092301,45.422160227975546,0.0],[-75.626720276991207,45.422169653429684,0.0],[-75.626711423195758,45.422179101580468,0.0],[-75.626702617011034,45.42218857179747,0.0],[-75.62669385574209,45.422198063450097,0.0],[-75.62668513399899,45.422207572124776,0.0],[-75.626676448188519,45.422217097191073,0.0],[-75.626667794717363,45.422226638018408,0.0],[-75.626659171788972,45.422236191454246,0.0],[-75.626650574013382,45.422245756237636,0.0],[-75.626641998695675,45.422255330476972,0.0],[-75.626633442242607,45.422264913541781,0.0],[-75.62662490016254,45.4222745035405,0.0],[-75.62661636796399,45.422284097320642,0.0],[-75.626607843850266,45.422293694882164,0.0],[-75.626599325126421,45.422303294333609,0.0],[-75.625402030752809,45.423652304616773,0.0],[-75.625391982198025,45.423663626968029,0.0],[-75.6253819291517,45.423674947425546,0.0],[-75.625371870715469,45.423686265358853,0.0],[-75.625361801499423,45.423697579506879,0.0],[-75.625351720605323,45.423708888608772,0.0],[-75.625341624439841,45.423720189512032,0.0],[-75.625331511206369,45.42373148410811,0.0],[-75.625321374616703,45.423742767983626,0.0],[-75.62531121377252,45.423754040508008,0.0],[-75.625301026877196,45.423765301050935,0.0],[-75.625290807642543,45.423776548351292,0.0],[-75.625280556068518,45.423787779887149,0.0],[-75.625270266765241,45.423798995658601,0.0],[-75.625259938834418,45.423810192513123,0.0],[-75.625249567784479,45.42382137045076,0.0],[-75.625239150920436,45.423832526319096,0.0],[-75.625228685547384,45.423843660748574,0.0],[-75.62521816986866,45.423854770586857,0.0],[-75.625207599392709,45.423865854572924,0.0],[-75.625196970526261,45.423876912076281,0.0],[-75.625186283269329,45.423887939944542,0.0],[-75.625175531333696,45.423898938808236,0.0],[-75.625164714719347,45.423909904884376,0.0],[-75.625153829833067,45.423920836912032,0.0],[-75.625142873081558,45.423931734891283,0.0],[-75.625131843566479,45.4239425944087,0.0],[-75.625120736796319,45.423953415464297,0.0],[-75.625109550076075,45.423964196797066,0.0],[-75.625098281609155,45.423974934624233,0.0],[-75.625086928700597,45.423985628945722,0.0],[-75.625075489553765,45.423996276609159,0.0]]]}},
{"type":"Feature","properties":{"OBJECTID":104,"STATUS":"Active","LEGAL_NAME":null,"COMMON_NAM":"O-Train Confederation Line","RAIL_TYPE":"LRT","MISC":null,"COMMONNAME":"Ligne de la Confédération de l'O-Train","LABEL_BIL":null,"GIS_UNIQUE":null,"GLOBALID":"{FFC92910-8922-439C-8792-90616BE64212}","CREATED_DA":"2022-07-04T10:57:17Z","LAST_EDITE":"2022-07-04T11:17:02Z","Shape_Leng":128.93700666036983},"geometry":{"type":"MultiLineString","coordinates":[[[-75.623108399168785,45.424883162927742,0.0],[-75.623250254576689,45.424862875445086,0.0],[-75.623390676549874,45.424838159151435,0.0],[-75.623529384533796,45.424809063422657,0.0],[-75.623666101398442,45.424775646383509,0.0],[-75.623800553991884,45.42473797479159,0.0],[-75.623932473686025,45.424696123903985,0.0],[-75.624061596913464,45.424650177327017,0.0],[-75.624187665693853,45.42460022684925,0.0]]]}},
{"type":"Feature","properties":{"OBJECTID":105,"STATUS":"Active","LEGAL_NAME":null,"COMMON_NAM":"O-Train Confederation Line","RAIL_TYPE":"LRT","MISC":null,"COMMONNAME":"Ligne de la Confédération de l'O-Train","LABEL_BIL":null,"GIS_UNIQUE":null,"GLOBALID":"{CF19917F-DA23-4939-A3BC-2B527A3F6717}","CREATED_DA":"2022-07-04T10:57:17Z","LAST_EDITE":"2022-07-04T11:17:02Z","Shape_Leng":333.87012349973992},"geometry":{"type":"MultiLineString","coordinates":[[[-75.638730730780324,45.420526307494178,0.0],[-75.638714719208707,45.420529071718441,0.0],[-75.638698671704461,45.420531734428018,0.0],[-75.638682592759196,45.420534301297565,0.0],[-75.638666484169534,45.420536772327125,0.0],[-75.638650347732067,45.42053915319142,0.0],[-75.6386341861418,45.420541445151514,0.0],[-75.63861799939869,45.42054365388217,0.0],[-75.638601791994347,45.420545780644453,0.0],[-75.638585564827039,45.420547828590962,0.0],[-75.638569316998499,45.420549802765905,0.0],[-75.63855305300028,45.420551704430395,0.0],[-75.638536773730706,45.420553539259132,0.0],[-75.638520480088076,45.420555307882665,0.0],[-75.638504172072416,45.420557015975682,0.0],[-75.638487853276956,45.42055866542983,0.0],[-75.638471522803414,45.420560261289275,0.0],[-75.638455181550071,45.420561804184544,0.0],[-75.638438833110229,45.420563301051402,0.0],[-75.638422475687221,45.420564751889955,0.0],[-75.638406111077686,45.420566162374783,0.0],[-75.638389739281635,45.420567535028127,0.0],[-75.638373362994002,45.420568873002537,0.0],[-75.638356981316491,45.420570180081164,0.0],[-75.638340594249058,45.420571460047199,0.0],[-75.638324204486707,45.420572716053222,0.0],[-75.638307812029396,45.42057395125191,0.0],[-75.638291415978827,45.420575170056921,0.0],[-75.638275019029962,45.420576374359825,0.0],[-75.638258619386121,45.420577567943781,0.0],[-75.638242218843985,45.420578755852986,0.0],[-75.638225818301862,45.420579939348464,0.0],[-75.636132096902841,45.420730974482481,0.0],[-75.636119796271643,45.420731862259345,0.0],[-75.636107495640474,45.420732748775166,0.0],[-75.63609519500929,45.420733635290929,0.0],[-75.636082893479781,45.420734519915129,0.0],[-75.636070592848597,45.420735405169836,0.0],[-75.636058291319102,45.420736288532986,0.0],[-75.636045989789594,45.420737170004514,0.0],[-75.636033688260085,45.420738048953993,0.0],[-75.63602138673059,45.420738926642336,0.0],[-75.63600908340446,45.420739801808629,0.0],[-75.635996780078329,45.42074067445283,0.0],[-75.635984476752199,45.420741543313845,0.0],[-75.635972173426069,45.420742409652718,0.0],[-75.635959869201628,45.420743272208512,0.0],[-75.635947564078876,45.420744130981099,0.0],[-75.635935258956096,45.420744985340015,0.0],[-75.635922952935019,45.420745835285281,0.0],[-75.635910646913956,45.420746681447376,0.0],[-75.635898339096244,45.420747522565279,0.0],[-75.635886031278531,45.420748358008467,0.0],[-75.635873722562508,45.42074918840747,0.0],[-75.635861412948174,45.420750013131737,0.0],[-75.635849102435529,45.420750831550762,0.0],[-75.635836791024559,45.420751644295052,0.0],[-75.635824479613575,45.420752450103564,0.0],[-75.635812166405984,45.420753249606861,0.0],[-75.635799853198392,45.420754042174416,0.0],[-75.635787538194151,45.420754825914578,0.0],[-75.635775222291599,45.420755603980076,0.0],[-75.635762905490751,45.420756373218225,0.0],[-75.635750587791577,45.420757134890053,0.0]]]}},
{"type":"Feature","properties":{"OBJECTID":106,"STATUS":"Active","LEGAL_NAME":null,"COMMON_NAM":"O-Train Confederation Line","RAIL_TYPE":"LRT","MISC":null,"COMMONNAME":"Ligne de la Confédération de l'O-Train","LABEL_BIL":null,"GIS_UNIQUE":null,"GLOBALID":"{A852BC8C-1CC5-4AFD-AFE7-88044417E37F}","CREATED_DA":"2022-07-04T10:57:17Z","LAST_EDITE":"2022-07-04T11:17:02Z","Shape_Leng":65.892761125878422},"geometry":{"type":"MultiLineString","coordinates":[[[-75.676844181262055,45.418573905342647,0.0],[-75.677028221943047,45.418623827435155,0.0],[-75.677213613981522,45.418671221958718,0.0],[-75.677400286931942,45.418716070910669,0.0]]]}},
{"type":"Feature","properties":{"OBJECTID":107,"STATUS":"Active","LEGAL_NAME":null,"COMMON_NAM":"O-Train Confederation Line","RAIL_TYPE":"LRT","MISC":null,"COMMONNAME":"Ligne de la Confédération de l'O-Train","LABEL_BIL":null,"GIS_UNIQUE":null,"GLOBALID":"{24CA7193-5CAA-4888-96ED-4091B6242AD2}","CREATED_DA":"2022-07-04T10:57:17Z","LAST_EDITE":"2022-07-04T11:17:02Z","Shape_Leng":29.400729110142134},"geometry":{"type":"MultiLineString","coordinates":[[[-75.613033362964373,45.42853012177644,0.0],[-75.613246435264912,45.428420599133752,0.0]]]}},
{"type":"Feature","properties":{"OBJECTID":108,"STATUS":"Active","LEGAL_NAME":null,"COMMON_NAM":"O-Train Confederation Line","RAIL_TYPE":"LRT","MISC":null,"COMMONNAME":"Ligne de la Confédération de l'O-Train","LABEL_BIL":null,"GIS_UNIQUE":null,"GLOBALID":"{0D5E8ADB-9703-48DA-AA29-3E9C904912F3}","CREATED_DA":"2022-07-04T10:57:17Z","LAST_EDITE":"2022-07-04T11:17:02Z","Shape_Leng":29.347006280965239},"geometry":{"type":"MultiLineString","coordinates":[[[-75.61300341942102,45.428500951483926,0.0],[-75.613216102751053,45.428391629263807,0.0]]]}},
{"type":"Feature","properties":{"OBJECTID":109,"STATUS":"Active","LEGAL_NAME":null,"COMMON_NAM":"O-Train Confederation Line","RAIL_TYPE":"LRT","MISC":null,"COMMONNAME":"Ligne de la Confédération de l'O-Train","LABEL_BIL":null,"GIS_UNIQUE":null,"GLOBALID":"{3C9B8BFB-35B9-4E81-AFAE-2A0B64C99F2D}","CREATED_DA":"2022-07-04T10:57:17Z","LAST_EDITE":"2022-07-04T11:17:02Z","Shape_Leng":359.18652529193002},"geometry":{"type":"MultiLineString","coordinates":[[[-75.718547381365809,45.411987069228431,0.0],[-75.718529815708749,45.411994656229034,0.0],[-75.718512165610051,45.41200214674361,0.0],[-75.718494438256215,45.412009542664066,0.0],[-75.718476631850663,45.412016848404839,0.0],[-75.718458754478192,45.412024065227151,0.0],[-75.718440809732073,45.412031197545424,0.0],[-75.71842279761232,45.412038245990232,0.0],[-75.718404723508797,45.412045215606632,0.0],[-75.718386591014777,45.412052109547737,0.0],[-75.718368401926909,45.412058930336087,0.0],[-75.718350162533397,45.412065680494145,0.0],[-75.718331871935888,45.412072363805663,0.0],[-75.718313533727681,45.412078983423775,0.0],[-75.718295153298655,45.412085542501615,0.0],[-75.718276731547121,45.412092044192299,0.0],[-75.7182582702697,45.412098492279554,0.0],[-75.718239773958018,45.412104888655229,0.0],[-75.718221246205289,45.41211123773374,0.0],[-75.718202686113187,45.412117543298777,0.0],[-75.718184099071635,45.412123807872838,0.0],[-75.718165485978972,45.412130033978436,0.0],[-75.718146851326708,45.4121362272911,0.0],[-75.718128195114886,45.41214238970278,0.0],[-75.718109520936764,45.412148523735929,0.0],[-75.71809083148726,45.412154634435531,0.0],[-75.718072127664755,45.412160724324004,0.0],[-75.718053412164124,45.412166797185108,0.0],[-75.718034688578655,45.412172856802577,0.0],[-75.718015958704967,45.412178905698831,0.0],[-75.717997223441415,45.412184947657657,0.0],[-75.717978485482902,45.41219098646279,0.0],[-75.715626966461969,45.412948716426001,0.0]]]}},
{"type":"Feature","properties":{"OBJECTID":110,"STATUS":"Active","LEGAL_NAME":null,"COMMON_NAM":"O-Train Confederation Line","RAIL_TYPE":"LRT","MISC":null,"COMMONNAME":"Ligne de la Confédération de l'O-Train","LABEL_BIL":null,"GIS_UNIQUE":null,"GLOBALID":"{FBB1DFCB-2FEC-479B-ACDF-290E4D8BBEF3}","CREATED_DA":"2022-07-04T10:57:17Z","LAST_EDITE":"2022-07-04T11:17:02Z","Shape_Leng":986.15289461935333},"geometry":{"type":"MultiLineString","coordinates":[[[-75.687999849430767,45.426134381687952,0.0],[-75.687993312390446,45.426125982659237,0.0],[-75.687986855300167,45.426117550845142,0.0],[-75.687980478159986,45.426109090028511,0.0],[-75.687974178274885,45.426100600839739,0.0],[-75.687967953848286,45.426092083909346,0.0],[-75.687961800388592,45.426083540498134,0.0],[-75.687955716997479,45.426074974388968,0.0],[-75.687949700081717,45.426066382429532,0.0],[-75.687943748742967,45.426057770293866,0.0],[-75.687937858489647,45.42604913672119,0.0],[-75.687932027525136,45.42604048234179,0.0],[-75.687926251357837,45.426031809677688,0.0],[-75.687920529987821,45.426023119989658,0.0],[-75.687914858923421,45.426014413277791,0.0],[-75.687909237266368,45.426005690172467,0.0],[-75.687903660525095,45.425996954456529,0.0],[-75.687898126004612,45.425988204238578,0.0],[-75.68789263190834,45.425979441409957,0.0],[-75.687887174642995,45.425970667862039,0.0],[-75.687881750615318,45.425961883594894,0.0],[-75.687876359825282,45.425953089238924,0.0],[-75.687870995984724,45.425944286685535,0.0],[-75.687865659093632,45.425935475934722,0.0],[-75.687860344660393,45.425926658247448,0.0],[-75.687855049990119,45.425917835515023,0.0],[-75.687849772387821,45.425909007107087,0.0],[-75.687844510056891,45.425900173654007,0.0],[-75.687839257607422,45.425891337677676,0.0],[-75.687834015937725,45.425882499808587,0.0],[-75.687828779657949,45.425873659416247,0.0],[-75.68782354517478,45.425864817761571,0.0],[-75.686130884719219,45.423005179732094,0.0],[-75.686121283525466,45.422988960800531,0.0],[-75.686111675145185,45.422972743755807,0.0],[-75.68610205329017,45.422956531750408,0.0],[-75.686092408977288,45.422940324784314,0.0],[-75.68608273681663,45.422924127901545,0.0],[-75.686073029621653,45.422907940471632,0.0],[-75.686063279307561,45.42289176501658,0.0],[-75.686053478687811,45.422875605949869,0.0],[-75.686043622372537,45.422859463271514,0.0],[-75.68603370137852,45.422843340134044,0.0],[-75.686023710315936,45.422827238428958,0.0],[-75.686013641099919,45.422811161308822,0.0],[-75.686003486543939,45.422795110034578,0.0],[-75.685993241258132,45.422779087758776,0.0],[-75.685982896259304,45.42276309763399,0.0],[-75.685972447954242,45.422747140921217,0.0],[-75.685961886461456,45.422731220773002,0.0],[-75.685951206391039,45.422715340341888,0.0],[-75.685940400556476,45.422699501519347,0.0],[-75.685929463567902,45.422683708718999,0.0],[-75.68591838734045,45.422667961940839,0.0],[-75.685907167382538,45.422652267490001,0.0],[-75.685895794711058,45.422636627257944,0.0],[-75.68588426393606,45.422621044397239,0.0],[-75.685872569667694,45.422605522060458,0.0],[-75.685860704719417,45.422590063400207,0.0],[-75.685848664599661,45.422574673460531,0.0],[-75.6858364412236,45.422559354763465,0.0],[-75.68582403189626,45.422544109831087,0.0],[-75.685811426736194,45.422528945599055,0.0],[-75.685798623946781,45.422513863958855,0.0],[-75.685738095830672,45.422446667050671,0.0],[-75.685673469770791,45.422381377091902,0.0],[-75.685604867544797,45.422318117118074,0.0],[-75.685532418422852,45.422257006339706,0.0],[-75.685456258923992,45.422198159917649,0.0],[-75.685437844358987,45.422184675894158,0.0],[-75.685419240249445,45.422171319229911,0.0],[-75.685400457375181,45.422158089924991,0.0],[-75.68538150202437,45.422144982304921,0.0],[-75.68536238048523,45.422131994478285,0.0],[-75.685343101740912,45.422119122031624,0.0],[-75.68532367477458,45.422106361812418,0.0],[-75.685304104077801,45.422093710037728,0.0],[-75.68528439773543,45.422081164185606,0.0],[-75.685264562933938,45.422068717951021,0.0],[-75.685244605961586,45.422056368812008,0.0],[-75.685224534903199,45.422044112985553,0.0],[-75.685204354250331,45.422031944797197,0.0],[-75.685184072986161,45.422019862985906,0.0],[-75.685163694703945,45.422007859985676,0.0],[-75.68514322748851,45.421995932644023,0.0],[-75.685122675831451,45.421984077177903,0.0],[-75.685102047817594,45.421972287912837,0.0],[-75.685081347938493,45.421960561696203,0.0],[-75.685060582482379,45.421948893484078,0.0],[-75.685039757737457,45.421937276971335,0.0],[-75.685018877296997,45.421925709635971,0.0],[-75.684997950144137,45.421914186433938,0.0],[-75.684976978973822,45.421902702321184,0.0],[-75.684955968277649,45.421891250992687,0.0],[-75.684934928835375,45.421879829926318,0.0],[-75.684913860647015,45.421868432186542,0.0],[-75.684892771797408,45.421857055251358,0.0],[-75.684871666778136,45.421845692185059,0.0],[-75.684850551877375,45.421834339204693,0.0],[-75.684829430688424,45.421822990635647,0.0],[-75.684020365722731,45.421388326554187,0.0],[-75.683851033292868,45.421300398079161,0.0],[-75.683677692577803,45.421216405384669,0.0],[-75.68333068685827,45.421054082724957,0.0]]]}},
{"type":"Feature","properties":{"OBJECTID":111,"STATUS":"Active","LEGAL_NAME":null,"COMMON_NAM":"O-Train Confederation Line","RAIL_TYPE":"LRT","MISC":null,"COMMONNAME":"Ligne de la Confédération de l'O-Train","LABEL_BIL":null,"GIS_UNIQUE":null,"GLOBALID":"{8435CADD-EE8D-4949-8DD0-8186C028062F}","CREATED_DA":"2022-07-04T10:57:17Z","LAST_EDITE":"2022-07-04T11:17:02Z","Shape_Leng":1217.1475433356516},"geometry":{"type":"MultiLineString","coordinates":[[[-75.649800912571664,45.418815326937015,0.0],[-75.649785056408589,45.41881850488241,0.0],[-75.649769149939857,45.418821556088169,0.0],[-75.649753196758709,45.418824483706992,0.0],[-75.649737200458446,45.418827292152734,0.0],[-75.649721163734,45.41882998583921,0.0],[-75.649705090178614,45.418832568549767,0.0],[-75.649688983385573,45.418835042806492,0.0],[-75.649672844253161,45.418837414914911,0.0],[-75.649656677273015,45.418839687397252,0.0],[-75.64964048334339,45.41884186592835,0.0],[-75.649624266955882,45.418843953030375,0.0],[-75.649608027212167,45.41884595374782,0.0],[-75.649591766807205,45.418847872494361,0.0],[-75.649575490232579,45.418849713053376,0.0],[-75.649559194793312,45.418851479838608,0.0],[-75.649542885879342,45.418853176633412,0.0],[-75.649526563490639,45.418854809112638,0.0],[-75.649510229423811,45.41885638042902,0.0],[-75.649493883678915,45.418857894365793,0.0],[-75.64947752895084,45.41885935722847,0.0],[-75.649461165239629,45.41886077153918,0.0],[-75.649444795240214,45.418862141711813,0.0],[-75.649428417155946,45.418863472790626,0.0],[-75.649412033681799,45.418864769189497,0.0],[-75.649395644817744,45.418866035322218,0.0],[-75.649379253258772,45.41886727497203,0.0],[-75.649362858106514,45.418868492552782,0.0],[-75.649346460259309,45.418869693108846,0.0],[-75.649330060615497,45.418870880423427,0.0],[-75.649313659175036,45.418872058279852,0.0],[-75.649297258632899,45.418873232983479,0.0],[-75.641498528205588,45.419430868923158,0.0],[-75.641481894101489,45.419432057487036,0.0],[-75.641465259099064,45.419433251095136,0.0],[-75.641448626791572,45.419434450378098,0.0],[-75.641431994484094,45.419435661010731,0.0],[-75.641415364871534,45.419436884884597,0.0],[-75.641398737953949,45.419438125782982,0.0],[-75.641382114629621,45.419439386858556,0.0],[-75.641365494000226,45.41944067252502,0.0],[-75.641348878760724,45.419441985935158,0.0],[-75.641332267114493,45.419443329611092,0.0],[-75.64131566265479,45.419444707335977,0.0],[-75.641299063584967,45.41944612289312,0.0],[-75.641282472599983,45.419447580065722,0.0],[-75.641265888801527,45.419449081375909,0.0],[-75.641249313986222,45.419450630606939,0.0],[-75.641232749052364,45.419452230911439,0.0],[-75.64121619489832,45.419453886703252,0.0],[-75.641199652422358,45.419455600504421,0.0],[-75.641183123421129,45.419457374837187,0.0],[-75.641166609691268,45.419459215376335,0.0],[-75.641150110334451,45.419461123382902,0.0],[-75.641133627147298,45.419463102009622,0.0],[-75.641117164621406,45.419465156300795,0.0],[-75.6411007200618,45.419467288147992,0.0],[-75.641084297960106,45.419469501964954,0.0],[-75.641067900112901,45.419471800904411,0.0],[-75.641051526520215,45.419474186227347,0.0],[-75.641035180775319,45.419476664239205,0.0],[-75.641018865573116,45.419479236201042,0.0],[-75.64100258091365,45.419481905265471,0.0],[-75.640986328593527,45.419484676476799,0.0],[-75.64088962206668,45.419503474186556,0.0],[-75.640794522060531,45.419525950131792,0.0],[-75.640701312306149,45.419552037251108,0.0],[-75.640610270895024,45.419581657708619,0.0],[-75.640521669449427,45.419614723126109,0.0],[-75.640435772311918,45.419651134846887,0.0],[-75.640352835756858,45.419690784230148,0.0],[-75.640339306230359,45.419697703089881,0.0],[-75.640325863840431,45.419704705809899,0.0],[-75.640312505892169,45.419711787976404,0.0],[-75.64029923238553,45.419718947067246,0.0],[-75.640286037930636,45.419726180560296,0.0],[-75.640272923425812,45.4197334840417,0.0],[-75.640259886176096,45.419740855619906,0.0],[-75.640246920791597,45.419748290881117,0.0],[-75.640234027272328,45.41975578856421,0.0],[-75.640221203821653,45.419763343624957,0.0],[-75.640208445947977,45.419770954802182,0.0],[-75.64019575095638,45.419778618312733,0.0],[-75.640183117948524,45.419786331634384,0.0],[-75.640170542432884,45.419794091614513,0.0],[-75.640158021714456,45.419801895730942,0.0],[-75.640145552199996,45.419809740830964,0.0],[-75.640133134787817,45.419817625023022,0.0],[-75.640120760494796,45.419825545154346,0.0],[-75.640108430219186,45.419833497441736,0.0],[-75.640096139469478,45.419841480624179,0.0],[-75.640083885550681,45.419849492179459,0.0],[-75.640071665767863,45.419857528954935,0.0],[-75.640059475629471,45.419865587797915,0.0],[-75.640047311542205,45.419873666816819,0.0],[-75.640035172607767,45.419881763489492,0.0],[-75.640023052537956,45.419889875293777,0.0],[-75.640010949536133,45.419897999707516,0.0],[-75.639998860907355,45.419906134208638,0.0],[-75.639986781261726,45.419914276274973,0.0],[-75.639974708802626,45.419922422753878,0.0],[-75.639962640835094,45.419930571753689,0.0],[-75.639723497628367,45.42009206345169,0.0],[-75.63971159854411,45.420100098931599,0.0],[-75.639699694069975,45.420108131888199,0.0],[-75.639687783307622,45.420116159799427,0.0],[-75.639675863562104,45.420124179512676,0.0],[-75.639663928545247,45.420132190397297,0.0],[-75.639651977358696,45.420140188039674,0.0],[-75.639640006409223,45.420148171178759,0.0],[-75.639628012103557,45.420156136661824,0.0],[-75.639615989950116,45.420164081966853,0.0],[-75.639603937253938,45.420172004571732,0.0],[-75.639591852218416,45.420179901323728,0.0],[-75.639579730351969,45.420187770961867,0.0],[-75.639567568959663,45.420195609703015,0.0],[-75.639555364448213,45.420203415024972,0.0],[-75.639543113224363,45.420211185036273,0.0],[-75.639530814389801,45.420218916584204,0.0],[-75.639518461656337,45.420226605885617,0.0],[-75.639506055023958,45.420234252310038,0.0],[-75.639493590001067,45.420241851443777,0.0],[-75.639481064791084,45.420249400134175,0.0],[-75.639468475800683,45.420256897750733,0.0],[-75.639455819436648,45.420264338618743,0.0],[-75.639443095698965,45.420271721477107,0.0],[-75.639430300096052,45.420279042542759,0.0],[-75.639417430831287,45.420286299924115,0.0],[-75.639404485209724,45.420293488576966,0.0],[-75.639391461434741,45.420300607240264,0.0],[-75.639378356811363,45.420307652761402,0.0],[-75.639365168644673,45.420314620096221,0.0],[-75.639351896036374,45.420321507353087,0.0],[-75.639338537189772,45.420328311379443,0.0]]]}},
{"type":"Feature","properties":{"OBJECTID":112,"STATUS":"Active","LEGAL_NAME":null,"COMMON_NAM":"O-Train Confederation Line","RAIL_TYPE":"LRT","MISC":null,"COMMONNAME":"Ligne de la Confédération de l'O-Train","LABEL_BIL":null,"GIS_UNIQUE":null,"GLOBALID":"{38259A85-BD76-4E14-9253-CA1F012079B5}","CREATED_DA":"2022-07-04T10:57:17Z","LAST_EDITE":"2022-07-04T11:17:02Z","Shape_Leng":419.70263430536352},"geometry":{"type":"MultiLineString","coordinates":[[[-75.693774417706436,45.425301904006616,0.0],[-75.693756110939262,45.425312507919173,0.0],[-75.693737670323117,45.425322998975318,0.0],[-75.693719104841151,45.425333378435909,0.0],[-75.693700417188282,45.425343650714453,0.0],[-75.693681615449378,45.425353816441337,0.0],[-75.693662703217711,45.425363881921442,0.0],[-75.693643686781471,45.425373849676667,0.0],[-75.69362457153052,45.425383721598457,0.0],[-75.693605361058189,45.425393503361157,0.0],[-75.693586060754299,45.425403196225709,0.0],[-75.693566677805435,45.425412805866429,0.0],[-75.693547214008163,45.425422335435712,0.0],[-75.693527674752417,45.425431787455466,0.0],[-75.693508064529766,45.425441167599992,0.0],[-75.693488387831778,45.425450477130205,0.0],[-75.693468649150034,45.425459722350901,0.0],[-75.693448852077822,45.42546890641448,0.0],[-75.693429002903287,45.425478032473258,0.0],[-75.693409105219743,45.425487105571051,0.0],[-75.693389159925488,45.425496128860303,0.0],[-75.693369174207049,45.425505107384687,0.0],[-75.693349151657685,45.425514043666197,0.0],[-75.693329094972327,45.425522942748543,0.0],[-75.693309008642572,45.425531808414597,0.0],[-75.693288896261677,45.425540645077682,0.0],[-75.693268763219535,45.425549456520542,0.0],[-75.693248610414457,45.425558247787052,0.0],[-75.693228442338011,45.425567022029512,0.0],[-75.693208263481779,45.42557578366123,0.0],[-75.693188078337357,45.42558453709546,0.0],[-75.69316788959965,45.425593286115109,0.0],[-75.690828025321224,45.426607129868138,0.0],[-75.690820209079945,45.426610515426006,0.0],[-75.690812392838652,45.426613900983675,0.0],[-75.690804573902412,45.42661728528018,0.0],[-75.69079675316955,45.426620666424263,0.0],[-75.690788930640053,45.426624044415796,0.0],[-75.690781104517313,45.42662741736352,0.0],[-75.690773273004666,45.4266307871587,0.0],[-75.690765437000437,45.426634150018664,0.0],[-75.690757594708003,45.426637505943432,0.0],[-75.690749746127366,45.426640855563413,0.0],[-75.690741890360215,45.426644195726311,0.0],[-75.690734027406521,45.426647527062649,0.0],[-75.69072615546969,45.426650847680982,0.0],[-75.690718273651385,45.426654158211811,0.0],[-75.690710382849943,45.426657456763749,0.0],[-75.690702482167012,45.426660742706375,0.0],[-75.690694568009349,45.42666401540923,0.0],[-75.690686643970238,45.42666727424178,0.0],[-75.690678706456396,45.426670516682314,0.0],[-75.690670755467806,45.426673743991685,0.0],[-75.69066279190281,45.426676954278513,0.0],[-75.690654812168134,45.426680146912361,0.0],[-75.690646819857065,45.426683320632364,0.0],[-75.690638810477992,45.42668647480798,0.0],[-75.69063078492924,45.426689608808843,0.0],[-75.690622742312499,45.426692721373968,0.0],[-75.690614682627768,45.426695811872939,0.0],[-75.690606605875047,45.426698879044864,0.0],[-75.690598510257715,45.426701922259241,0.0],[-75.690590395775743,45.426704940255227,0.0],[-75.690582262429174,45.42670793240228,0.0]]]}},
{"type":"Feature","properties":{"OBJECTID":113,"STATUS":"Active","LEGAL_NAME":null,"COMMON_NAM":"O-Train Confederation Line","RAIL_TYPE":"LRT","MISC":null,"COMMONNAME":"Ligne de la Confédération de l'O-Train","LABEL_BIL":null,"GIS_UNIQUE":null,"GLOBALID":"{9436F8AA-7648-4B4C-8318-A07D0166D977}","CREATED_DA":"2022-07-04T10:57:17Z","LAST_EDITE":"2022-07-04T11:17:02Z","Shape_Leng":375.74731066295283},"geometry":{"type":"MultiLineString","coordinates":[[[-75.615957383705748,45.427009274089244,0.0],[-75.613411058727266,45.428335049335068,0.0],[-75.613405752378881,45.428337811916151,0.0],[-75.613400445132172,45.428340574497106,0.0],[-75.613395138783787,45.428343337077955,0.0],[-75.613389831537106,45.428346100919534,0.0],[-75.61338452429041,45.428348863500069,0.0],[-75.6133792170437,45.428351626710928,0.0],[-75.613373909797005,45.428354388660793,0.0],[-75.613368602550295,45.428357151240931,0.0],[-75.613363293506978,45.428359913190526,0.0],[-75.613357986260269,45.428362675770387,0.0],[-75.613352678115277,45.428365437719719,0.0],[-75.613347369970256,45.428368198408009,0.0],[-75.613342060926925,45.428370960357071,0.0],[-75.613336751883594,45.428373721045098,0.0],[-75.613331442840263,45.428376482363433,0.0],[-75.613326132898621,45.428379242420739,0.0],[-75.61332082385529,45.428382003108354,0.0],[-75.613315512117012,45.428384762534989,0.0],[-75.613310203073681,45.428387522591891,0.0],[-75.613304892233714,45.428390281387813,0.0],[-75.613299579597125,45.428393039553143,0.0],[-75.613294266960537,45.428395797718345,0.0],[-75.613288955222259,45.428398555883405,0.0],[-75.613283642585671,45.428401313417879,0.0],[-75.613278329050758,45.428404069691382,0.0],[-75.613273014617562,45.428406825964686,0.0],[-75.613267700184323,45.428409581607475,0.0],[-75.613262384852803,45.428412337250123,0.0],[-75.613257068622943,45.42841509163177,0.0],[-75.613251753291394,45.42841784538281,0.0],[-75.613246435264912,45.428420599133752,0.0]]]}},
{"type":"Feature","properties":{"OBJECTID":114,"STATUS":"Active","LEGAL_NAME":null,"COMMON_NAM":"O-Train Confederation Line","RAIL_TYPE":"LRT","MISC":null,"COMMONNAME":"Ligne de la Confédération de l'O-Train","LABEL_BIL":null,"GIS_UNIQUE":null,"GLOBALID":"{EC36524A-5D44-4C24-8379-CAAFEFDE7C16}","CREATED_DA":"2022-07-04T10:57:17Z","LAST_EDITE":"2022-07-04T11:17:02Z","Shape_Leng":73.077320124217493},"geometry":{"type":"MultiLineString","coordinates":[[[-75.634590378567836,45.420858087215613,0.0],[-75.634808982005097,45.420851273343935,0.0],[-75.635027386345214,45.420841823830571,0.0],[-75.635245527091072,45.420829741464729,0.0]]]}},
{"type":"Feature","properties":{"OBJECTID":115,"STATUS":"Active","LEGAL_NAME":null,"COMMON_NAM":"O-Train Confederation Line","RAIL_TYPE":"LRT","MISC":null,"COMMONNAME":"Ligne de la Confédération de l'O-Train","LABEL_BIL":null,"GIS_UNIQUE":null,"GLOBALID":"{527A6A76-D03E-401F-B791-EBA91FF6644B}","CREATED_DA":"2022-07-04T10:57:17Z","LAST_EDITE":"2022-07-04T11:17:02Z","Shape_Leng":78.000682768336276},"geometry":{"type":"MultiLineString","coordinates":[[[-75.638739554931362,45.420561850843406,0.0],[-75.638835987059124,45.420543041182626,0.0],[-75.638930816614248,45.420520573219584,0.0],[-75.639023762124793,45.420494513639085,0.0],[-75.639114547711017,45.420464939785923,0.0],[-75.639202903904263,45.420431939435431,0.0],[-75.639288568446773,45.4203956105329,0.0],[-75.639371287070091,45.420356060903032,0.0]]]}},
{"type":"Feature","properties":{"OBJECTID":116,"STATUS":"Active","LEGAL_NAME":null,"COMMON_NAM":"O-Train Confederation Line","RAIL_TYPE":"LRT","MISC":null,"COMMONNAME":"Ligne de la Confédération de l'O-Train","LABEL_BIL":null,"GIS_UNIQUE":null,"GLOBALID":"{2F8BA49C-1F45-443A-BEC8-591FC399BA36}","CREATED_DA":"2022-07-04T10:57:17Z","LAST_EDITE":"2022-07-04T11:17:02Z","Shape_Leng":128.34937018321045},"geometry":{"type":"MultiLineString","coordinates":[[[-75.693774417706436,45.425301904006616,0.0],[-75.693870787864597,45.425242676783448,0.0],[-75.693962900130586,45.425180201310198,0.0],[-75.694050532490635,45.425114628158006,0.0],[-75.694133473728584,45.425046115364204,0.0],[-75.694211523935166,45.424974828051504,0.0],[-75.694284494989702,45.42490093803017,0.0],[-75.694352211013495,45.424824623383905,0.0],[-75.694414508793841,45.424746068040839,0.0],[-75.6944712381774,45.424665461330207,0.0]]]}},
{"type":"Feature","properties":{"OBJECTID":117,"STATUS":"Active","LEGAL_NAME":null,"COMMON_NAM":"O-Train Confederation Line","RAIL_TYPE":"LRT","MISC":null,"COMMONNAME":"Ligne de la Confédération de l'O-Train","LABEL_BIL":null,"GIS_UNIQUE":null,"GLOBALID":"{01C55817-C029-4561-A9CD-930C2C1081AB}","CREATED_DA":"2022-07-04T10:57:17Z","LAST_EDITE":"2022-07-04T11:17:02Z","Shape_Leng":49.039773253244114},"geometry":{"type":"MultiLineString","coordinates":[[[-75.714549318701046,45.413377923896185,0.0],[-75.714682059537552,45.413333849076778,0.0],[-75.714813319997916,45.413287641022535,0.0],[-75.714943030527138,45.413239324213926,0.0]]]}},
{"type":"Feature","properties":{"OBJECTID":118,"STATUS":"Active","LEGAL_NAME":null,"COMMON_NAM":"O-Train Confederation Line","RAIL_TYPE":"LRT","MISC":null,"COMMONNAME":"Ligne de la Confédération de l'O-Train","LABEL_BIL":null,"GIS_UNIQUE":null,"GLOBALID":"{743E90E4-AA57-4816-8AC8-0A3B129F00D8}","CREATED_DA":"2022-07-04T10:57:17Z","LAST_EDITE":"2022-07-04T11:17:02Z","Shape_Leng":75.037013454335266},"geometry":{"type":"MultiLineString","coordinates":[[[-75.638730730780324,45.420526307494178,0.0],[-75.638838766961456,45.420504726180056,0.0],[-75.638944656735532,45.420478420859688,0.0],[-75.639047981281777,45.420447495570741,0.0],[-75.639148331925554,45.420412072623058,0.0],[-75.639245311754777,45.420372292114976,0.0],[-75.639338537189772,45.420328311379443,0.0]]]}},
{"type":"Feature","properties":{"OBJECTID":119,"STATUS":"Active","LEGAL_NAME":null,"COMMON_NAM":"O-Train Confederation Line","RAIL_TYPE":"LRT","MISC":null,"COMMONNAME":"Ligne de la Confédération de l'O-Train","LABEL_BIL":null,"GIS_UNIQUE":null,"GLOBALID":"{10169188-3A70-45B1-AAC4-78C6ABA7E3B8}","CREATED_DA":"2022-07-04T10:57:17Z","LAST_EDITE":"2022-07-04T11:17:02Z","Shape_Leng":46.897395262563542},"geometry":{"type":"MultiLineString","coordinates":[[[-75.682961858365573,45.420909892134411,0.0],[-75.683131188731252,45.420997821767692,0.0],[-75.683304527917201,45.421081814867804,0.0]]]}},
{"type":"Feature","properties":{"OBJECTID":120,"STATUS":"Active","LEGAL_NAME":null,"COMMON_NAM":"O-Train Confederation Line","RAIL_TYPE":"LRT","MISC":null,"COMMONNAME":"Ligne de la Confédération de l'O-Train","LABEL_BIL":null,"GIS_UNIQUE":null,"GLOBALID":"{D6DC507C-9BCE-4343-B431-C002EE2D44F3}","CREATED_DA":"2022-07-04T10:57:17Z","LAST_EDITE":"2022-07-04T11:17:02Z","Shape_Leng":73.077350891984537},"geometry":{"type":"MultiLineString","coordinates":[[[-75.635095439268341,45.420785483830009,0.0],[-75.635314042731309,45.420778668898748,0.0],[-75.635532447071441,45.420769218322263,0.0],[-75.635750587791577,45.420757134890053,0.0]]]}},
{"type":"Feature","properties":{"OBJECTID":121,"STATUS":"Active","LEGAL_NAME":null,"COMMON_NAM":"O-Train Confederation Line","RAIL_TYPE":"LRT","MISC":null,"COMMONNAME":"Ligne de la Confédération de l'O-Train","LABEL_BIL":null,"GIS_UNIQUE":null,"GLOBALID":"{35232D70-9619-4C75-BD69-63B80CD17784}","CREATED_DA":"2022-07-04T10:57:17Z","LAST_EDITE":"2022-07-04T11:17:02Z","Shape_Leng":56.969885350191127},"geometry":{"type":"MultiLineString","coordinates":[[[-75.615926992801377,45.426980334387203,0.0],[-75.616335950834468,45.426764409936787,0.0]]]}},
{"type":"Feature","properties":{"OBJECTID":122,"STATUS":"Active","LEGAL_NAME":null,"COMMON_NAM":"O-Train Confederation Line","RAIL_TYPE":"LRT","MISC":null,"COMMONNAME":"Ligne de la Confédération de l'O-Train","LABEL_BIL":null,"GIS_UNIQUE":null,"GLOBALID":"{32DCA794-525E-437C-9282-B887DD0EB5B1}","CREATED_DA":"2022-07-04T10:57:17Z","LAST_EDITE":"2022-07-04T11:17:02Z","Shape_Leng":350.82458524260761},"geometry":{"type":"MultiLineString","coordinates":[[[-75.676863597448602,45.418540609275489,0.0],[-75.676848658465431,45.418536429373908,0.0],[-75.676833729363707,45.418532234969462,0.0],[-75.676818808346837,45.418528024170406,0.0],[-75.676803896313118,45.418523797607364,0.0],[-75.676788993262562,45.41851955717194,0.0],[-75.676774097398521,45.41851530223358,0.0],[-75.676759209619334,45.418511035314474,0.0],[-75.676744329026647,45.41850675452303,0.0],[-75.676729455620475,45.418502461120269,0.0],[-75.67671459029917,45.418498155736749,0.0],[-75.67669973036773,45.418493839633591,0.0],[-75.676684876724508,45.41848951218023,0.0],[-75.676670029369504,45.418485174637773,0.0],[-75.676655188302689,45.418480827636785,0.0],[-75.676640351727457,45.418476471807729,0.0],[-75.676625520542117,45.418472106520134,0.0],[-75.676610693848346,45.418467734296193,0.0],[-75.676595872544482,45.418463353874735,0.0],[-75.676581053935564,45.41845896651693,0.0],[-75.676566240716511,45.418454572853271,0.0],[-75.676551431090743,45.41845017288378,0.0],[-75.676536623261597,45.418445768500121,0.0],[-75.676521819025709,45.418441358441179,0.0],[-75.676507017484766,45.418436943968054,0.0],[-75.676492216842163,45.418432526341846,0.0],[-75.676477419792789,45.418428105562541,0.0],[-75.676462624540065,45.418423681630138,0.0],[-75.676447829287326,45.418419255175188,0.0],[-75.676433036729563,45.418414828719854,0.0],[-75.67641824327346,45.418410399742022,0.0],[-75.676403451613979,45.418405970133279,0.0],[-75.674421803131509,45.417812604350303,0.0],[-75.674407011472056,45.417808174694663,0.0],[-75.674392218914278,45.417803745038682,0.0],[-75.674377428153107,45.417799314121268,0.0],[-75.674362638290276,45.417794881311799,0.0],[-75.67434784752912,45.417790445979769,0.0],[-75.674333061259546,45.417786009386298,0.0],[-75.674318274989972,45.417781568378551,0.0],[-75.67430349141533,45.417777124217686,0.0],[-75.674288709637324,45.417772676903716,0.0],[-75.674273933249239,45.417768224544915,0.0],[-75.674259156861126,45.417763765880217,0.0],[-75.674244386761217,45.417759302801251,0.0],[-75.674229618457943,45.417754832785796,0.0],[-75.674214854646252,45.417750356464438,0.0],[-75.674200095326142,45.41774587257607,0.0],[-75.674185340497601,45.417741381751192,0.0],[-75.674170591058939,45.417736882098154,0.0],[-75.674155847908509,45.417732373617007,0.0],[-75.674141108351307,45.417727855677128,0.0],[-75.674126375980663,45.417723328909076,0.0],[-75.674111649898194,45.41771879079063,0.0],[-75.674096931900593,45.417714242582925,0.0],[-75.67408221839456,45.417709683024825,0.0],[-75.674067514769987,45.417705111485745,0.0],[-75.674052817433619,45.417700528596278,0.0],[-75.67403812818209,45.417695931834182,0.0],[-75.674023447015401,45.417691321829999,0.0],[-75.674008774831862,45.417686697953187,0.0],[-75.673994113428108,45.417682060203788,0.0],[-75.673979459210884,45.417677407320554,0.0],[-75.67396481487512,45.417672738673019,0.0]]]}},
{"type":"Feature","properties":{"OBJECTID":123,"STATUS":"Active","LEGAL_NAME":null,"COMMON_NAM":"O-Train Confederation Line","RAIL_TYPE":"LRT","MISC":null,"COMMONNAME":"Ligne de la Confédération de l'O-Train","LABEL_BIL":null,"GIS_UNIQUE":null,"GLOBALID":"{995BFABD-331F-445A-89AD-51CF19930D9B}","CREATED_DA":"2022-07-04T10:57:17Z","LAST_EDITE":"2022-07-04T11:17:02Z","Shape_Leng":2101.0513862022008},"geometry":{"type":"MultiLineString","coordinates":[[[-75.709254212733541,45.416957055159692,0.0],[-75.709242825688989,45.416963005805925,0.0],[-75.709231379355643,45.416968901592305,0.0],[-75.70921987822507,45.416974742518953,0.0],[-75.709208322297243,45.416980529216346,0.0],[-75.709196715165461,45.416986266098512,0.0],[-75.709185058626332,45.416991952534872,0.0],[-75.709173355374816,45.416997591047704,0.0],[-75.709161608105845,45.417003184159334,0.0],[-75.709149817717744,45.417008731869714,0.0],[-75.709137986905432,45.417014237331692,0.0],[-75.709126119262237,45.417019701806481,0.0],[-75.709114213889777,45.417025127185681,0.0],[-75.709102275279648,45.417030515991591,0.0],[-75.709090304330175,45.417035868224282,0.0],[-75.709078303736277,45.417041187667074,0.0],[-75.709066275294632,45.417046475581166,0.0],[-75.709054219903521,45.41705173448878,0.0],[-75.709042141156218,45.417056964389921,0.0],[-75.709030039052706,45.417062170329203,0.0],[-75.709017916287934,45.417067350414797,0.0],[-75.709005774658564,45.417072509691337,0.0],[-75.708993617757827,45.417077649419895,0.0],[-75.708981443789099,45.417082769600512,0.0],[-75.708969257243936,45.417087874647152,0.0],[-75.708957057224083,45.417092966451442,0.0],[-75.708944848221037,45.417098045013503,0.0],[-75.708932632031491,45.417103114116571,0.0],[-75.708920407757105,45.41710817565243,0.0],[-75.708908178092827,45.417113229621087,0.0],[-75.708895946631927,45.417118281697618,0.0],[-75.708883711577755,45.417123330620875,0.0],[-75.707110616869969,45.417854995348932,0.0],[-75.706797964227547,45.417985411746663,0.0],[-75.706487089044728,45.418117904837445,0.0],[-75.696384554511141,45.422468951289716,0.0],[-75.69636451130053,45.422477582887979,0.0],[-75.696344470784865,45.422486218898435,0.0],[-75.696324438354026,45.422494863104106,0.0],[-75.696304416702972,45.422503519918557,0.0],[-75.696284409424962,45.422512193755225,0.0],[-75.696264421011591,45.422520888397202,0.0],[-75.696244455056075,45.422529608257982,0.0],[-75.696224514253402,45.422538356490016,0.0],[-75.696204602196815,45.422547138767904,0.0],[-75.696184724276208,45.422555958244089,0.0],[-75.696164882288201,45.422564819332088,0.0],[-75.696145082521028,45.42257372581485,0.0],[-75.696125327669606,45.422582682105975,0.0],[-75.696105622225545,45.422591691357844,0.0],[-75.696085970680386,45.42260075861455,0.0],[-75.696066375729075,45.422609887028528,0.0],[-75.696046842761547,45.422619081013252,0.0],[-75.696027376269342,45.422628344351715,0.0],[-75.696007978947421,45.422637680196353,0.0],[-75.695988657083973,45.422647093591223,0.0],[-75.695969416068905,45.422656586427799,0.0],[-75.695950258597151,45.422666165010952,0.0],[-75.695931190058616,45.422675829971212,0.0],[-75.695912215843194,45.422685586983043,0.0],[-75.695893340442424,45.422695438568411,0.0],[-75.695874569246271,45.422705389771259,0.0],[-75.695855908542853,45.422715440591574,0.0],[-75.695837361925498,45.422725597334249,0.0],[-75.695818935682382,45.42273586189075,0.0],[-75.695800635203412,45.422746238044056,0.0],[-75.695782467675116,45.422756728316074,0.0],[-75.695687609300464,45.422814847722869,0.0],[-75.695596932296951,45.422876166800343,0.0],[-75.695510655519612,45.422940537540612,0.0],[-75.6954289872033,45.423007804570396,0.0],[-75.695352124459959,45.42307780552612,0.0],[-75.695280252803002,45.423150371445935,0.0],[-75.695213545699517,45.423225327177562,0.0],[-75.69515216415158,45.423302491801145,0.0],[-75.695096256307693,45.423381679066004,0.0],[-75.695086410772163,45.42339670120797,0.0],[-75.695076755679494,45.423411785134263,0.0],[-75.695067285639766,45.423426925800939,0.0],[-75.695057995263099,45.423442121946977,0.0],[-75.69504887736295,45.423457370419797,0.0],[-75.695039925651173,45.423472667436414,0.0],[-75.6950311356361,45.423488011105363,0.0],[-75.695022501927909,45.423503397643657,0.0],[-75.695014016441732,45.423518826420697,0.0],[-75.695005674686001,45.423534293653518,0.0],[-75.694997468575878,45.42354979618969,0.0],[-75.694989395416442,45.423565334029128,0.0],[-75.694981445326164,45.423580902758331,0.0],[-75.694973612915192,45.423596501746864,0.0],[-75.694965893691972,45.423612127842198,0.0],[-75.694958278673298,45.423627779783352,0.0],[-75.694950763367643,45.4236434550483,0.0],[-75.694943339690127,45.423659152376118,0.0],[-75.694936002250884,45.423674870505728,0.0],[-75.694928744761711,45.423690605654159,0.0],[-75.69492156093439,45.423706358451987,0.0],[-75.69491444088743,45.423722125746657,0.0],[-75.69490738282424,45.423737906277196,0.0],[-75.694900377761655,45.423753698782697,0.0],[-75.694893419411471,45.423769500741038,0.0],[-75.694886499688835,45.423785312152361,0.0],[-75.694879614102177,45.423801130494567,0.0],[-75.694872754566674,45.423816955137283,0.0],[-75.694865915692432,45.423832783558474,0.0],[-75.694859090292894,45.423848614497174,0.0],[-75.69485227118156,45.423864447953427,0.0],[-75.694717125935284,45.424178290312312,0.0],[-75.694710245738506,45.424194264904656,0.0],[-75.694703358355227,45.42421023823151,0.0],[-75.694696458395541,45.4242262084014,0.0],[-75.694689537774593,45.424242174783856,0.0],[-75.694682592000817,45.424258134856991,0.0],[-75.694675611192736,45.424274087990277,0.0],[-75.694668591757122,45.424290031661769,0.0],[-75.694661524710767,45.42430596587154,0.0],[-75.694654405562133,45.424321888097666,0.0],[-75.694647224429744,45.424337797079119,0.0],[-75.694639979516992,45.42435369155497,0.0],[-75.694632660044064,45.424369569633797,0.0],[-75.694625261519377,45.424385428163255,0.0],[-75.694617776756431,45.424401267143246,0.0],[-75.694610200365332,45.42441708468241,0.0],[-75.694602524261228,45.424432878889299,0.0],[-75.694594743054225,45.424448646611552,0.0],[-75.694586850456133,45.424464387218691,0.0],[-75.694578839280453,45.424480098188781,0.0],[-75.694570702340613,45.424495777630483,0.0],[-75.694562436941666,45.424511422391326,0.0],[-75.694554033202181,45.424527031840917,0.0],[-75.694545486630588,45.424542601565932,0.0],[-75.694536790040317,45.424558131566322,0.0],[-75.694527939838125,45.424573616798369,0.0],[-75.694518927040875,45.424589056631568,0.0],[-75.694509747156985,45.424604447283109,0.0],[-75.694500393898252,45.424619785600626,0.0],[-75.694490861874783,45.424635070323191,0.0],[-75.694481145696656,45.424650296407002,0.0],[-75.6944712381774,45.424665461330207,0.0]]]}},
{"type":"Feature","properties":{"OBJECTID":124,"STATUS":"Active","LEGAL_NAME":null,"COMMON_NAM":"O-Train Confederation Line","RAIL_TYPE":"LRT","MISC":null,"COMMONNAME":"Ligne de la Confédération de l'O-Train","LABEL_BIL":null,"GIS_UNIQUE":null,"GLOBALID":"{B19010EF-AD3D-4217-93BF-76F086106CFB}","CREATED_DA":"2022-07-04T10:57:17Z","LAST_EDITE":"2022-07-04T11:17:02Z","Shape_Leng":426.4109458800321},"geometry":{"type":"MultiLineString","coordinates":[[[-75.673292323477014,45.417437100105111,0.0],[-75.673278204655688,45.417431689898962,0.0],[-75.673264096614162,45.417426265189349,0.0],[-75.673250000250718,45.417420825976372,0.0],[-75.673235913768764,45.417415372259967,0.0],[-75.673221838964878,45.417409906562412,0.0],[-75.673207773144171,45.417404426991965,0.0],[-75.673193716306599,45.417398936070882,0.0],[-75.673179670248828,45.417393433799219,0.0],[-75.673165633174193,45.41738791954635,0.0],[-75.673151604184383,45.417382394573423,0.0],[-75.673137582381131,45.417376858249803,0.0],[-75.673123568662689,45.41737131372841,0.0],[-75.673109563029101,45.417365759117502,0.0],[-75.673095563683717,45.417360195678143,0.0],[-75.673081572423158,45.417354624040989,0.0],[-75.673067585654181,45.417349045467091,0.0],[-75.673053606071733,45.417343458695349,0.0],[-75.673039631879178,45.417337865617426,0.0],[-75.673025662178176,45.417332265602809,0.0],[-75.673011696968786,45.417326659912568,0.0],[-75.672997736250949,45.417321049177254,0.0],[-75.672983780024694,45.417315434027458,0.0],[-75.672969828290022,45.417309813832624,0.0],[-75.672955878351971,45.417304189853894,0.0],[-75.672941931108866,45.41729856146064,0.0],[-75.672927986560723,45.41729293180569,0.0],[-75.672914044707511,45.417287298997401,0.0],[-75.67290010375261,45.41728166429683,0.0],[-75.67288616459436,45.417276027704041,0.0],[-75.67287222453777,45.417270391110677,0.0],[-75.67285828717614,45.417264753255608,0.0],[-75.672547622801432,45.417139097862353,0.0],[-75.672288928396512,45.417035399305121,0.0],[-75.672029094558184,45.416933113844046,0.0],[-75.670263941855808,45.416244536251796,0.0],[-75.670253848385272,45.4162405976899,0.0],[-75.67024375491475,45.416236656605442,0.0],[-75.670233665037472,45.416232712998422,0.0],[-75.670223577855154,45.416228764346542,0.0],[-75.670213498757661,45.416224808127467,0.0],[-75.670203425050062,45.416220843080119,0.0],[-75.670193361223951,45.416216866682163,0.0],[-75.670183306380977,45.416212878303014,0.0],[-75.670173262317775,45.416208875420374,0.0],[-75.67016323262763,45.416204855511943,0.0],[-75.670153217310528,45.416200819208363,0.0],[-75.670143219061416,45.416196762095467,0.0],[-75.670133236083643,45.416192684173424,0.0],[-75.67012327376716,45.41618858291978,0.0],[-75.670113331213599,45.416184457073484,0.0],[-75.670103412016232,45.416180304112181,0.0],[-75.670093516175058,45.41617612340535,0.0],[-75.670083644588416,45.416171912430599,0.0],[-75.670073802646144,45.4161676699268,0.0],[-75.670063989449986,45.416163393371704,0.0],[-75.670054206796536,45.416159083395833,0.0],[-75.670044456482444,45.416154735585188,0.0],[-75.670034740304331,45.416150349939713,0.0],[-75.670025060957144,45.41614592456768,0.0],[-75.670015421135844,45.416141457577424,0.0],[-75.670005819942077,45.41613694770772,0.0],[-75.669996263664089,45.416132393697431,0.0],[-75.66998674960692,45.416127793654795,0.0],[-75.669977282262138,45.416123146318711,0.0],[-75.66996786432469,45.416118449797366,0.0],[-75.66995849759121,45.416113703460226,0.0]]]}},
{"type":"Feature","properties":{"OBJECTID":125,"STATUS":"Active","LEGAL_NAME":null,"COMMON_NAM":"O-Train Confederation Line","RAIL_TYPE":"LRT","MISC":null,"COMMONNAME":"Ligne de la Confédération de l'O-Train","LABEL_BIL":null,"GIS_UNIQUE":null,"GLOBALID":"{3E6121D2-E38E-46C0-8808-14F5B5463FD2}","CREATED_DA":"2022-07-04T10:57:17Z","LAST_EDITE":"2022-07-04T11:17:02Z","Shape_Leng":87.888767923398348},"geometry":{"type":"MultiLineString","coordinates":[[[-75.709228723037356,45.41693002974683,0.0],[-75.709316803976122,45.416880597319825,0.0],[-75.709400600383773,45.416827621678074,0.0],[-75.709479823422967,45.416771285413255,0.0],[-75.709554200020378,45.416711782700723,0.0],[-75.709623473807767,45.416649318630327,0.0],[-75.709687406005756,45.416584108499606,0.0],[-75.709745776246891,45.416516377071801,0.0]]]}},
{"type":"Feature","properties":{"OBJECTID":126,"STATUS":"Active","LEGAL_NAME":null,"COMMON_NAM":"O-Train Confederation Line","RAIL_TYPE":"LRT","MISC":null,"COMMONNAME":"Ligne de la Confédération de l'O-Train","LABEL_BIL":null,"GIS_UNIQUE":null,"GLOBALID":"{ADB030A9-A306-46AC-AE6A-37306726CB28}","CREATED_DA":"2022-07-04T10:57:17Z","LAST_EDITE":"2022-07-04T11:17:02Z","Shape_Leng":1214.2876388092486},"geometry":{"type":"MultiLineString","coordinates":[[[-75.649810679055435,45.418850804525661,0.0],[-75.649794521956736,45.418854004538105,0.0],[-75.649778316349,45.418857076549884,0.0],[-75.649762064927202,45.418860026866469,0.0],[-75.649745770386261,45.418862856118388,0.0],[-75.649729436319461,45.418865571872246,0.0],[-75.649713066320018,45.418868174758551,0.0],[-75.649696660387988,45.418870671082757,0.0],[-75.649680225709872,45.418873064628208,0.0],[-75.649663762285641,45.418875358547567,0.0],[-75.649647271911988,45.418877558515817,0.0],[-75.649630758182127,45.418879665793938,0.0],[-75.649614222892694,45.418881687948613,0.0],[-75.649597667840311,45.418883628132463,0.0],[-75.649581093923331,45.418885490128787,0.0],[-75.649564504734968,45.418887277720884,0.0],[-75.649547900275266,45.41888899595304,0.0],[-75.649531281442506,45.418890648608645,0.0],[-75.649514651829961,45.418892240731957,0.0],[-75.649498011437643,45.418893777367401,0.0],[-75.649481360265526,45.418895260406522,0.0],[-75.649464701906894,45.418896695524303,0.0],[-75.649448036361747,45.418898087134536,0.0],[-75.649431362731761,45.418899439650978,0.0],[-75.649414684610193,45.418900756856985,0.0],[-75.649398001098731,45.418902044427384,0.0],[-75.649381313994027,45.418903304884381,0.0],[-75.649364623296051,45.418904543902819,0.0],[-75.649347929903129,45.41890576526604,0.0],[-75.649331234713571,45.418906973387834,0.0],[-75.649314539523999,45.418908173943038,0.0],[-75.649297841639509,45.4189093681928,0.0],[-75.641500082291046,45.419466934416448,0.0],[-75.641483679053962,45.419468107846704,0.0],[-75.641467277613501,45.419469283799025,0.0],[-75.641450877969675,45.419470467317751,0.0],[-75.641434478325849,45.419471660294583,0.0],[-75.64141808227528,45.41947286714317,0.0],[-75.641401687123036,45.419474091646734,0.0],[-75.641385295564049,45.419475336327544,0.0],[-75.64136890759832,45.419476604968722,0.0],[-75.641352525022469,45.419477901984017,0.0],[-75.641336146938215,45.419479228634565,0.0],[-75.641319773345529,45.419480590595214,0.0],[-75.641303406939372,45.419481989757493,0.0],[-75.64128704861804,45.419483429904652,0.0],[-75.641270697483236,45.419484914819925,0.0],[-75.641254355331597,45.419486447655956,0.0],[-75.641238023061419,45.419488032196028,0.0],[-75.641221701571027,45.419489670331735,0.0],[-75.641205392657028,45.419491367107362,0.0],[-75.641189096319465,45.41949312567553,0.0],[-75.641172814354945,45.419494948558459,0.0],[-75.641156547661765,45.419496840169906,0.0],[-75.641140298934914,45.419498801770871,0.0],[-75.641124069072674,45.419500839666732,0.0],[-75.64110785807506,45.419502955749167,0.0],[-75.641091669535328,45.419505152540225,0.0],[-75.641075504351775,45.419507433823178,0.0],[-75.641059366117702,45.419509803381253,0.0],[-75.641043253036443,45.419512264997586,0.0],[-75.641027172294557,45.419514819933255,0.0],[-75.641011121197053,45.419517472602038,0.0],[-75.640995105133854,45.419520225526071,0.0],[-75.640886757875037,45.419541796396025,0.0],[-75.640780562814868,45.419568117297871,0.0],[-75.640676942172917,45.419599083576152,0.0],[-75.640576307933145,45.41963457210489,0.0],[-75.640479060205919,45.419674441777325,0.0],[-75.640385585637176,45.419718534067052,0.0],[-75.640372226790575,45.419725337535539,0.0],[-75.64035895328395,45.419732224864333,0.0],[-75.640345766015571,45.419739192900657,0.0],[-75.640332661392222,45.419746237230797,0.0],[-75.64031963761721,45.419753356593596,0.0],[-75.640306691995647,45.419760545944847,0.0],[-75.640293823629221,45.419767802762294,0.0],[-75.640281028026322,45.419775124523845,0.0],[-75.640268304288625,45.419782507446179,0.0],[-75.640255648822887,45.419789949007253,0.0],[-75.6402430598325,45.419797445423775,0.0],[-75.6402305355208,45.419804995434639,0.0],[-75.640218070497937,45.419812593995594,0.0],[-75.64020566386553,45.419820239845542,0.0],[-75.640193312030377,45.41982793046234,0.0],[-75.640181012297518,45.419835661432202,0.0],[-75.640168761971992,45.419843430863573,0.0],[-75.640156556562218,45.419851237495308,0.0],[-75.640144396068209,45.419859076283124,0.0],[-75.640132274201775,45.419866945966021,0.0],[-75.640120188267957,45.419874842760684,0.0],[-75.640108137368415,45.419882765406108,0.0],[-75.640096115214973,45.419890710749648,0.0],[-75.640084120010968,45.419898675638535,0.0],[-75.640072149061481,45.419906659442276,0.0],[-75.640060197874945,45.419914657116585,0.0],[-75.640048264654723,45.419922666769907,0.0],[-75.640036344010895,45.419930687771668,0.0],[-75.640024433248541,45.419938715708128,0.0],[-75.640012529672717,45.419946748687686,0.0],[-75.640000629690149,45.419954784188278,0.0],[-75.639761487381733,45.420116275186487,0.0],[-75.63974941761758,45.420124424158317,0.0],[-75.639737345158466,45.420132571237446,0.0],[-75.639725267309473,45.420140713271131,0.0],[-75.639713176884058,45.420148847737281,0.0],[-75.639701074780575,45.420156971483273,0.0],[-75.63968895560906,45.420165083248008,0.0],[-75.639676814878001,45.420173180509387,0.0],[-75.639664651689046,45.420181259484274,0.0],[-75.639652460652329,45.420189318281047,0.0],[-75.639640239971214,45.420197355008156,0.0],[-75.639627986052417,45.420205365882403,0.0],[-75.639615695302709,45.420213349642815,0.0],[-75.639603365027099,45.420221302506128,0.0],[-75.6395909925307,45.420229221950272,0.0],[-75.639578572423588,45.420237106083711,0.0],[-75.639566103807425,45.420244951753801,0.0],[-75.639553583089011,45.420252755177415,0.0],[-75.639541007573342,45.420260515093396,0.0],[-75.63952837366719,45.420268228349265,0.0],[-75.639515679573904,45.420275891792329,0.0],[-75.639502921700256,45.420283502269911,0.0],[-75.639490096452931,45.420291057890587,0.0],[-75.639477203831973,45.420298554871067,0.0],[-75.639464238447474,45.420305990689371,0.0],[-75.639451199401137,45.420313362192836,0.0],[-75.639438083997987,45.420320665598297,0.0],[-75.639424891339729,45.420327898383711,0.0],[-75.63941161603644,45.420335058026971,0.0],[-75.639398258986489,45.420342140114414,0.0],[-75.639384816596575,45.42034914275451,0.0],[-75.639371287070091,45.420356060903032,0.0]]]}},
{"type":"Feature","properties":{"OBJECTID":127,"STATUS":"Active","LEGAL_NAME":null,"COMMON_NAM":"O-Train Confederation Line","RAIL_TYPE":"LRT","MISC":null,"COMMONNAME":"Ligne de la Confédération de l'O-Train","LABEL_BIL":null,"GIS_UNIQUE":null,"GLOBALID":"{DBAC726D-E162-4DC0-A42C-5E5A4E47933A}","CREATED_DA":"2022-07-04T10:57:17Z","LAST_EDITE":"2022-07-04T11:17:02Z","Shape_Leng":28.476589114054335},"geometry":{"type":"MultiLineString","coordinates":[[[-75.624402708898145,45.424503052753735,0.0],[-75.624395913143019,45.424506339452257,0.0],[-75.624389109303053,45.424509616693364,0.0],[-75.624382296479951,45.424512885107525,0.0],[-75.624375473775359,45.424516144064306,0.0],[-75.624368643884267,45.424519394194171,0.0],[-75.62436180231505,45.424522634236112,0.0],[-75.62435495445763,45.424525865451173,0.0],[-75.624348095820437,45.424529086578325,0.0],[-75.624341227301784,45.424532298878553,0.0],[-75.624334351596602,45.424535499829986,0.0],[-75.62432746600993,45.424538691954446,0.0],[-75.624320569643515,45.424541872730117,0.0],[-75.624313664293922,45.424545044048386,0.0],[-75.624306749961178,45.424548204648353,0.0],[-75.624299824848663,45.424551355160368,0.0],[-75.624292890752983,45.424554494323601,0.0],[-75.624285946775828,45.42455762339894,0.0],[-75.624278992917212,45.424560741756004,0.0],[-75.624272029177135,45.424563848764173,0.0],[-75.624265055555583,45.424566943793081,0.0],[-75.624258071154244,45.424570029364595,0.0],[-75.624251076871445,45.424573101695863,0.0],[-75.624244072707185,45.424576163308757,0.0],[-75.624237058661436,45.424579214203376,0.0],[-75.624230032937589,45.4245822518577,0.0],[-75.624222999128918,45.424585278163249,0.0],[-75.62421595364215,45.42458829248946,0.0],[-75.624208896477285,45.424591294205975,0.0],[-75.624201831227552,45.424594284573637,0.0],[-75.624194754299765,45.424597261701059,0.0],[-75.624187665693853,45.42460022684925,0.0]]]}},
{"type":"Feature","properties":{"OBJECTID":128,"STATUS":"Active","LEGAL_NAME":null,"COMMON_NAM":"O-Train Confederation Line","RAIL_TYPE":"LRT","MISC":null,"COMMONNAME":"Ligne de la Confédération de l'O-Train","LABEL_BIL":null,"GIS_UNIQUE":null,"GLOBALID":"{4849D660-214D-4002-9435-AEE7B58BEDB2}","CREATED_DA":"2022-07-04T10:57:17Z","LAST_EDITE":"2022-07-04T11:17:02Z","Shape_Leng":391.37511282771726},"geometry":{"type":"MultiLineString","coordinates":[[[-75.638739554931362,45.420561850843406,0.0],[-75.638723308001147,45.420564632090155,0.0],[-75.638707026934938,45.420567312452732,0.0],[-75.638690713529371,45.420569895083766,0.0],[-75.638674370479393,45.420572384396991,0.0],[-75.638658001378289,45.420574781022935,0.0],[-75.638641605327734,45.420577090636314,0.0],[-75.638625186819283,45.420579315759213,0.0],[-75.638608745852949,45.420581458913801,0.0],[-75.638592284225382,45.420583524513681,0.0],[-75.638575803733161,45.420585515081065,0.0],[-75.638559307969615,45.420587433768539,0.0],[-75.638542795138051,45.420589284359231,0.0],[-75.638526267933457,45.420591071266834,0.0],[-75.638509728152442,45.420592795752462,0.0],[-75.63849317579502,45.420594462229694,0.0],[-75.638476613556122,45.420596074481765,0.0],[-75.638460039639142,45.420597634400238,0.0],[-75.638443458535605,45.420599147659836,0.0],[-75.63842686844896,45.420600616152129,0.0],[-75.638410271175758,45.420602043029696,0.0],[-75.638393666716055,45.420603432075808,0.0],[-75.638377057764757,45.420604787073543,0.0],[-75.638360443423579,45.420606111175523,0.0],[-75.63834382459082,45.420607407534334,0.0],[-75.638327203063128,45.420608680563767,0.0],[-75.638310577043853,45.420609932785801,0.0],[-75.638293949227943,45.420611167353186,0.0],[-75.638277319615398,45.420612388679487,0.0],[-75.63826068730792,45.420613599917353,0.0],[-75.638244053203806,45.420614804219426,0.0],[-75.6382274208963,45.420616004107828,0.0],[-75.635627037998972,45.420803582351816,0.0],[-75.635614736469478,45.420804469497,0.0],[-75.63560243583828,45.420805356011684,0.0],[-75.635590135207096,45.420806243156839,0.0],[-75.635577834575898,45.420807128410431,0.0],[-75.635565532148107,45.420808013033472,0.0],[-75.635553231516909,45.420808895764949,0.0],[-75.635540929089089,45.420809777235348,0.0],[-75.635528627559594,45.42081065681419,0.0],[-75.635516325131775,45.420811534501453,0.0],[-75.635504023602266,45.420812409666617,0.0],[-75.63549172027615,45.420813281048623,0.0],[-75.63547941695002,45.420814150539059,0.0],[-75.635467112725564,45.420815016876816,0.0],[-75.635454808501109,45.420815879431494,0.0],[-75.635442504276668,45.420816738202973,0.0],[-75.635430198255605,45.420817592560795,0.0],[-75.635417893132839,45.420818442504974,0.0],[-75.635405587111748,45.420819288665982,0.0],[-75.63539327929405,45.420820129782804,0.0],[-75.635380971476337,45.42082096522492,0.0],[-75.635368661862017,45.420821795622849,0.0],[-75.635356352247669,45.420822620346065,0.0],[-75.63534404173501,45.420823438133489,0.0],[-75.635331731222365,45.42082425150727,0.0],[-75.635319419811381,45.420825057314744,0.0],[-75.635307106603776,45.420825856817018,0.0],[-75.635294792497874,45.420826648122485,0.0],[-75.635282478391957,45.42082743312271,0.0],[-75.635270162489419,45.420828210556664,0.0],[-75.635257845688557,45.420828979793832,0.0],[-75.635245527091072,45.420829741464729,0.0]]]}},
{"type":"Feature","properties":{"OBJECTID":129,"STATUS":"Active","LEGAL_NAME":null,"COMMON_NAM":"O-Train Confederation Line","RAIL_TYPE":"LRT","MISC":null,"COMMONNAME":"Ligne de la Confédération de l'O-Train","LABEL_BIL":null,"GIS_UNIQUE":null,"GLOBALID":"{2FC82CF9-9382-4C9B-9C7D-363F19B900A2}","CREATED_DA":"2022-07-04T10:57:17Z","LAST_EDITE":"2022-07-04T11:17:02Z","Shape_Leng":850.95498833328088},"geometry":{"type":"MultiLineString","coordinates":[[[-75.669526218395035,45.41576489041374,0.0],[-75.66952080784209,45.415757711904178,0.0],[-75.669515473645916,45.41575050501767,0.0],[-75.669510215806554,45.415743270384766,0.0],[-75.669505029832436,45.415736010527766,0.0],[-75.669499914825209,45.415728724816077,0.0],[-75.669494868988252,45.415721415771991,0.0],[-75.669489888728322,45.415714084026135,0.0],[-75.669484971350442,45.415706731470195,0.0],[-75.669480114159711,45.415699358734727,0.0],[-75.669475316257774,45.415691967711503,0.0],[-75.669470574949713,45.415684557769943,0.0],[-75.669465886642243,45.415677132693475,0.0],[-75.669461248640431,45.415669689959813,0.0],[-75.669456659147642,45.415662232721822,0.0],[-75.669452115468943,45.415654762871227,0.0],[-75.669447614011048,45.415647279146931,0.0],[-75.669443152977351,45.415639783440547,0.0],[-75.669438731469512,45.415632277013366,0.0],[-75.669434343199356,45.415624759865317,0.0],[-75.669429987268543,45.415617233257507,0.0],[-75.669425663677075,45.415609699081784,0.0],[-75.669421364340138,45.415602155446322,0.0],[-75.669417091952639,45.415594606134626,0.0],[-75.669412839328075,45.415587051777287,0.0],[-75.669408605568165,45.415579490482507,0.0],[-75.669404388876202,45.415571924772685,0.0],[-75.669400186557311,45.415564355908941,0.0],[-75.669395994119867,45.415556783891262,0.0],[-75.669391809767276,45.415549209980831,0.0],[-75.669387631702904,45.415541634177664,0.0],[-75.669383456333449,45.415534057742896,0.0],[-75.668053531098039,45.413120634391788,0.0],[-75.668045951113669,45.413106881453054,0.0],[-75.668038363044474,45.413093130402807,0.0],[-75.66803075700895,45.413079384394045,0.0],[-75.668023128515557,45.413065645949274,0.0],[-75.668015464987874,45.413051915699064,0.0],[-75.668007760137684,45.413038198057706,0.0],[-75.668000005880145,45.413024493655826,0.0],[-75.667992194130449,45.413010805646437,0.0],[-75.667984315007075,45.412997135921422,0.0],[-75.667976362221864,45.412983488264445,0.0],[-75.667968326791652,45.41296986456738,0.0],[-75.667960200631597,45.412956267352641,0.0],[-75.667951974758523,45.412942699773296,0.0],[-75.667943642884282,45.412929164982422,0.0],[-75.667935196923963,45.412915664871925,0.0],[-75.667926628792785,45.412902203225435,0.0],[-75.667917930405906,45.412888782565439,0.0],[-75.667909092780121,45.412875407306274,0.0],[-75.667900111423918,45.412862080601023,0.0],[-75.667890975557498,45.412848804972121,0.0],[-75.667881679790923,45.412835585464535,0.0],[-75.667872215141088,45.41282242397012,0.0],[-75.667862578014734,45.412809326164385,0.0],[-75.667852756733737,45.412796295200522,0.0],[-75.667842747704825,45.41278333675406,0.0],[-75.667832541944875,45.412770453347477,0.0],[-75.667822134962321,45.412757651286917,0.0],[-75.667811519570606,45.412744933725563,0.0],[-75.667800689481524,45.412732305708353,0.0],[-75.667789637508591,45.412719774172061,0.0],[-75.667778359160195,45.412707342900411,0.0],[-75.667720959779217,45.41264905939704,0.0],[-75.667658387403478,45.412593461409351,0.0],[-75.667590896275485,45.412540774849916,0.0],[-75.667518760623437,45.412491213801829,0.0],[-75.667442273547096,45.412444979648782,0.0],[-75.667361745826724,45.412402260256563,0.0],[-75.667277504660561,45.412363229209703,0.0],[-75.667189892335131,45.412328045105902,0.0],[-75.667099264834548,45.412296850911666,0.0],[-75.667005990394202,45.412269773381141,0.0],[-75.666910448004373,45.412246922541044,0.0],[-75.666813025870454,45.412228391243488,0.0],[-75.666714119835575,45.412214254788687,0.0],[-75.666614131772192,45.412204570618798,0.0],[-75.666593286366037,45.412203130285995,0.0],[-75.66657241670535,45.412201876616216,0.0],[-75.666551527281726,45.412200805195233,0.0],[-75.666530619891816,45.412199909716826,0.0],[-75.666509700823781,45.412199183874783,0.0],[-75.666488770077677,45.412198621362982,0.0],[-75.666467833043342,45.412198215875193,0.0],[-75.666446889720817,45.412197961105285,0.0],[-75.666425945499967,45.41219785137762,0.0],[-75.666404999482481,45.412197880386096,0.0],[-75.666384056159941,45.412198041824468,0.0],[-75.666363114634038,45.412198328125342,0.0],[-75.666342176701406,45.412198734243702,0.0],[-75.666321244158652,45.412199253242825,0.0],[-75.666300317904117,45.412199880077765,0.0],[-75.666279397937771,45.41220060718102,0.0],[-75.666258484259657,45.412201428246419,0.0],[-75.666237579564665,45.412202336337202,0.0],[-75.666216681157906,45.412203327669566,0.0],[-75.666195790835971,45.412204393414989,0.0],[-75.66617490680224,45.412205529158967,0.0],[-75.666154029955038,45.412206726072974,0.0],[-75.666133161192661,45.412207980373218,0.0],[-75.666112297820192,45.412209285122927,0.0],[-75.666091439837629,45.412210632754686,0.0],[-75.666070587244931,45.412212019484706,0.0],[-75.66604973734718,45.412213436484379,0.0],[-75.666028892839336,45.412214878078174,0.0],[-75.666008050128113,45.412216339221118,0.0],[-75.665987210111822,45.412217811715102,0.0],[-75.665966369197236,45.41221929240713,0.0],[-75.665085380618322,45.412281885662374,0.0]]]}},
{"type":"Feature","properties":{"OBJECTID":130,"STATUS":"Active","LEGAL_NAME":null,"COMMON_NAM":"O-Train Confederation Line","RAIL_TYPE":"LRT","MISC":null,"COMMONNAME":"Ligne de la Confédération de l'O-Train","LABEL_BIL":null,"GIS_UNIQUE":null,"GLOBALID":"{BB9D9B22-27CC-42E5-B322-84F0CC36EE1D}","CREATED_DA":"2022-07-04T10:57:17Z","LAST_EDITE":"2022-07-04T11:17:02Z","Shape_Leng":65.420852106853559},"geometry":{"type":"MultiLineString","coordinates":[[[-75.676863597448602,45.418540609275489,0.0],[-75.677046323071025,45.418590168444737,0.0],[-75.677230387431337,45.418637223483813,0.0],[-75.677415720886842,45.418681756595234,0.0]]]}},
{"type":"Feature","properties":{"OBJECTID":131,"STATUS":"Active","LEGAL_NAME":null,"COMMON_NAM":"O-Train Confederation Line","RAIL_TYPE":"LRT","MISC":null,"COMMONNAME":"Ligne de la Confédération de l'O-Train","LABEL_BIL":null,"GIS_UNIQUE":null,"GLOBALID":"{1745ACC5-AF18-41AE-8661-B084C35F9479}","CREATED_DA":"2022-07-04T10:57:17Z","LAST_EDITE":"2022-07-04T11:17:02Z","Shape_Leng":329.73805467271524},"geometry":{"type":"MultiLineString","coordinates":[[[-75.687999849430767,45.426134381687952,0.0],[-75.688057616554801,45.426203283730047,0.0],[-75.68812112300769,45.426269651216721,0.0],[-75.688190143741096,45.426333248970323,0.0],[-75.688264434165674,45.426393851628738,0.0],[-75.688343731017909,45.426451244443797,0.0],[-75.688427753292885,45.426505224042245,0.0],[-75.688516203240184,45.426555599146177,0.0],[-75.688608767419055,45.426602191250815,0.0],[-75.688705117809064,45.42664483525693,0.0],[-75.688804912972557,45.426683380055714,0.0],[-75.688907799264641,45.426717689064184,0.0],[-75.689013412086354,45.42674764070906,0.0],[-75.689121377176676,45.426773128857462,0.0],[-75.689231311938855,45.426794063192951,0.0],[-75.689342826796221,45.42681036953546,0.0],[-75.689455526572686,45.426821990104095,0.0],[-75.689569011893127,45.426828883721839,0.0],[-75.689682880598752,45.426831025961491,0.0],[-75.689796729172087,45.426828409232108,0.0],[-75.689910154167094,45.426821042805955,0.0],[-75.690022753638644,45.426808952785649,0.0],[-75.690134128567152,45.426792182011653,0.0],[-75.690243884272377,45.42677078991057,0.0],[-75.690351631812135,45.426744852284543,0.0],[-75.690456989360641,45.426714461042756,0.0],[-75.690559583561509,45.4266797238758,0.0]]]}},
{"type":"Feature","properties":{"OBJECTID":132,"STATUS":"Active","LEGAL_NAME":null,"COMMON_NAM":"O-Train Confederation Line","RAIL_TYPE":"LRT","MISC":null,"COMMONNAME":"Ligne de la Confédération de l'O-Train","LABEL_BIL":null,"GIS_UNIQUE":null,"GLOBALID":"{3E7C67CB-BA3F-40DE-898F-3460EB173F97}","CREATED_DA":"2022-07-04T10:57:17Z","LAST_EDITE":"2022-07-04T11:17:02Z","Shape_Leng":448.07754317292449},"geometry":{"type":"MultiLineString","coordinates":[[[-75.71857153616547,45.412018865760309,0.0],[-75.718553783658834,45.412026513296176,0.0],[-75.718535947608871,45.412034064346116,0.0],[-75.718518030710527,45.412041520801957,0.0],[-75.718500039252021,45.412048885816894,0.0],[-75.718481974131663,45.412056163805282,0.0],[-75.718463841637657,45.41206335539777,0.0],[-75.7184456426683,45.412070465008703,0.0],[-75.718427382613513,45.412077495160688,0.0],[-75.718409064168256,45.41208444900672,0.0],[-75.718390687332487,45.412091329069405,0.0],[-75.71837226019106,45.412098140393695,0.0],[-75.718353783642286,45.412104882979648,0.0],[-75.718335259482828,45.412111563133422,0.0],[-75.718316691305901,45.412118182116359,0.0],[-75.718298083603088,45.412124744342755,0.0],[-75.718279436374431,45.412131251704452,0.0],[-75.718260755009794,45.412137708615909,0.0],[-75.718242038610839,45.412144118230174,0.0],[-75.718223292567487,45.412150483069695,0.0],[-75.718204519574684,45.412156807548953,0.0],[-75.718185720530741,45.412163094820954,0.0],[-75.718166899927226,45.41216934803883,0.0],[-75.718148055967504,45.412175569725051,0.0],[-75.718129195838102,45.412181764293983,0.0],[-75.718110320437361,45.412187934898746,0.0],[-75.718091429765238,45.412194085953644,0.0],[-75.718072529211668,45.41220021871996,0.0],[-75.718053618776636,45.412206337611956,0.0],[-75.718034702053373,45.412212447044034,0.0],[-75.718015780838556,45.412218548908044,0.0],[-75.717996856928764,45.412224646987674,0.0],[-75.715648225991487,45.412981447610939,0.0],[-75.715515486545115,45.413025523659428,0.0],[-75.71538422728932,45.413071732556531,0.0],[-75.715254517758652,45.413120049817884,0.0],[-75.714943030527138,45.413239324213926,0.0]]]}},
{"type":"Feature","properties":{"OBJECTID":133,"STATUS":"Active","LEGAL_NAME":null,"COMMON_NAM":"O-Train Confederation Line","RAIL_TYPE":"LRT","MISC":null,"COMMONNAME":"Ligne de la Confédération de l'O-Train","LABEL_BIL":null,"GIS_UNIQUE":null,"GLOBALID":"{8BBF606D-00AC-44F5-BE95-D2B15DF0627A}","CREATED_DA":"2022-07-04T10:57:17Z","LAST_EDITE":"2022-07-04T11:17:02Z","Shape_Leng":73.943393709688522},"geometry":{"type":"MultiLineString","coordinates":[[[-75.669526218395035,45.41576489041374,0.0],[-75.669573577536823,45.415822598389809,0.0],[-75.669626131977097,45.415878045939095,0.0],[-75.669683663589453,45.415931002934343,0.0],[-75.669745933589709,45.415981249585634,0.0],[-75.669812683527212,45.416028577352456,0.0],[-75.66988363635727,45.416072789809206,0.0],[-75.66995849759121,45.416113703460226,0.0]]]}},
{"type":"Feature","properties":{"OBJECTID":134,"STATUS":"Active","LEGAL_NAME":null,"COMMON_NAM":"O-Train Confederation Line","RAIL_TYPE":"LRT","MISC":null,"COMMONNAME":"Ligne de la Confédération de l'O-Train","LABEL_BIL":null,"GIS_UNIQUE":null,"GLOBALID":"{AA3C9615-6691-49E6-AD38-B85CC3CE04CA}","CREATED_DA":"2022-07-04T10:57:17Z","LAST_EDITE":"2022-07-04T11:17:02Z","Shape_Leng":24.800449323907856},"geometry":{"type":"MultiLineString","coordinates":[[[-75.652673846122838,45.417287093434254,0.0],[-75.652768100303447,45.417245426425325,0.0],[-75.652860487292799,45.417201747459941,0.0]]]}},
{"type":"Feature","properties":{"OBJECTID":135,"STATUS":"Active","LEGAL_NAME":null,"COMMON_NAM":"O-Train Confederation Line","RAIL_TYPE":"LRT","MISC":null,"COMMONNAME":"Ligne de la Confédération de l'O-Train","LABEL_BIL":null,"GIS_UNIQUE":null,"GLOBALID":"{3DDA905B-230C-4F96-85E6-4AE15EDE52DD}","CREATED_DA":"2022-07-04T10:57:17Z","LAST_EDITE":"2022-07-04T11:17:02Z","Shape_Leng":768.04935230089995},"geometry":{"type":"MultiLineString","coordinates":[[[-75.714549318701046,45.413377923896185,0.0],[-75.712257838582133,45.41411620986834,0.0],[-75.712245458000893,45.414120199656786,0.0],[-75.712233075623018,45.414124189444905,0.0],[-75.712220696838415,45.414128183646959,0.0],[-75.712208319850419,45.414132181001719,0.0],[-75.712195946455694,45.414136182770349,0.0],[-75.712183577552551,45.414140191475283,0.0],[-75.712171213140991,45.414144209008263,0.0],[-75.71215885501762,45.414148234108147,0.0],[-75.712146504080764,45.414152269927882,0.0],[-75.71213416033045,45.414156318359289,0.0],[-75.712121825563301,45.414160379402276,0.0],[-75.71210949977926,45.414164454318133,0.0],[-75.712097184775047,45.414168544998603,0.0],[-75.712084881448902,45.414172652704906,0.0],[-75.712072589800869,45.414176778067606,0.0],[-75.712060311627582,45.414180923609074,0.0],[-75.712048047827324,45.414185089329379,0.0],[-75.712035798400109,45.414189277120201,0.0],[-75.712023565142559,45.414193487612188,0.0],[-75.712011349851338,45.414197723958281,0.0],[-75.711999151628092,45.414201984266747,0.0],[-75.711986972269457,45.41420627232111,0.0],[-75.711974813572098,45.414210588751999,0.0],[-75.711962675535972,45.414214934189999,0.0],[-75.711950559957728,45.414219310526832,0.0],[-75.711938468634017,45.414223718393131,0.0],[-75.711926400666499,45.414228159050076,0.0],[-75.711914357851782,45.414232635020028,0.0],[-75.711902342884869,45.414237145672431,0.0],[-75.711890354867407,45.414241693529583,0.0],[-75.711878396494342,45.414246278591548,0.0],[-75.711759944311737,45.414294524375272,0.0],[-75.711644817321371,45.41434658571454,0.0],[-75.711533264762068,45.414402349891176,0.0],[-75.711425528134399,45.414461696170335,0.0],[-75.711321840677755,45.414524496061951,0.0],[-75.711222426865532,45.414590613599017,0.0],[-75.711127501919037,45.414659905632028,0.0],[-75.711037271341652,45.414732222139023,0.0],[-75.710951930473882,45.414807406550402,0.0],[-75.71087166407051,45.41488529608803,0.0],[-75.71079664590053,45.414965722117735,0.0],[-75.71072703837109,45.415048510514438,0.0],[-75.710717013172527,45.415061190352432,0.0],[-75.710707109246513,45.415073916851007,0.0],[-75.710697324796442,45.415086690010099,0.0],[-75.71068765533073,45.415099505415547,0.0],[-75.710678097256107,45.415112363067408,0.0],[-75.71066864608099,45.415125260443233,0.0],[-75.710659299110461,45.415138194390096,0.0],[-75.710650051852923,45.415151164277361,0.0],[-75.710640901613431,45.415164167582702,0.0],[-75.710631841205497,45.41517720304487,0.0],[-75.710622869730756,45.415190268772115,0.0],[-75.710613982697652,45.415203362872731,0.0],[-75.710605175614589,45.415216483454799,0.0],[-75.710596444888353,45.415229629257269,0.0],[-75.710587785129007,45.415242799018877,0.0],[-75.710579193641649,45.415255990217268,0.0],[-75.71057066593464,45.415269202221893,0.0],[-75.710562197516467,45.415282432510345,0.0],[-75.710553782997195,45.415295681713211,0.0],[-75.710545421478528,45.415308945416399,0.0],[-75.710537106672263,45.415322224881059,0.0],[-75.710528833188491,45.415335516954293,0.0],[-75.710520598332295,45.415348821005502,0.0],[-75.71051239851036,45.415362135773485,0.0],[-75.710504228332866,45.415375459997037,0.0],[-75.710496084206497,45.415388790523295,0.0],[-75.710487960741375,45.415402129243994,0.0],[-75.710479855242568,45.415415471745042,0.0],[-75.710471762320182,45.415428819287548,0.0],[-75.710463678380933,45.41544216871872,0.0],[-75.710455597136644,45.415455520038421,0.0],[-75.709974287892251,45.416250850813952,0.0],[-75.709968728218939,45.416260036375569,0.0],[-75.709963164952384,45.416269222566278,0.0],[-75.70995759539764,45.416278406863775,0.0],[-75.709952017758042,45.416287588006924,0.0],[-75.709946426643697,45.416296765995703,0.0],[-75.709940821156337,45.416305937677294,0.0],[-75.709935196804352,45.416315105573901,0.0],[-75.709929551791092,45.41632426653279,0.0],[-75.709923882523341,45.416333420553819,0.0],[-75.709918185407801,45.416342565745396,0.0],[-75.709912459546189,45.416351700846349,0.0],[-75.709906698650272,45.416360826487228,0.0],[-75.709900902720051,45.416369940145749,0.0],[-75.709895067263972,45.416379041821969,0.0],[-75.709889189587074,45.41638813025466,0.0],[-75.709883266096085,45.416397203552208,0.0],[-75.709877294994399,45.416406261714549,0.0],[-75.709871273587041,45.416415302219455,0.0],[-75.709865197382442,45.416424326328034,0.0],[-75.709859065482334,45.416433330256908,0.0],[-75.709852874293389,45.416442314636647,0.0],[-75.709846619324054,45.41645127757554,0.0],[-75.709840300574371,45.416460217181871,0.0],[-75.709833913552686,45.416469133455635,0.0],[-75.709827455564124,45.416478023244039,0.0],[-75.709820923913696,45.416486887808212,0.0],[-75.709814316804767,45.416495723995304,0.0],[-75.709807630644107,45.416504530544216,0.0],[-75.709800862736756,45.416513305563221,0.0],[-75.709794009489443,45.416522049052361,0.0],[-75.70978707180052,45.416530758489344,0.0]]]}},
{"type":"Feature","properties":{"OBJECTID":136,"STATUS":"Active","LEGAL_NAME":null,"COMMON_NAM":"O-Train Confederation Line","RAIL_TYPE":"LRT","MISC":null,"COMMONNAME":"Ligne de la Confédération de l'O-Train","LABEL_BIL":null,"GIS_UNIQUE":null,"GLOBALID":"{D05B55FB-8E7B-4C85-B6A1-2BE5674B5804}","CREATED_DA":"2022-07-04T10:57:17Z","LAST_EDITE":"2022-07-04T11:17:02Z","Shape_Leng":57.045945950714483},"geometry":{"type":"MultiLineString","coordinates":[[[-75.615957383705748,45.427009274089244,0.0],[-75.616366887914538,45.426793061631301,0.0]]]}},
{"type":"Feature","properties":{"OBJECTID":137,"STATUS":"Active","LEGAL_NAME":null,"COMMON_NAM":"O-Train Confederation Line","RAIL_TYPE":"LRT","MISC":null,"COMMONNAME":"Ligne de la Confédération de l'O-Train","LABEL_BIL":null,"GIS_UNIQUE":null,"GLOBALID":"{EFC8CEF7-546F-421C-A513-6D4239A8BEFD}","CREATED_DA":"2022-07-04T10:57:17Z","LAST_EDITE":"2022-07-04T11:17:02Z","Shape_Leng":375.73917079991588},"geometry":{"type":"MultiLineString","coordinates":[[[-75.615926992801377,45.426980334387203,0.0],[-75.613380613025654,45.428306138052037,0.0],[-75.613375309372216,45.428308898743232,0.0],[-75.613370005718792,45.428311660064743,0.0],[-75.613364702963651,45.428314420755669,0.0],[-75.613359399310227,45.428317182076903,0.0],[-75.613354095656774,45.428319942767558,0.0],[-75.613348792901661,45.428322704088529,0.0],[-75.613343488349912,45.428325464778915,0.0],[-75.61333818469646,45.428328224838715,0.0],[-75.613332880144725,45.428330985528831,0.0],[-75.613327576491272,45.428333746218811,0.0],[-75.613322271939538,45.428336506278256,0.0],[-75.61331696738776,45.428339265076616,0.0],[-75.613311661937701,45.428342024505334,0.0],[-75.613306357385952,45.428344784564331,0.0],[-75.613301051037567,45.428347542731885,0.0],[-75.613295745587507,45.428350301529761,0.0],[-75.613290439239123,45.428353060327488,0.0],[-75.613285131992427,45.428355817233744,0.0],[-75.613279824745717,45.428358574770314,0.0],[-75.613274518397347,45.428361332306793,0.0],[-75.613269209354016,45.428364089212643,0.0],[-75.61326390120901,45.4283668448575,0.0],[-75.613258593063989,45.428369601763087,0.0],[-75.613253283122347,45.428372356777281,0.0],[-75.613247973180691,45.42837511179129,0.0],[-75.613242662340724,45.428377866174721,0.0],[-75.613237351500771,45.428380619927616,0.0],[-75.613232040660805,45.428383373049883,0.0],[-75.613226728922541,45.428386125541657,0.0],[-75.613221416285938,45.428388877402803,0.0],[-75.613216102751053,45.428391629263807,0.0]]]}},
{"type":"Feature","properties":{"OBJECTID":138,"STATUS":"Active","LEGAL_NAME":null,"COMMON_NAM":"O-Train Confederation Line","RAIL_TYPE":"LRT","MISC":null,"COMMONNAME":"Ligne de la Confédération de l'O-Train","LABEL_BIL":null,"GIS_UNIQUE":null,"GLOBALID":"{7680C1C8-3200-4892-BC98-D38A3C92CC45}","CREATED_DA":"2022-07-04T10:57:17Z","LAST_EDITE":"2022-07-04T11:17:02Z","Shape_Leng":718.4320310209506},"geometry":{"type":"MultiLineString","coordinates":[[[-75.682961858365573,45.420909892134411,0.0],[-75.681012548335005,45.419862550520349,0.0],[-75.680992886908371,45.419851986568695,0.0],[-75.680973223685129,45.41984142513725,0.0],[-75.680953556868602,45.419830867487001,0.0],[-75.680933882865588,45.419820314879033,0.0],[-75.680914201676018,45.419809769835531,0.0],[-75.680894509706661,45.419799234248039,0.0],[-75.680874806059222,45.419788710008191,0.0],[-75.680855087140429,45.419778199007631,0.0],[-75.680835352950268,45.419767703768457,0.0],[-75.680815600793792,45.41975722429067,0.0],[-75.680795828874395,45.419746764988005,0.0],[-75.680776033598789,45.419736325860569,0.0],[-75.680756215865301,45.419725908799897,0.0],[-75.680736370284038,45.419715517589196,0.0],[-75.680716496855027,45.419705151597988,0.0],[-75.680696594679887,45.41969481524,0.0],[-75.680676659267107,45.419684508515296,0.0],[-75.680656690616658,45.419674234576526,0.0],[-75.680636686931905,45.419663995315354,0.0],[-75.68061664641624,45.419653791992801,0.0],[-75.680596566374689,45.419643627131094,0.0],[-75.680576444112319,45.419633502621821,0.0],[-75.680556280527469,45.419623420987186,0.0],[-75.680536070230204,45.419613382857698,0.0],[-75.680515815017174,45.419603392016626,0.0],[-75.680495512193446,45.419593449094535,0.0],[-75.680475159064045,45.419583556613553,0.0],[-75.68045475473069,45.419573716465393,0.0],[-75.680434297396715,45.41956393180272,0.0],[-75.680413785265529,45.419554203886598,0.0],[-75.680393217438777,45.419544533978168,0.0],[-75.680232889149096,45.419472106011376,0.0],[-75.680069294554741,45.419403370626156,0.0],[-75.679902606218789,45.419338400339683,0.0],[-75.679732999967712,45.419277263697133,0.0],[-75.679560654705881,45.419220025199316,0.0],[-75.67938575222675,45.419166745234577,0.0],[-75.679208477021263,45.419117480015053,0.0],[-75.679185311266721,45.41911138520188,0.0],[-75.679162110477876,45.419105356594905,0.0],[-75.679138876451375,45.41909939167202,0.0],[-75.679115609187178,45.419093491063713,0.0],[-75.679092314075234,45.419087649095182,0.0],[-75.679068987522257,45.419081864505323,0.0],[-75.679045634019815,45.419076136033112,0.0],[-75.679022254466247,45.419070461786944,0.0],[-75.678998848861497,45.419064838614084,0.0],[-75.678975420798906,45.419059264622973,0.0],[-75.678951969380094,45.419053738552464,0.0],[-75.678928495503399,45.419048255988805,0.0],[-75.678905003660404,45.41904281693207,0.0],[-75.678881492054472,45.419037417598986,0.0],[-75.678857963380551,45.419032057358955,0.0],[-75.678834418536965,45.41902673305934,0.0],[-75.678810858421997,45.419021441547471,0.0],[-75.678787283035689,45.419016182192749,0.0],[-75.678763695072959,45.419010953103573,0.0],[-75.678740094533808,45.419005749235623,0.0],[-75.678716484113195,45.419000571219456,0.0],[-75.678692862912797,45.418995415902366,0.0],[-75.678669231830938,45.418990280762138,0.0],[-75.678645595359171,45.418985163276659,0.0],[-75.678621949904269,45.418980062184822,0.0],[-75.678598299957784,45.418974974333921,0.0],[-75.678574643723096,45.418969897201833,0.0],[-75.678550984793461,45.418964830157961,0.0],[-75.67852732227054,45.418959768788476,0.0],[-75.678503657052715,45.41895471246292,0.0],[-75.678479992733173,45.418949658659081,0.0],[-75.677877129752758,45.418820919238023,0.0],[-75.677861707475941,45.418817625272553,0.0],[-75.677846286995788,45.418814331937426,0.0],[-75.67783086651562,45.418811037341001,0.0],[-75.677815446933749,45.41880774085277,0.0],[-75.677800027351907,45.418804441211606,0.0],[-75.677784609566686,45.418801139678585,0.0],[-75.677769194476426,45.418797834992695,0.0],[-75.677753778487826,45.418794525892757,0.0],[-75.677738366092498,45.418791212378835,0.0],[-75.677722956392117,45.418787894450929,0.0],[-75.677707547590032,45.418784570217355,0.0],[-75.677692142381233,45.418781240308633,0.0],[-75.677676740765691,45.418777903463791,0.0],[-75.67766134094677,45.418774559052174,0.0],[-75.677645945619432,45.418771207073831,0.0],[-75.677630552088715,45.418767848159263,0.0],[-75.677615163947905,45.418764478525233,0.0],[-75.677599780298664,45.418761100693914,0.0],[-75.677584400242694,45.418757711512576,0.0],[-75.677569025576602,45.418754312872871,0.0],[-75.677553655402107,45.418750902252597,0.0],[-75.677538290617477,45.418747480912842,0.0],[-75.677522930324415,45.418744047592497,0.0],[-75.677507577217895,45.418740600399943,0.0],[-75.677492229501269,45.418737140596242,0.0],[-75.67747688807286,45.418733666920367,0.0],[-75.677461552932641,45.418730178741725,0.0],[-75.677446226775572,45.418726676060302,0.0],[-75.677430905110086,45.418723156984477,0.0],[-75.677415592427749,45.418719622775356,0.0],[-75.677400286931942,45.418716070910669,0.0]]]}},
{"type":"Feature","properties":{"OBJECTID":139,"STATUS":"Active","LEGAL_NAME":null,"COMMON_NAM":"O-Train Confederation Line","RAIL_TYPE":"LRT","MISC":null,"COMMONNAME":"Ligne de la Confédération de l'O-Train","LABEL_BIL":null,"GIS_UNIQUE":null,"GLOBALID":"{3E8B4A2B-9A39-4233-8742-3EFDC50221F7}","CREATED_DA":"2022-07-04T10:57:17Z","LAST_EDITE":"2022-07-04T11:17:02Z","Shape_Leng":777.67171378969977},"geometry":{"type":"MultiLineString","coordinates":[[[-75.665085380618322,45.412281885662374,0.0],[-75.66232002750894,45.412478316426757,0.0],[-75.662303330522747,45.412479501983888,0.0],[-75.662286634434878,45.412480693216544,0.0],[-75.662269940143631,45.412481892647172,0.0],[-75.662253246750709,45.412483105951267,0.0],[-75.662236556951058,45.412484335651385,0.0],[-75.66221987074465,45.412485587423006,0.0],[-75.6622031881315,45.412486866311106,0.0],[-75.662186510009946,45.412488174838032,0.0],[-75.662169838176581,45.412489518048801,0.0],[-75.66215317173311,45.412490901618938,0.0],[-75.662136513374492,45.412492328070869,0.0],[-75.662119863100713,45.41249380308011,0.0],[-75.662103222708367,45.412495329799803,0.0],[-75.662086593095836,45.412496912644237,0.0],[-75.662069975161401,45.41249855728892,0.0],[-75.662053370701685,45.412500266886909,0.0],[-75.662036781513322,45.412502046483098,0.0],[-75.662020207596328,45.412503899230657,0.0],[-75.662003651645662,45.412505830174403,0.0],[-75.661987115457904,45.412507843098069,0.0],[-75.661970601728029,45.412509943046544,0.0],[-75.661954111354362,45.412512133803538,0.0],[-75.661937647031849,45.412514419152721,0.0],[-75.661921211455407,45.41251680350836,0.0],[-75.661904805523363,45.412519291284738,0.0],[-75.661888434625624,45.412521885635009,0.0],[-75.661872098762188,45.41252459223459,0.0],[-75.661855803322936,45.412527414867192,0.0],[-75.661839549206164,45.412530354793994,0.0],[-75.661823341801835,45.41253341895181,0.0],[-75.661807183804811,45.412536609863082,0.0],[-75.661716466173914,45.412557235416969,0.0],[-75.661627863550123,45.412581980397626,0.0],[-75.661541755063311,45.412610738916122,0.0],[-75.661458509171041,45.412643387908979,0.0],[-75.66137848208183,45.412679787664779,0.0],[-75.66130201623092,45.412719782422172,0.0],[-75.661229438815099,45.412763201036462,0.0],[-75.661161060392558,45.412809857712091,0.0],[-75.661097173553998,45.41285955279772,0.0],[-75.661038051670729,45.412912073640761,0.0],[-75.660983947724816,45.412967195497387,0.0],[-75.66093509322657,45.413024682494338,0.0],[-75.660891697224031,45.413084288638387,0.0],[-75.660884610414769,45.413095003310424,0.0],[-75.6608776951837,45.413105772212738,0.0],[-75.66087094524265,45.413116593453466,0.0],[-75.660864355201724,45.413127462618384,0.0],[-75.66085791877272,45.413138378446192,0.0],[-75.660851634159002,45.413149337783871,0.0],[-75.660845495072351,45.413160337478317,0.0],[-75.660839493427915,45.413171375637681,0.0],[-75.660833627429128,45.413182449739523,0.0],[-75.66082788988939,45.413193556630766,0.0],[-75.660822276317177,45.413204694419655,0.0],[-75.660816779525959,45.413215861844819,0.0],[-75.660811394125858,45.413227057014538,0.0],[-75.660806116523545,45.413238276145087,0.0],[-75.660800938634253,45.413249518605838,0.0],[-75.660795856864681,45.413260783766191,0.0],[-75.660790863130018,45.413272067211935,0.0],[-75.660785954735303,45.413283369573598,0.0],[-75.660781121799076,45.413294688328762,0.0],[-75.660776360728065,45.413306022216233,0.0],[-75.660771667929026,45.413317369974713,0.0],[-75.660767032622161,45.413328729712447,0.0],[-75.660762451214225,45.413340100168234,0.0],[-75.660757920111934,45.413351480711356,0.0],[-75.660753428535514,45.413362868819497,0.0],[-75.660748974688332,45.413374264492624,0.0],[-75.660744550485532,45.41338566520826,0.0],[-75.660740149638983,45.413397072227646,0.0],[-75.660735766758705,45.413408480505957,0.0],[-75.66073139735316,45.413419892565578,0.0],[-75.660727033337508,45.413431305253489,0.0],[-75.66036103902951,45.414388637296923,0.0],[-75.660356751370657,45.4143998486296,0.0],[-75.660352458321924,45.414411058068232,0.0],[-75.660348152696756,45.414422265612878,0.0],[-75.660343830003612,45.414433469371765,0.0],[-75.660339483055964,45.41444466934481,0.0],[-75.660335105565565,45.414455863009728,0.0],[-75.660330691244255,45.414467049105319,0.0],[-75.660326235600465,45.414478227631548,0.0],[-75.660321732345949,45.414489396066088,0.0],[-75.660317174294192,45.414500553778346,0.0],[-75.660312556953627,45.414511700137737,0.0],[-75.66030787403605,45.41452283199132,0.0],[-75.660303118354932,45.414533948708417,0.0],[-75.660298286317015,45.414545049027979,0.0],[-75.660293369837476,45.414556131688762,0.0],[-75.660288364424702,45.414567193537792,0.0],[-75.660283263790518,45.414578234575153,0.0],[-75.660278062545032,45.414589251647875,0.0],[-75.660272756196647,45.414600244125324,0.0],[-75.660267335762214,45.414611209485209,0.0],[-75.660261798546813,45.414622145205172,0.0],[-75.660256138262213,45.41463304939348,0.0],[-75.660250350416831,45.414643920158291,0.0],[-75.660244426027532,45.414654754977306,0.0],[-75.660238363297694,45.414665551958798,0.0],[-75.660232156837395,45.414676308580383,0.0],[-75.660225798561797,45.414687020428005,0.0],[-75.660219286674305,45.414697686240451,0.0],[-75.660212613090053,45.414708302864831,0.0],[-75.660205776012432,45.414718867778809,0.0],[-75.660198769153212,45.414729376568204,0.0]]]}},
{"type":"Feature","properties":{"OBJECTID":140,"STATUS":"Active","LEGAL_NAME":null,"COMMON_NAM":"O-Train Confederation Line","RAIL_TYPE":"LRT","MISC":null,"COMMONNAME":"Ligne de la Confédération de l'O-Train","LABEL_BIL":null,"GIS_UNIQUE":null,"GLOBALID":"{E38AEFD9-C7C5-4F8D-80F7-562300F2B9E9}","CREATED_DA":"2022-07-04T10:57:17Z","LAST_EDITE":"2022-07-04T11:17:02Z","Shape_Leng":338.12517011703881},"geometry":{"type":"MultiLineString","coordinates":[[[-75.687958358044426,45.426148481360762,0.0],[-75.688017467702053,45.426219188209409,0.0],[-75.688082475411591,45.426287297435799,0.0],[-75.688153150159835,45.426352567014888,0.0],[-75.688229240794996,45.426414765013085,0.0],[-75.688310476919227,45.426473670412335,0.0],[-75.68839656984953,45.426529073895374,0.0],[-75.68848721364364,45.426580778589397,0.0],[-75.688582086187239,45.42662860076554,0.0],[-75.6886808503385,45.426672370491652,0.0],[-75.688783155126416,45.426711932235975,0.0],[-75.688888636997731,45.426747145419753,0.0],[-75.688996921109137,45.426777884916689,0.0],[-75.689107622659122,45.426804041497419,0.0],[-75.689220348255532,45.426825522217598,0.0],[-75.689334697313498,45.426842250748095,0.0],[-75.689450263478975,45.426854167646212,0.0],[-75.689566636072755,45.426861230566736,0.0],[-75.6896834015499,45.426863414412537,0.0],[-75.689800144969311,45.426860711423586,0.0],[-75.689916451468278,45.426853131204588,0.0],[-75.69003190773671,45.426840700690896,0.0],[-75.690146103485972,45.426823464052724,0.0],[-75.690258632906819,45.426801482538323,0.0],[-75.690369096111468,45.426774834256335,0.0],[-75.690477100554816,45.426743613898289,0.0],[-75.690582262429174,45.42670793240228,0.0]]]}},
{"type":"Feature","properties":{"OBJECTID":141,"STATUS":"Active","LEGAL_NAME":null,"COMMON_NAM":"O-Train Confederation Line","RAIL_TYPE":"LRT","MISC":null,"COMMONNAME":"Ligne de la Confédération de l'O-Train","LABEL_BIL":null,"GIS_UNIQUE":null,"GLOBALID":"{71BE1729-6B6C-4175-92F7-186F4ED4B1A2}","CREATED_DA":"2022-07-04T10:57:17Z","LAST_EDITE":"2022-07-04T11:17:02Z","Shape_Leng":75.889999318123358},"geometry":{"type":"MultiLineString","coordinates":[[[-75.732254027786183,45.404948418666081,0.0],[-75.732552281538005,45.404832560515914,0.0],[-75.732847549185976,45.404712991268838,0.0]]]}},
{"type":"Feature","properties":{"OBJECTID":142,"STATUS":"Active","LEGAL_NAME":null,"COMMON_NAM":"O-Train Confederation Line","RAIL_TYPE":"LRT","MISC":null,"COMMONNAME":"Ligne de la Confédération de l'O-Train","LABEL_BIL":null,"GIS_UNIQUE":null,"GLOBALID":"{91A2F788-5802-4EB1-8208-F9F806051057}","CREATED_DA":"2022-07-04T10:57:17Z","LAST_EDITE":"2022-07-04T11:17:02Z","Shape_Leng":861.59582268366648},"geometry":{"type":"MultiLineString","coordinates":[[[-75.715220642289282,45.413067894700731,0.0],[-75.714824605623235,45.4131729300858,0.0],[-75.714687871341837,45.413210462111294,0.0],[-75.714552404216619,45.413250194016506,0.0],[-75.714418276060655,45.413292104734346,0.0],[-75.712859907451858,45.413794197636349,0.0],[-75.712846790252101,45.413798423922799,0.0],[-75.712833673950627,45.413802651470164,0.0],[-75.712820558547477,45.413806879017201,0.0],[-75.71280744494095,45.413811110978102,0.0],[-75.712794332232761,45.413815345461138,0.0],[-75.712781224016126,45.413819583096817,0.0],[-75.712768117596141,45.413823826407587,0.0],[-75.712755016566035,45.413828076024046,0.0],[-75.712741919129201,45.413832331315604,0.0],[-75.712728825285595,45.413836594804636,0.0],[-75.712715737730235,45.413840865860543,0.0],[-75.712702656463065,45.413845146375145,0.0],[-75.712689581484099,45.413849435717786,0.0],[-75.712676512793351,45.413853737041528,0.0],[-75.712663453085753,45.413858049085171,0.0],[-75.712650400564684,45.413862373740471,0.0],[-75.71263735702675,45.413866711638022,0.0],[-75.712624323370278,45.413871062147223,0.0],[-75.712611298696984,45.413875428421122,0.0],[-75.712598284803477,45.413879810459655,0.0],[-75.712585282588051,45.413884207632272,0.0],[-75.712572291152412,45.413888622461315,0.0],[-75.712559313191491,45.413893054946811,0.0],[-75.712546346908681,45.413897506980561,0.0],[-75.712533393202293,45.413901977301364,0.0],[-75.712520455665569,45.413906468431584,0.0],[-75.712507532501888,45.413910980371199,0.0],[-75.712494623711265,45.413915515012043,0.0],[-75.712481731988618,45.413920071092946,0.0],[-75.712468856435649,45.413924650505628,0.0],[-75.71245599795067,45.413929254511295,0.0],[-75.712305255490762,45.41398561530211,0.0],[-75.712157210802403,45.414045396048223,0.0],[-75.712012021291443,45.41410853317808,0.0],[-75.711869841328138,45.414174959551069,0.0],[-75.711730822082799,45.414244604529038,0.0],[-75.711595111365227,45.41431739405143,0.0],[-75.711462853467467,45.414393250714049,0.0],[-75.711334189010373,45.414472093851444,0.0],[-75.711328063398454,45.414475978936295,0.0],[-75.711321946769687,45.414479869696173,0.0],[-75.711315839124069,45.414483769284089,0.0],[-75.711309741359912,45.41448767454709,0.0],[-75.711303653477231,45.414491587376908,0.0],[-75.711297574577713,45.414495508404165,0.0],[-75.711291506457968,45.414499436998305,0.0],[-75.711285448219698,45.414503373159263,0.0],[-75.7112794007612,45.414507317517611,0.0],[-75.711273364082487,45.414511270704047,0.0],[-75.711267338183561,45.414515231457301,0.0],[-75.711261322166109,45.414519200407973,0.0],[-75.711255319623376,45.414523178817291,0.0],[-75.711249327860429,45.414527165423969,0.0],[-75.711243347775593,45.414531161489272,0.0],[-75.711237380267164,45.414535166382649,0.0],[-75.711231425335143,45.414539180103951,0.0],[-75.71122548387784,45.41454320265332,0.0],[-75.711219554996973,45.414547235291856,0.0],[-75.711213638692513,45.414551278019623,0.0],[-75.711207736761096,45.414555329575343,0.0],[-75.711201847406102,45.414559391850844,0.0],[-75.711195972424122,45.41456346358494,0.0],[-75.711190110916903,45.414567545408218,0.0],[-75.711184265579348,45.414571637951305,0.0],[-75.711178432818201,45.414575740583544,0.0],[-75.711172617125058,45.41457985393555,0.0],[-75.711166815804958,45.414583977376701,0.0],[-75.711161030654537,45.414588112168211,0.0],[-75.711155259877145,45.414592257679537,0.0],[-75.711149506167757,45.414596414541158,0.0],[-75.711061165029349,45.414663257904188,0.0],[-75.710977037519996,45.41473272821549,0.0],[-75.71089728200694,45.414804694690048,0.0],[-75.71082204862735,45.414879021844051,0.0],[-75.710751479005552,45.414955569750077,0.0],[-75.710685705986563,45.415034194300432,0.0],[-75.71067561700761,45.415046977557893,0.0],[-75.71066565019953,45.41505980999824,0.0],[-75.710655801969054,45.415072686576679,0.0],[-75.710646069621276,45.415085607293285,0.0],[-75.710636447766262,45.415098569625606,0.0],[-75.710626933709094,45.41511157042067,0.0],[-75.710617522958188,45.415124608417365,0.0],[-75.710608213716881,45.415137682984998,0.0],[-75.710598998798702,45.415150790340036,0.0],[-75.71058987730531,45.415163929851921,0.0],[-75.710580842948488,45.415177100259456,0.0],[-75.710571892134993,45.415190297779063,0.0],[-75.710563022169893,45.415203523041328,0.0],[-75.710554228561563,45.415216772893302,0.0],[-75.710545505021841,45.415230046704366,0.0],[-75.710536851550728,45.415243342582819,0.0],[-75.710528260063342,45.415256657375672,0.0],[-75.710519727864764,45.415269992974643,0.0],[-75.710511251361751,45.415283344965651,0.0],[-75.710502826961019,45.415296713348674,0.0],[-75.710494447476052,45.415310096862576,0.0],[-75.710486112008539,45.415323492985003,0.0],[-75.710477814270249,45.415336901085311,0.0],[-75.710469552464573,45.415350320532937,0.0],[-75.710461318506688,45.415363747544362,0.0],[-75.710453111498239,45.415377183380762,0.0],[-75.710444926049377,45.41539062488922,0.0],[-75.710436756770179,45.415404072700326,0.0],[-75.710428600067416,45.415417523030499,0.0],[-75.710420453246101,45.415430977141028,0.0],[-75.710412309119718,45.415444431878903,0.0],[-75.709930962146089,45.416239826498519,0.0],[-75.709925468049803,45.416248904864474,0.0],[-75.70991996946195,45.416257982598374,0.0],[-75.709914465484218,45.41626705780854,0.0],[-75.709908951624996,45.416276131125528,0.0],[-75.709903426986017,45.416285200027076,0.0],[-75.709897887075641,45.416294265143662,0.0],[-75.709892328300668,45.41630332458368,0.0],[-75.709886748864434,45.416312377716523,0.0],[-75.709881145173696,45.416321422650455,0.0],[-75.709875513635183,45.416330460016084,0.0],[-75.709869852452258,45.416339487921654,0.0],[-75.709864157133367,45.416348504475486,0.0],[-75.709858426780158,45.41635751030821,0.0],[-75.709852656002766,45.41636650415856,0.0],[-75.709846843902881,45.416375484134939,0.0],[-75.70984098688723,45.416384448976096,0.0],[-75.709835080464245,45.416393398682175,0.0],[-75.709829124633913,45.416402331991939,0.0],[-75.709823114904665,45.416411246383149,0.0],[-75.709817048581542,45.41642014311698,0.0],[-75.709810922071313,45.416429019040478,0.0],[-75.709804733577315,45.416437872892644,0.0],[-75.709798479506304,45.416446705304011,0.0],[-75.709792157163335,45.41645551249114,0.0],[-75.709785765650082,45.416464295084602,0.0],[-75.709779299576681,45.416473049931611,0.0],[-75.709772757146453,45.416481777032097,0.0],[-75.70976613656282,45.416490475125023,0.0],[-75.709759435130792,45.416499142318635,0.0],[-75.70975264925714,45.416507776090725,0.0],[-75.709745776246891,45.416516377071801,0.0]]]}},
{"type":"Feature","properties":{"OBJECTID":143,"STATUS":"Active","LEGAL_NAME":null,"COMMON_NAM":"O-Train Confederation Line","RAIL_TYPE":"LRT","MISC":null,"COMMONNAME":"Ligne de la Confédération de l'O-Train","LABEL_BIL":null,"GIS_UNIQUE":null,"GLOBALID":"{C15A06F9-2499-4C96-B62E-F2BA36736ECC}","CREATED_DA":"2022-07-04T10:57:17Z","LAST_EDITE":"2022-07-04T11:17:02Z","Shape_Leng":1843.2558121493191},"geometry":{"type":"MultiLineString","coordinates":[[[-75.732254027786183,45.404948418666081,0.0],[-75.732243148289768,45.404952553532326,0.0],[-75.732232264301786,45.404956683352722,0.0],[-75.732221378517181,45.404960808757842,0.0],[-75.732210487342684,45.404964929117128,0.0],[-75.732199595269861,45.4049690456919,0.0],[-75.732188697807146,45.4049731584822,0.0],[-75.732177797649499,45.404977266226581,0.0],[-75.732166895695201,45.404981370817147,0.0],[-75.73215599014766,45.404985471623256,0.0],[-75.73214508280347,45.404989568644858,0.0],[-75.732134171866036,45.404993662512652,0.0],[-75.732123260030278,45.404997753857359,0.0],[-75.732112344601262,45.405001841417615,0.0],[-75.732101427375611,45.405005925824071,0.0],[-75.732090507455027,45.405010007076683,0.0],[-75.732079585737793,45.405014087698333,0.0],[-75.732068662223938,45.405018164535534,0.0],[-75.732057738710083,45.40502223948031,0.0],[-75.73204681160297,45.405026311271286,0.0],[-75.732035883597533,45.405030382431313,0.0],[-75.732024954693784,45.405034451068204,0.0],[-75.732014024891726,45.40503851907409,0.0],[-75.73200309239472,45.405042584556945,0.0],[-75.7319921598977,45.40504664940881,0.0],[-75.731981227400695,45.405050713629613,0.0],[-75.731970294005379,45.405054775958085,0.0],[-75.731959358813413,45.405058838286273,0.0],[-75.731948423621475,45.405062898722043,0.0],[-75.731937488429523,45.405066959788229,0.0],[-75.73192655233926,45.40507102022341,0.0],[-75.731915617147294,45.405075080027636,0.0],[-75.731569276181091,45.405203667253041,0.0],[-75.731558325717771,45.405207732724008,0.0],[-75.731547375254451,45.405211798825349,0.0],[-75.73153642479113,45.405215864295691,0.0],[-75.73152547522615,45.40521993102714,0.0],[-75.731514526559451,45.405223998389019,0.0],[-75.73150357699447,45.405228065750599,0.0],[-75.731492629226096,45.405232135003963,0.0],[-75.731481682356048,45.405236205518442,0.0],[-75.731470737282635,45.405240276663292,0.0],[-75.731459791310868,45.405244349069264,0.0],[-75.731448847135781,45.405248423997726,0.0],[-75.731437905655611,45.405252499556589,0.0],[-75.731426964175455,45.405256578268656,0.0],[-75.731416024491921,45.405260658241801,0.0],[-75.731405086605037,45.405264740737415,0.0],[-75.73139415141307,45.40526882575557,0.0],[-75.731383217119429,45.405272912665453,0.0],[-75.731372284622424,45.405277003359281,0.0],[-75.731361354820379,45.405281095944837,0.0],[-75.731350426814927,45.405285191052926,0.0],[-75.731339501504436,45.405289291206273,0.0],[-75.731328579787231,45.405293393251391,0.0],[-75.731317659866633,45.405297499711111,0.0],[-75.731306743539292,45.405301609324027,0.0],[-75.731295828110277,45.405305723351475,0.0],[-75.731284917172843,45.405309840532119,0.0],[-75.731274009828667,45.405313962127309,0.0],[-75.731263104281098,45.405318088137051,0.0],[-75.731252202326829,45.405322219192094,0.0],[-75.731241304864113,45.405326353400312,0.0],[-75.731230410994655,45.405330493915152,0.0],[-75.730944387921156,45.405441490084826,0.0],[-75.730661097395142,45.405555888201704,0.0],[-75.730650413731468,45.405560291698635,0.0],[-75.730639732762725,45.405564698979333,0.0],[-75.730629056285579,45.405569111935939,0.0],[-75.730618383401705,45.405573528676364,0.0],[-75.730607714111088,45.40557794856992,0.0],[-75.730597048413713,45.40558237413935,0.0],[-75.730586385411272,45.405586802861869,0.0],[-75.730575726002115,45.405591235998912,0.0],[-75.730565069287891,45.405595672289074,0.0],[-75.730554415268642,45.405600111101649,0.0],[-75.730543764842622,45.405604554328697,0.0],[-75.730533117111548,45.405609000708914,0.0],[-75.730522470278814,45.405613448980802,0.0],[-75.730511827039322,45.405617901036507,0.0],[-75.730501185596481,45.405622355614675,0.0],[-75.730490546848557,45.405626812715205,0.0],[-75.730479909897284,45.405631271707492,0.0],[-75.730469274742632,45.405635732591492,0.0],[-75.730458640486304,45.405640196628596,0.0],[-75.73044800892491,45.405644661926708,0.0],[-75.730437377363515,45.405649129116576,0.0],[-75.730426748497067,45.405653597567451,0.0],[-75.730416120528957,45.405658067279369,0.0],[-75.730405493459145,45.405662538883,0.0],[-75.730394867287657,45.405667011116975,0.0],[-75.730384242014466,45.405671484611965,0.0],[-75.730373616741275,45.405675958737341,0.0],[-75.730362992366437,45.405680433493011,0.0],[-75.730352369788179,45.405684908248332,0.0],[-75.730341745413327,45.405689383634005,0.0],[-75.730331122835096,45.405693859649972,0.0],[-75.723512554095777,45.40856617280626,0.0],[-75.723503725453156,45.408569891803332,0.0],[-75.723494897708875,45.408573610800161,0.0],[-75.723486069964565,45.408577331058083,0.0],[-75.723477244915216,45.408581052577048,0.0],[-75.723468421662503,45.408584776618454,0.0],[-75.723459600206397,45.408588503182195,0.0],[-75.723450781445266,45.408592232268376,0.0],[-75.723441965379052,45.408595965138218,0.0],[-75.723433152906111,45.408599703053092,0.0],[-75.723424344026455,45.408603444751677,0.0],[-75.723415540536664,45.408607191495285,0.0],[-75.723406741538454,45.40861094391461,0.0],[-75.723397947930138,45.408614703270864,0.0],[-75.72338916061004,45.408618469564132,0.0],[-75.723380378679806,45.408622242794429,0.0],[-75.723371603936101,45.408626023592362,0.0],[-75.723362836378939,45.408629812588593,0.0],[-75.723354076906602,45.408633611044465,0.0],[-75.72334532462078,45.408637417698593,0.0],[-75.723336583114758,45.408641235073695,0.0],[-75.72332784879525,45.408645061908395,0.0],[-75.723319124357218,45.408648900094732,0.0],[-75.723310409800646,45.408652749632601,0.0],[-75.72330170512555,45.408656611152736,0.0],[-75.723293012128522,45.408660484655087,0.0],[-75.723284331707944,45.408664371401017,0.0],[-75.723275662965449,45.408668270759833,0.0],[-75.723267005901064,45.408672185254183,0.0],[-75.723258362311398,45.408676112361398,0.0],[-75.72324973219645,45.408680055865439,0.0],[-75.723241116454574,45.408684013243736,0.0],[-75.723138373890748,45.408732978335998,0.0],[-75.723037868287065,45.408784180499289,0.0],[-75.722939698439092,45.408837569396574,0.0],[-75.72293166390719,45.408842093092971,0.0],[-75.722923646443277,45.408846631924767,0.0],[-75.722915643352408,45.408851183999957,0.0],[-75.722907656431218,45.408855749949225,0.0],[-75.722899683883071,45.408860327880589,0.0],[-75.722891725707953,45.408864919055354,0.0],[-75.722883781007596,45.408869520950887,0.0],[-75.722875848883646,45.408874134197852,0.0],[-75.722867930234415,45.408878758796234,0.0],[-75.722860024161591,45.408883393484722,0.0],[-75.722852128868553,45.408888037632686,0.0],[-75.722844244355301,45.408892691240062,0.0],[-75.722836370621849,45.408897353676295,0.0],[-75.722828506769844,45.408902024310613,0.0],[-75.722820652799328,45.408906703143103,0.0],[-75.722812807811934,45.408911389543015,0.0],[-75.722804971807719,45.408916082249156,0.0],[-75.722797142091707,45.408920781892085,0.0],[-75.722789320460521,45.408925487210475,0.0],[-75.722781505117538,45.408930198835087,0.0],[-75.722773696062802,45.408934914873875,0.0],[-75.722765893296241,45.408939635326824,0.0],[-75.722758094122938,45.408944359563336,0.0],[-75.722750300339513,45.408949088844722,0.0],[-75.722742511047713,45.408953820017622,0.0],[-75.722734723552492,45.408958554974056,0.0],[-75.722726941447206,45.408963291191441,0.0],[-75.722719160240203,45.408968029931039,0.0],[-75.722711379931525,45.408972770562194,0.0],[-75.722703601419482,45.408977511192937,0.0],[-75.722695823805751,45.408982253084623,0.0],[-75.721414389629359,45.409763411710031,0.0],[-75.721402808548731,45.409770470528215,0.0],[-75.721391229264711,45.409777531237431,0.0],[-75.72137965177734,45.409784592576472,0.0],[-75.721368076086577,45.409791655806501,0.0],[-75.721356503989099,45.409798722819538,0.0],[-75.721344937281501,45.40980579235427,0.0],[-75.721333375065456,45.409812866933265,0.0],[-75.721321818239332,45.409819945295268,0.0],[-75.721310268599737,45.409827029332185,0.0],[-75.721298727044967,45.409834120305291,0.0],[-75.721287192676712,45.409841217583974,0.0],[-75.721275669986568,45.409848323060181,0.0],[-75.72126415627956,45.409855436103172,0.0],[-75.721252653352352,45.409862557974314,0.0],[-75.721241163899876,45.40986969056555,0.0],[-75.721229686125497,45.409876832615524,0.0],[-75.721218222724147,45.409883986016155,0.0],[-75.721206773695855,45.409891151398192,0.0],[-75.721195339938916,45.409898328130865,0.0],[-75.721183923249981,45.409905518736849,0.0],[-75.721172524527319,45.409912723216038,0.0],[-75.721161143770985,45.409919941568539,0.0],[-75.721149782777616,45.409927175055529,0.0],[-75.721138440648815,45.409934424307686,0.0],[-75.721127120079615,45.409941689955694,0.0],[-75.721115821968283,45.409948971999455,0.0],[-75.721104545416509,45.40995627170031,0.0],[-75.721093294017592,45.409963590319563,0.0],[-75.72108206687318,45.409970927857124,0.0],[-75.721070865779893,45.409978284313077,0.0],[-75.721059691636071,45.40998566157927,0.0],[-75.720940557763385,45.410066802509085,0.0],[-75.720824773468038,45.410150298841423,0.0],[-75.720712433211233,45.410236082446524,0.0],[-75.720603628644426,45.410324083328589,0.0],[-75.720593750769552,45.410332328309515,0.0],[-75.720583904335726,45.410340589685902,0.0],[-75.720574086647986,45.41034886934959,0.0],[-75.720564295909696,45.410357164778034,0.0],[-75.720554533019197,45.410365476601925,0.0],[-75.720544797976444,45.41037380292925,0.0],[-75.720535085391603,45.410382144390702,0.0],[-75.720525397959591,45.410390499724983,0.0],[-75.720515734782069,45.410398868301414,0.0],[-75.720506094062443,45.410407249489374,0.0],[-75.72049647310574,45.410415643288879,0.0],[-75.720486872810326,45.410424048438628,0.0],[-75.720477291379495,45.410432464307981,0.0],[-75.720467729711601,45.410440890896922,0.0],[-75.72045818511171,45.410449326944189,0.0],[-75.720448655783173,45.410457771819139,0.0],[-75.720439142624315,45.410466225521724,0.0],[-75.720429643838514,45.410474686790735,0.0],[-75.720420157629107,45.410483156256717,0.0],[-75.720410683996121,45.410491632658506,0.0],[-75.720401222041232,45.410500114734731,0.0],[-75.720391769967819,45.410508602485415,0.0],[-75.720382326877541,45.410517095279907,0.0],[-75.720372892770428,45.410525593118273,0.0],[-75.720363464951532,45.410534094739134,0.0],[-75.720354045217462,45.410542599511928,0.0],[-75.720344628178339,45.410551106805983,0.0],[-75.720335217427404,45.410559617251941,0.0],[-75.720325808473135,45.410568128327213,0.0],[-75.720316402213783,45.410576641923797,0.0],[-75.720306995056134,45.410585154888459,0.0],[-75.719420699230511,45.411387373232955,0.0],[-75.719408044663098,45.411398826691794,0.0],[-75.719395384705805,45.411410278256405,0.0],[-75.719382716663674,45.411421724143089,0.0],[-75.71937003604512,45.411433163721121,0.0],[-75.719357339256902,45.411444594468101,0.0],[-75.719344620909098,45.411456013230833,0.0],[-75.719331876510168,45.41146741685624,0.0],[-75.719319103365137,45.411478805344288,0.0],[-75.719306296084142,45.411490174280623,0.0],[-75.71929345197222,45.41150152240396,0.0],[-75.71928056474114,45.411512847822515,0.0],[-75.719267631695999,45.411524146121828,0.0],[-75.719254650141806,45.411535416040763,0.0],[-75.719241612892105,45.41154665505676,0.0],[-75.719228519048514,45.41155786064737,0.0],[-75.719215362322871,45.411569030920667,0.0],[-75.719202140020201,45.411580161462389,0.0],[-75.719188847648951,45.411591251641902,0.0],[-75.719175482514146,45.411602297044809,0.0],[-75.71916203832761,45.411613295779333,0.0],[-75.719148514191005,45.411624245322933,0.0],[-75.719134905612748,45.411635142522556,0.0],[-75.719121207203003,45.41164598485571,0.0],[-75.719107418961698,45.411656769799926,0.0],[-75.719093534600674,45.4116674929409,0.0],[-75.719079551424954,45.411678152386727,0.0],[-75.719065465841311,45.411688745615045,0.0],[-75.719051275154754,45.411699268842078,0.0],[-75.719036976670367,45.411709718284108,0.0],[-75.719022564998269,45.411720092049315,0.0],[-75.719008040138448,45.411730386354073,0.0]]]}},
{"type":"Feature","properties":{"OBJECTID":144,"STATUS":"Active","LEGAL_NAME":null,"COMMON_NAM":"O-Train Confederation Line","RAIL_TYPE":"LRT","MISC":null,"COMMONNAME":"Ligne de la Confédération de l'O-Train","LABEL_BIL":null,"GIS_UNIQUE":null,"GLOBALID":"{8932C4A2-BE53-493E-BB6F-798A8806D4D4}","CREATED_DA":"2022-07-04T10:57:17Z","LAST_EDITE":"2022-07-04T11:17:02Z","Shape_Leng":745.22692822151043},"geometry":{"type":"MultiLineString","coordinates":[[[-75.61300341942102,45.428500951483926,0.0],[-75.612998078038316,45.428503677491605,0.0],[-75.612992737553952,45.428506400977355,0.0],[-75.612987394374656,45.428509125093441,0.0],[-75.612982052093642,45.428511848578978,0.0],[-75.612976708914346,45.428514571433951,0.0],[-75.61297136483671,45.428517293658288,0.0],[-75.612966021657414,45.428520014621704,0.0],[-75.612960676681467,45.428522735584927,0.0],[-75.6129553299089,45.42852545654808,0.0],[-75.612949984932968,45.428528176880597,0.0],[-75.612944639058711,45.428530895952143,0.0],[-75.612939291387818,45.428533615023596,0.0],[-75.612933944615236,45.428536334725287,0.0],[-75.612928596944357,45.428539052535584,0.0],[-75.612923249273479,45.42854177097616,0.0],[-75.612917900704275,45.428544489416652,0.0],[-75.612912553033397,45.428547206596079,0.0],[-75.612907203565868,45.428549923144956,0.0],[-75.61290185409834,45.428552640954607,0.0],[-75.61289650552915,45.428555357503235,0.0],[-75.612891156061622,45.428558074051722,0.0],[-75.612885805695797,45.428560790600095,0.0],[-75.612880456228282,45.428563505887432,0.0],[-75.612875105862457,45.428566222435542,0.0],[-75.612869755496632,45.428568938353102,0.0],[-75.612864404232468,45.428571653640056,0.0],[-75.612859054764954,45.428574369557325,0.0],[-75.612853703500804,45.428577084213615,0.0],[-75.612848352236668,45.428579799500163,0.0],[-75.612843001870843,45.428582515417091,0.0],[-75.612837650606664,45.428585230703376,0.0],[-75.609645569889565,45.430204984461433,0.0],[-75.609638545962355,45.430208547581238,0.0],[-75.60963152383178,45.430212112592116,0.0],[-75.60962450080288,45.430215676972296,0.0],[-75.60961747867232,45.430219241982662,0.0],[-75.609610458338381,45.430222808253674,0.0],[-75.609603439801063,45.43022637578526,0.0],[-75.60959642216207,45.430229945838285,0.0],[-75.609589406319699,45.430233516521568,0.0],[-75.60958239227395,45.430237089726234,0.0],[-75.609575382719783,45.430240666082781,0.0],[-75.60956837406394,45.430244244330325,0.0],[-75.609561369001355,45.430247826360151,0.0],[-75.609554368430338,45.430251410281052,0.0],[-75.609547369655971,45.430254998614615,0.0],[-75.609540376271482,45.430258591360854,0.0],[-75.60953338468363,45.430262186628525,0.0],[-75.609526400282292,45.430265786939295,0.0],[-75.609519419474225,45.430269392293205,0.0],[-75.609512443157726,45.430273001429356,0.0],[-75.609505474027742,45.430276616869456,0.0],[-75.609498507592718,45.430280236722268,0.0],[-75.609491549242534,45.430283862878994,0.0],[-75.609484596282243,45.430287494078797,0.0],[-75.609477650508452,45.430291132212972,0.0],[-75.60947071102288,45.430294776651095,0.0],[-75.609463779622146,45.430298427393112,0.0],[-75.609456853611306,45.430302085069499,0.0],[-75.60944993658363,45.43030575031063,0.0],[-75.609443027640779,45.430309422486083,0.0],[-75.609436125884443,45.430313102226322,0.0],[-75.609429233111257,45.430316791422591,0.0],[-75.609317876432058,45.430378213329575,0.0],[-75.609208985373883,45.430441775006507,0.0],[-75.609102643403219,45.43050742772536,0.0],[-75.609096218652283,45.430511513439356,0.0],[-75.609089803782851,45.430515605457252,0.0],[-75.609083397896569,45.430519705670179,0.0],[-75.609077000095098,45.430523813447778,0.0],[-75.609070612175131,45.430527926268411,0.0],[-75.60906423144165,45.430532046023288,0.0],[-75.609057859691333,45.430536172082007,0.0],[-75.609051495127559,45.430540303814155,0.0],[-75.609045138648611,45.430544441219716,0.0],[-75.609038787559555,45.430548584298712,0.0],[-75.609032444555325,45.430552732420701,0.0],[-75.609026108737638,45.430556885585681,0.0],[-75.609019776513193,45.430561043163287,0.0],[-75.609013451475278,45.430565205153457,0.0],[-75.609007132725566,45.430569370295387,0.0],[-75.609000818467436,45.430573540480317,0.0],[-75.608994508700889,45.430577714447438,0.0],[-75.608988203425895,45.430581890935841,0.0],[-75.608981903540808,45.430586071206484,0.0],[-75.608975606350654,45.430590253998417,0.0],[-75.608969313652111,45.430594439942169,0.0],[-75.608963023648485,45.430598627776781,0.0],[-75.60895673633982,45.430602818132783,0.0],[-75.608950451726088,45.43060701101011,0.0],[-75.608944169807316,45.430611205147983,0.0],[-75.608937889685151,45.430615399915915,0.0],[-75.608931611359637,45.430619595944385,0.0],[-75.608925333932433,45.430623793863774,0.0],[-75.608919058301865,45.430627991782835,0.0],[-75.608912781772958,45.430632190962392,0.0],[-75.608906506142375,45.430636389511264,0.0],[-75.607756978785687,45.431405565957789,0.0]]]}},
{"type":"Feature","properties":{"OBJECTID":145,"STATUS":"Active","LEGAL_NAME":null,"COMMON_NAM":"O-Train Confederation Line","RAIL_TYPE":"LRT","MISC":null,"COMMONNAME":"Ligne de la Confédération de l'O-Train","LABEL_BIL":null,"GIS_UNIQUE":null,"GLOBALID":"{6FBD1FC6-7747-4E4A-9F99-92B59F85C8C7}","CREATED_DA":"2022-07-04T10:57:17Z","LAST_EDITE":"2022-07-04T11:17:02Z","Shape_Leng":1841.2205729426923},"geometry":{"type":"MultiLineString","coordinates":[[[-75.732278077482974,45.404980176272872,0.0],[-75.73226718361353,45.404984316182372,0.0],[-75.732256285252504,45.404988451676694,0.0],[-75.732245384196503,45.404992581494461,0.0],[-75.732234478648962,45.404996708158393,0.0],[-75.732223571304786,45.405000829776426,0.0],[-75.732212659469027,45.405004947610003,0.0],[-75.732201745836647,45.405009061659058,0.0],[-75.732190829509321,45.405013170662244,0.0],[-75.732179908690398,45.405017277142335,0.0],[-75.732168986074868,45.405021379837912,0.0],[-75.732158062561012,45.405025479379709,0.0],[-75.732147134555575,45.405029574506322,0.0],[-75.732136203855205,45.405033668371217,0.0],[-75.732125272256511,45.40503775845162,0.0],[-75.732114338861194,45.405041846008977,0.0],[-75.732103402770917,45.40504593104319,0.0],[-75.732092464884033,45.405050012923674,0.0],[-75.732081526098796,45.405054092911719,0.0],[-75.732070584618654,45.405058171638117,0.0],[-75.732059641341849,45.405062247841371,0.0],[-75.732048698963368,45.405066322152301,0.0],[-75.73203775299163,45.405070394570821,0.0],[-75.732026807918217,45.405074465727623,0.0],[-75.732015860149843,45.40507853625347,0.0],[-75.732004912381484,45.405082605517592,0.0],[-75.73199396461311,45.405086674150731,0.0],[-75.731983015048115,45.405090740891488,0.0],[-75.731972064584809,45.405094807001248,0.0],[-75.731961115918125,45.405098873741466,0.0],[-75.731950165454819,45.405102939850643,0.0],[-75.731939214991499,45.405107005328816,0.0],[-75.731592874923592,45.405235591850875,0.0],[-75.731581937935005,45.405239652273949,0.0],[-75.731571001844742,45.405243712696716,0.0],[-75.73156006665279,45.405247773119243,0.0],[-75.731549131460838,45.405251834172134,0.0],[-75.731538196268872,45.405255895855397,0.0],[-75.731527262873541,45.405259958799832,0.0],[-75.731516330376536,45.405264021743925,0.0],[-75.731505397879545,45.405268086579838,0.0],[-75.73149446628085,45.405272152676837,0.0],[-75.73148353468217,45.405276220034949,0.0],[-75.731472605778407,45.405280288654133,0.0],[-75.731461678671295,45.405284359795864,0.0],[-75.731450750665871,45.405288432829309,0.0],[-75.731439827152016,45.405292507123924,0.0],[-75.731428903638161,45.405296584571687,0.0],[-75.731417981920927,45.405300663911234,0.0],[-75.731407062000329,45.405304745773307,0.0],[-75.731396144774692,45.40530883078852,0.0],[-75.731385229345676,45.40531291832626,0.0],[-75.731374316611607,45.405317008386433,0.0],[-75.731363405674159,45.405321102230559,0.0],[-75.731352498329983,45.405325199858517,0.0],[-75.731341593680753,45.405329300008958,0.0],[-75.731330690828145,45.405333404573945,0.0],[-75.731319790670483,45.405337512922841,0.0],[-75.731308893207782,45.405341624424906,0.0],[-75.731298001134945,45.405345740972223,0.0],[-75.731287109960448,45.405349861934091,0.0],[-75.731276223277519,45.405353986679842,0.0],[-75.731265340187846,45.4053581164709,0.0],[-75.731254461589771,45.405362251307146,0.0],[-75.730969422994676,45.405472867028244,0.0],[-75.730687105419264,45.405586870345971,0.0],[-75.730676435230293,45.405591266902839,0.0],[-75.730665769532948,45.4055956691356,0.0],[-75.730655107428817,45.405600075152186,0.0],[-75.73064444801966,45.40560448621396,0.0],[-75.730633793102072,45.405608901690215,0.0],[-75.730623139981134,45.405613319688939,0.0],[-75.730612493148385,45.4056177433635,0.0],[-75.730601846315636,45.405622169560523,0.0],[-75.730591204872795,45.40562660017202,0.0],[-75.730580565226546,45.405631033936587,0.0],[-75.730569927376962,45.405635470854335,0.0],[-75.730559294018946,45.405639910925188,0.0],[-75.730548662457551,45.405644354149111,0.0],[-75.730538032692792,45.405648799264796,0.0],[-75.730527406521304,45.405653248164256,0.0],[-75.730516781248127,45.405657698955459,0.0],[-75.730506157771572,45.405662152269031,0.0],[-75.730495536091652,45.405666607474366,0.0],[-75.730484917106679,45.405671065202156,0.0],[-75.730474299020017,45.405675525452303,0.0],[-75.73046368272999,45.4056799863328,0.0],[-75.73045306733826,45.405684448474304,0.0],[-75.730442453743194,45.405688913138263,0.0],[-75.730431840148114,45.405693377801875,0.0],[-75.73042122924798,45.405697844357192,0.0],[-75.730410617449536,45.405702311542811,0.0],[-75.730400006549388,45.405706779989508,0.0],[-75.730389396547565,45.405711247805129,0.0],[-75.730378786545742,45.405715717512486,0.0],[-75.730368178340555,45.405720187219494,0.0],[-75.730357568338732,45.405724656295448,0.0],[-75.723537891976662,45.408597437095928,0.0],[-75.723529120826242,45.408601131495303,0.0],[-75.723520351472445,45.408604827155678,0.0],[-75.723511582118633,45.408608522815861,0.0],[-75.723502813663146,45.408612220998386,0.0],[-75.723494046105969,45.408615919811389,0.0],[-75.72348528124374,45.408619623038732,0.0],[-75.723476519974781,45.408623328157802,0.0],[-75.72346776050243,45.40862703706059,0.0],[-75.723459006420001,45.408630749747061,0.0],[-75.723450255032503,45.408634468109256,0.0],[-75.723441508136574,45.408638190885803,0.0],[-75.723432765732241,45.408641919968645,0.0],[-75.723424030514423,45.408645654727223,0.0],[-75.723415299788158,45.408649396422774,0.0],[-75.723406574451815,45.408653145685953,0.0],[-75.723397858098608,45.408656902516817,0.0],[-75.723389147135293,45.408660667545945,0.0],[-75.723380444256833,45.408664442034699,0.0],[-75.723371749463183,45.408668224091144,0.0],[-75.723363064551009,45.408672017499129,0.0],[-75.723354386825378,45.408675820997424,0.0],[-75.723345719879518,45.408679634585965,0.0],[-75.723337061916794,45.408683460787437,0.0],[-75.723328415632196,45.408687298340446,0.0],[-75.723319780127369,45.408691147875707,0.0],[-75.723311156300639,45.40869500939322,0.0],[-75.72330254415202,45.40869888541561,0.0],[-75.723293943681497,45.408702775312186,0.0],[-75.72328535758399,45.408706679082933,0.0],[-75.723276785859554,45.408710597358585,0.0],[-75.723268225813214,45.408714530769672,0.0],[-75.723167387315158,45.408762606731038,0.0],[-75.723068732608368,45.408812866174578,0.0],[-75.722972357589555,45.408865260240169,0.0],[-75.722964374261622,45.408869754293526,0.0],[-75.722956405306746,45.408874262220969,0.0],[-75.722948453419846,45.40887878402247,0.0],[-75.722940516804314,45.4088833184367,0.0],[-75.722932595460136,45.408887866094375,0.0],[-75.722924687590691,45.408892425734095,0.0],[-75.722916793195964,45.408896997355924,0.0],[-75.722908912275969,45.408901579698515,0.0],[-75.722901043034099,45.408906173392545,0.0],[-75.722893187266934,45.408910777807371,0.0],[-75.722885341381243,45.408915391050968,0.0],[-75.722877508071974,45.408920013753985,0.0],[-75.722869684644152,45.408924645285843,0.0],[-75.722861871996145,45.408929286277136,0.0],[-75.722854067432934,45.408933933574602,0.0],[-75.722846272751212,45.408938589700817,0.0],[-75.72283848615433,45.408943252133213,0.0],[-75.722830707642302,45.408947920871782,0.0],[-75.722822936316774,45.408952595285861,0.0],[-75.72281517127945,45.40895727600612,0.0],[-75.722807411632033,45.408961961140555,0.0],[-75.72279965917113,45.408966651319879,0.0],[-75.722791912100121,45.408971345282701,0.0],[-75.722784168622368,45.408976043029035,0.0],[-75.722776428737873,45.408980744558924,0.0],[-75.722768692446664,45.408985448611084,0.0],[-75.722760958850373,45.408990153924144,0.0],[-75.722753227949042,45.40899486175941,0.0],[-75.722745499742643,45.408999571486241,0.0],[-75.722737770637934,45.409004281843337,0.0],[-75.722730043329875,45.409008992830714,0.0],[-75.721447036203429,45.409791110928772,0.0],[-75.721435506326742,45.409798139472514,0.0],[-75.721423978246719,45.409805168015374,0.0],[-75.721412451963303,45.409812198449295,0.0],[-75.721400927476523,45.409819230143633,0.0],[-75.721389406583015,45.409826266251613,0.0],[-75.721377890181074,45.409833304250625,0.0],[-75.721366380067323,45.409840346663302,0.0],[-75.721354874445154,45.409847395381561,0.0],[-75.721343375111218,45.409854447882786,0.0],[-75.721331884760403,45.409861507320244,0.0],[-75.721320402494456,45.409868573693885,0.0],[-75.72130893010997,45.409875647634365,0.0],[-75.721297467606931,45.409882729772377,0.0],[-75.721286016782003,45.409889820738499,0.0],[-75.721274577635171,45.409896921794051,0.0],[-75.721263151064761,45.409904032939018,0.0],[-75.721251738867394,45.409911154804021,0.0],[-75.721240341043071,45.409918288650388,0.0],[-75.721228959388426,45.409925435108747,0.0],[-75.721217593005136,45.409932594809675,0.0],[-75.721206245486471,45.409939767122601,0.0],[-75.721194915934106,45.409946954570081,0.0],[-75.721183605246352,45.409954157152072,0.0],[-75.721172314321549,45.409961375499265,0.0],[-75.721161045854629,45.409968608980961,0.0],[-75.721149798048955,45.409975860750365,0.0],[-75.72113857270115,45.409983129546212,0.0],[-75.721127373404514,45.409990417260474,0.0],[-75.72111619656576,45.409997722631765,0.0],[-75.721105047574767,45.410005047552048,0.0],[-75.721093923736603,45.410012393913235,0.0],[-75.720976229943872,45.410092575819064,0.0],[-75.720861835461704,45.410175077359,0.0],[-75.720750833025392,45.410259831642136,0.0],[-75.72064331262041,45.410346769951381,0.0],[-75.720633477864681,45.410354977090648,0.0],[-75.720623671855037,45.41036320125604,0.0],[-75.720613896388116,45.410371443078056,0.0],[-75.720604146972349,45.410379700664862,0.0],[-75.720594426302654,45.410387974647072,0.0],[-75.720584731684099,45.410396264394073,0.0],[-75.720575061320076,45.41040456801386,0.0],[-75.720565416108869,45.410412885506524,0.0],[-75.720555794253855,45.410421216241353,0.0],[-75.720546193958413,45.410429560848961,0.0],[-75.720536614324232,45.410437916176221,0.0],[-75.720527057147905,45.410446283484383,0.0],[-75.720517517039596,45.410454662142755,0.0],[-75.720507995795899,45.410463050890115,0.0],[-75.720498493416827,45.410471449726423,0.0],[-75.720489005410798,45.410479856759771,0.0],[-75.720479533574448,45.410488273251445,0.0],[-75.720470076111113,45.410496697309519,0.0],[-75.720460631224242,45.410505128933963,0.0],[-75.720451199812061,45.410513567494185,0.0],[-75.720441779179694,45.410522012359529,0.0],[-75.72043236842876,45.41053046289931,0.0],[-75.720422967559315,45.410538917221672,0.0],[-75.72041357477471,45.410547377849127,0.0],[-75.720404188278295,45.410555841628529,0.0],[-75.720394808070097,45.410564309190441,0.0],[-75.720385435048428,45.410572779273679,0.0],[-75.720376064721705,45.410581251247535,0.0],[-75.720366697089915,45.410589725112025,0.0],[-75.720357332153071,45.410598200867135,0.0],[-75.720347967216256,45.410606676621015,0.0],[-75.719462979337692,45.411407710972085,0.0],[-75.719450199006133,45.411419278570364,0.0],[-75.719437413284695,45.411430843643707,0.0],[-75.719424620376728,45.411442404300324,0.0],[-75.719411813994043,45.411453956756418,0.0],[-75.719398990543354,45.411465501642645,0.0],[-75.719386146431432,45.411477033913954,0.0],[-75.719373275370032,45.41148855230913,0.0],[-75.71936037735918,45.411500054305662,0.0],[-75.719347444314039,45.411511538011709,0.0],[-75.719334473539661,45.411523000274101,0.0],[-75.719321462341071,45.411534438570399,0.0],[-75.719308402633473,45.411545851008746,0.0],[-75.719295294416852,45.411557234435932,0.0],[-75.719282132301302,45.411568588221478,0.0],[-75.719268911795268,45.411579907950959,0.0],[-75.719255629305479,45.411591191732469,0.0],[-75.719242280340353,45.411602436413006,0.0],[-75.719228862204957,45.411613640100676,0.0],[-75.719215370407696,45.411624799642318,0.0],[-75.719201801355354,45.411635912515543,0.0],[-75.719188150556278,45.411646976197844,0.0],[-75.719174416213917,45.41165798690556,0.0],[-75.719160592938309,45.411668944007971,0.0],[-75.719146677136237,45.411679842460188,0.0],[-75.719132667011067,45.411690680370427,0.0],[-75.719118557172905,45.41170145458549,0.0],[-75.719104345825116,45.411712161952359,0.0],[-75.719090028476117,45.411722798687329,0.0],[-75.719075603329287,45.411733362898552,0.0],[-75.719061064994719,45.411743851432945,0.0],[-75.719046413472427,45.411754259876204,0.0]]]}},
{"type":"Feature","properties":{"OBJECTID":146,"STATUS":"Active","LEGAL_NAME":null,"COMMON_NAM":"O-Train Confederation Line","RAIL_TYPE":"LRT","MISC":null,"COMMONNAME":"Ligne de la Confédération de l'O-Train","LABEL_BIL":null,"GIS_UNIQUE":null,"GLOBALID":"{8CA0309F-52F0-4032-AE65-B9F38C756936}","CREATED_DA":"2022-07-04T10:57:17Z","LAST_EDITE":"2022-07-04T11:17:02Z","Shape_Leng":349.96549944339745},"geometry":{"type":"MultiLineString","coordinates":[[[-75.652673846122838,45.417287093434254,0.0],[-75.65266745371126,45.41728981746116,0.0],[-75.652661054113196,45.41729253266012,0.0],[-75.652654646430264,45.417295239661634,0.0],[-75.652648233357468,45.41729793720458,0.0],[-75.652641812199803,45.41730062718068,0.0],[-75.65263538475395,45.417303309589869,0.0],[-75.652628949223242,45.417305984432211,0.0],[-75.652622509200981,45.417308651707685,0.0],[-75.652616062890516,45.41731131267742,0.0],[-75.652609612088455,45.417313966080293,0.0],[-75.6526031558965,45.417316613177476,0.0],[-75.652596694314667,45.417319255229991,0.0],[-75.652590228241252,45.417321890976758,0.0],[-75.652583756777929,45.417324521048357,0.0],[-75.652577281721378,45.417327146705915,0.0],[-75.65257080217323,45.417329766688297,0.0],[-75.652564319930136,45.417332382256646,0.0],[-75.652557833195473,45.417334994041497,0.0],[-75.652551344664175,45.417337601412257,0.0],[-75.652544851641295,45.417340204999576,0.0],[-75.652538356821793,45.417342806064525,0.0],[-75.65253185840902,45.417345403345962,0.0],[-75.652525359996261,45.417347998105051,0.0],[-75.65251885709192,45.417350590972354,0.0],[-75.652512354187579,45.417353181317296,0.0],[-75.652505848588291,45.417355769139832,0.0],[-75.652499343887314,45.417358355701147,0.0],[-75.65249283559308,45.417360942262341,0.0],[-75.65248632819717,45.417363526931759,0.0],[-75.652479820801247,45.417366110970484,0.0],[-75.652473311608702,45.417368694378524,0.0],[-75.652121785566663,45.41750824426812,0.0],[-75.652113168028137,45.417511665682966,0.0],[-75.652104552286261,45.417515086467084,0.0],[-75.65209593654437,45.417518509773167,0.0],[-75.652087323497426,45.417521935601329,0.0],[-75.652078712247103,45.417525362690384,0.0],[-75.652070104590052,45.417528794823681,0.0],[-75.652061499627948,45.41753223074015,0.0],[-75.652052899157425,45.417535671700918,0.0],[-75.652044303178471,45.417539118336457,0.0],[-75.652035712589409,45.417542571907923,0.0],[-75.652027128288537,45.417546031784816,0.0],[-75.652018550275898,45.417549500489287,0.0],[-75.652009977653137,45.417552977390805,0.0],[-75.652001414911851,45.417556463750522,0.0],[-75.651992859357094,45.417559960198929,0.0],[-75.651984312785487,45.41756346736662,0.0],[-75.651975776095341,45.417566985253636,0.0],[-75.651967249286656,45.417570516382142,0.0],[-75.651958732359446,45.41757405949101,0.0],[-75.651950227110333,45.417577616471952,0.0],[-75.651941734437642,45.41758118795552,0.0],[-75.651933255239683,45.417584773941726,0.0],[-75.651924787719793,45.417588376322207,0.0],[-75.651916334572974,45.417591993835892,0.0],[-75.651907896697537,45.417595629635514,0.0],[-75.651899474991737,45.417599281829411,0.0],[-75.651891068557305,45.417602952939816,0.0],[-75.651882678292552,45.417606642966767,0.0],[-75.651874305994099,45.417610353171312,0.0],[-75.651865951661961,45.417614082922903,0.0],[-75.651857617092745,45.417617833482652,0.0],[-75.65175174815883,45.417668215330586,0.0],[-75.651649418308182,45.417722079705612,0.0],[-75.651550859851156,45.417779304314472,0.0],[-75.65145629653621,45.417839759235221,0.0],[-75.651449144149908,45.417844572266176,0.0],[-75.651442017814759,45.41784940295225,0.0],[-75.651434914835818,45.417854250662913,0.0],[-75.651427835213056,45.41785911602873,0.0],[-75.651420776251555,45.417863996527473,0.0],[-75.651413739747923,45.417868892159106,0.0],[-75.651406723905566,45.417873802923594,0.0],[-75.651399728724456,45.417878728190509,0.0],[-75.651392751509619,45.417883666068057,0.0],[-75.651385793159449,45.417888617817347,0.0],[-75.65137885187724,45.417893580916235,0.0],[-75.651371928561346,45.417898555364694,0.0],[-75.651365020516806,45.417903541162651,0.0],[-75.651358127743634,45.417908538310215,0.0],[-75.65135124934352,45.417913544285057,0.0],[-75.651344383519799,45.417918559717798,0.0],[-75.65133753117081,45.417923582716739,0.0],[-75.651330690499918,45.417928615173572,0.0],[-75.651323862405434,45.417933655196592,0.0],[-75.651317042395803,45.417938700894162,0.0],[-75.651310233165958,45.417943753527361,0.0],[-75.651303432020924,45.417948811835089,0.0],[-75.651296637164123,45.417953875186839,0.0],[-75.651289851290457,45.417958942951998,0.0],[-75.651283070806699,45.417964015761136,0.0],[-75.651276295712833,45.417969090461511,0.0],[-75.651269524212225,45.41797416894471,0.0],[-75.651262756304874,45.417979249319103,0.0],[-75.651255991092469,45.417984330954184,0.0],[-75.651249227676686,45.417989414480481,0.0],[-75.651242465159243,45.417994498006287,0.0],[-75.650654648061476,45.418436399173736,0.0],[-75.650643172982043,45.418445024452453,0.0],[-75.650631694309354,45.418453647207649,0.0],[-75.650620205755175,45.418462263025525,0.0],[-75.650608703726292,45.418470870014396,0.0],[-75.65059718373108,45.418479464390956,0.0],[-75.650585640379688,45.418488045524711,0.0],[-75.650574070078818,45.418496607110157,0.0],[-75.65056246923524,45.418505147886236,0.0],[-75.650550831560736,45.41851366343905,0.0],[-75.650539153462034,45.418522152507578,0.0],[-75.650527430447582,45.418530610047476,0.0],[-75.650515658924107,45.418539034797568,0.0],[-75.650503832603377,45.418547422344133,0.0],[-75.650491951485435,45.418555769534407,0.0],[-75.650480007485413,45.418564072585085,0.0],[-75.650467997908379,45.41857232834348,0.0],[-75.650455919161075,45.418580534287429,0.0],[-75.650443766751906,45.41858868600314,0.0],[-75.650431537985952,45.418596780968414,0.0],[-75.650419226574982,45.418604814138945,0.0],[-75.650406831620685,45.418612782992483,0.0],[-75.650394349529819,45.418620683115336,0.0],[-75.650381774912461,45.418628511354711,0.0],[-75.650369105972004,45.418636263927418,0.0],[-75.650356340013516,45.418643935789042,0.0],[-75.650343473443698,45.41865152441752,0.0],[-75.650330502669306,45.418659024768438,0.0],[-75.650317424995407,45.418666433058625,0.0],[-75.650304240421988,45.418673745504769,0.0],[-75.650290942660845,45.418680957062598,0.0],[-75.6502775335086,45.418688063948814,0.0]]]}},
{"type":"Feature","properties":{"OBJECTID":147,"STATUS":"Active","LEGAL_NAME":null,"COMMON_NAM":"O-Train Confederation Line","RAIL_TYPE":"LRT","MISC":null,"COMMONNAME":"Ligne de la Confédération de l'O-Train","LABEL_BIL":null,"GIS_UNIQUE":null,"GLOBALID":"{CCA7B82B-ECCB-447B-A307-9505CEA3E2F8}","CREATED_DA":"2022-07-04T10:57:17Z","LAST_EDITE":"2022-07-04T11:17:02Z","Shape_Leng":434.73783974509757},"geometry":{"type":"MultiLineString","coordinates":[[[-75.736219662167514,45.403330024789788,0.0],[-75.733203280241852,45.404605597087652,0.0],[-75.733192666646772,45.404610084542163,0.0],[-75.733182054848314,45.404614571996362,0.0],[-75.733171441253248,45.404619059450162,0.0],[-75.733160827658168,45.404623545642217,0.0],[-75.733150214063087,45.404628032464636,0.0],[-75.733139598671372,45.404632518025259,0.0],[-75.733128983279656,45.404637001693445,0.0],[-75.733118366989629,45.404641485361267,0.0],[-75.733107748004656,45.404645967767308,0.0],[-75.733097129918008,45.404650448280911,0.0],[-75.733086510034695,45.404654926902005,0.0],[-75.73307588835479,45.404659404261416,0.0],[-75.733065264878221,45.404663880358996,0.0],[-75.733054640503369,45.404668353933459,0.0],[-75.733044012535245,45.404672824984715,0.0],[-75.733033383668811,45.404677294143525,0.0],[-75.733022753904052,45.404681760779184,0.0],[-75.733012120546022,45.404686224891677,0.0],[-75.73300148539137,45.404690685850298,0.0],[-75.73299084664346,45.404695143655054,0.0],[-75.732980206098944,45.404699599567351,0.0],[-75.732969562859438,45.404704050433708,0.0],[-75.732958916026703,45.404708498776856,0.0],[-75.732948267397319,45.404712943966167,0.0],[-75.732937615174677,45.404717384109489,0.0],[-75.732926960257089,45.404721821729694,0.0],[-75.732916299949608,45.404726254934616,0.0],[-75.732905636947194,45.404730683724253,0.0],[-75.732894972148145,45.404735107467971,0.0],[-75.732884301959203,45.404739528057789,0.0],[-75.732873628177003,45.404743942970988,0.0]]]}},
{"type":"Feature","properties":{"OBJECTID":148,"STATUS":"Active","LEGAL_NAME":null,"COMMON_NAM":"O-Train Confederation Line","RAIL_TYPE":"LRT","MISC":null,"COMMONNAME":"Ligne de la Confédération de l'O-Train","LABEL_BIL":null,"GIS_UNIQUE":null,"GLOBALID":"{7B29B1FE-1E9D-4852-9056-01EE607F3334}","CREATED_DA":"2022-07-04T10:57:17Z","LAST_EDITE":"2022-07-04T11:17:02Z","Shape_Leng":65.615952310153261},"geometry":{"type":"MultiLineString","coordinates":[[[-75.718547381365809,45.411987069228431,0.0],[-75.718646066452308,45.411941811539513,0.0],[-75.718741674633449,45.411893408285337,0.0],[-75.718834002619573,45.411841962376762,0.0],[-75.718922854095595,45.411787583193998,0.0],[-75.719008040138448,45.411730386354073,0.0]]]}},
{"type":"Feature","properties":{"OBJECTID":149,"STATUS":"Active","LEGAL_NAME":null,"COMMON_NAM":"O-Train Confederation Line","RAIL_TYPE":"LRT","MISC":null,"COMMONNAME":"Ligne de la Confédération de l'O-Train","LABEL_BIL":null,"GIS_UNIQUE":null,"GLOBALID":"{2A7EB947-053B-4B71-9269-4AF612CA0BA2}","CREATED_DA":"2022-07-04T10:57:17Z","LAST_EDITE":"2022-07-04T11:17:02Z","Shape_Leng":419.1525687708874},"geometry":{"type":"MultiLineString","coordinates":[[[-75.693747523045161,45.425275523778495,0.0],[-75.693729395941034,45.425286048886981,0.0],[-75.693711136784586,45.425296461769456,0.0],[-75.693692750965653,45.425306762425933,0.0],[-75.693674244772481,45.425316955900236,0.0],[-75.693655622696653,45.425327044714393,0.0],[-75.693636891026344,45.425337032651186,0.0],[-75.69361805425315,45.425346920971727,0.0],[-75.693599118665261,45.425356716611176,0.0],[-75.693580087855992,45.425366419569585,0.0],[-75.693560968113474,45.425376035521289,0.0],[-75.693541763031021,45.425385566988176,0.0],[-75.693522477998499,45.425395018383604,0.0],[-75.693503118405815,45.425404393490467,0.0],[-75.6934836869479,45.425413694830631,0.0],[-75.693464189912973,45.425422927447954,0.0],[-75.693444631792602,45.425432094494795,0.0],[-75.693425014383422,45.425441201014934,0.0],[-75.693405343973652,45.425450250160786,0.0],[-75.693385624156534,45.425459245084696,0.0],[-75.69336585942365,45.425468190200057,0.0],[-75.693346052469948,45.425477090550551,0.0],[-75.693326209583645,45.425485949919135,0.0],[-75.693306331663038,45.425494770827619,0.0],[-75.693286424098019,45.425503558950275,0.0],[-75.693266492278511,45.425512318700413,0.0],[-75.69324653710278,45.425521051969476,0.0],[-75.693226563062439,45.42552976569263,0.0],[-75.693206575547364,45.425538461761263,0.0],[-75.693186575455883,45.425547146480149,0.0],[-75.693166569974494,45.425555821740595,0.0],[-75.693146560001551,45.425564493847396,0.0],[-75.690802488912652,45.426580159510806,0.0],[-75.690794766096161,45.426583505981895,0.0],[-75.690787040584695,45.426586851191892,0.0],[-75.690779314174947,45.426590195140761,0.0],[-75.690771586866887,45.42659353656753,0.0],[-75.690763855965542,45.426596874841884,0.0],[-75.69075612057263,45.426600208072372,0.0],[-75.69074838248477,45.426603537519902,0.0],[-75.690740637210382,45.426606860662687,0.0],[-75.690732888342751,45.426610176870227,0.0],[-75.690725131390266,45.426613485512036,0.0],[-75.690717368149578,45.426616785957769,0.0],[-75.69070959682405,45.426620077576878,0.0],[-75.690701817413697,45.426623359108447,0.0],[-75.690694027223543,45.426626629922062,0.0],[-75.690686228948579,45.426629887495935,0.0],[-75.690678418995489,45.426633133721324,0.0],[-75.690670598262628,45.426636366706951,0.0],[-75.69066276585167,45.426639585822322,0.0],[-75.69065492086429,45.426642788545571,0.0],[-75.690647062402178,45.426645976137742,0.0],[-75.690639190465347,45.426649146076869,0.0],[-75.690631304155474,45.42665229899351,0.0],[-75.690623402574218,45.426655432996263,0.0],[-75.690615484823326,45.426658547454622,0.0],[-75.690607551801037,45.426661640477342,0.0],[-75.690599601710787,45.42666471395566,0.0],[-75.690591634552518,45.426667763476466,0.0],[-75.690583649427964,45.426670790931112,0.0],[-75.690575646337109,45.426673793797775,0.0],[-75.690567624381629,45.426676772076469,0.0],[-75.690559583561509,45.4266797238758,0.0]]]}},
{"type":"Feature","properties":{"OBJECTID":150,"STATUS":"Active","LEGAL_NAME":null,"COMMON_NAM":"O-Train Confederation Line","RAIL_TYPE":"LRT","MISC":null,"COMMONNAME":"Ligne de la Confédération de l'O-Train","LABEL_BIL":null,"GIS_UNIQUE":null,"GLOBALID":"{69EF3BB6-CA4F-4638-A3B7-9728CB438067}","CREATED_DA":"2022-07-04T10:57:17Z","LAST_EDITE":"2022-07-04T11:17:02Z","Shape_Leng":76.149564113846466},"geometry":{"type":"MultiLineString","coordinates":[[[-75.732278077482974,45.404980176272872,0.0],[-75.732577352116053,45.404863922908788,0.0],[-75.732873628177003,45.404743942970988,0.0]]]}},
{"type":"Feature","properties":{"OBJECTID":151,"STATUS":"Active","LEGAL_NAME":null,"COMMON_NAM":"O-Train Confederation Line","RAIL_TYPE":"LRT","MISC":null,"COMMONNAME":"Ligne de la Confédération de l'O-Train","LABEL_BIL":null,"GIS_UNIQUE":null,"GLOBALID":"{0FC52B70-7505-42AD-9DAF-E474C8BE9E17}","CREATED_DA":"2022-07-04T10:57:17Z","LAST_EDITE":"2022-07-04T11:17:02Z","Shape_Leng":983.39298878103432},"geometry":{"type":"MultiLineString","coordinates":[[[-75.687958358044426,45.426148481360762,0.0],[-75.687951756325404,45.426139975785887,0.0],[-75.687945237251384,45.426131439317032,0.0],[-75.687938797229108,45.426122872584671,0.0],[-75.687932435360267,45.426114277480195,0.0],[-75.687926147153277,45.426105655264443,0.0],[-75.687919932608153,45.426097006567936,0.0],[-75.687913786334974,45.426088333281996,0.0],[-75.687907706537132,45.426079636667588,0.0],[-75.687901692316288,45.426070918616091,0.0],[-75.687895740079227,45.426062179127442,0.0],[-75.687889845334325,45.426053419462626,0.0],[-75.687884008979935,45.426044641512981,0.0],[-75.687878224727825,45.42603584527852,0.0],[-75.687872491679684,45.426027033911573,0.0],[-75.687866806242241,45.426018206151134,0.0],[-75.687861167517212,45.426009363888632,0.0],[-75.687855570114678,45.426000507754559,0.0],[-75.687850013136327,45.425991640270695,0.0],[-75.687844493887212,45.425982761437112,0.0],[-75.687839008774091,45.425973871253767,0.0],[-75.687833554203692,45.425964971612018,0.0],[-75.68782812837938,45.425956063142358,0.0],[-75.687822728606193,45.425947147736196,0.0],[-75.687817351290903,45.425938224763058,0.0],[-75.687811994636874,45.42592929548384,0.0],[-75.687806655949132,45.425920361789935,0.0],[-75.687801329837811,45.425911424311835,0.0],[-75.687796017201222,45.425902482419048,0.0],[-75.687790711751163,45.425893538002981,0.0],[-75.687785412589292,45.425884592955065,0.0],[-75.687780116122369,45.425875646644776,0.0],[-75.686087104425539,45.423015409560399,0.0],[-75.68607758767341,45.422999334385324,0.0],[-75.686068064633076,45.422983261727616,0.0],[-75.686058528118039,45.422967193478897,0.0],[-75.686048969145077,45.422951130900039,0.0],[-75.686039382324381,45.422935076513113,0.0],[-75.686029759571042,45.422919032840078,0.0],[-75.686020093698588,45.422903002403004,0.0],[-75.686010380215436,45.422886987093335,0.0],[-75.686000608341772,45.422870988802615,0.0],[-75.685990771789406,45.422855009422335,0.0],[-75.685980866066771,45.422839051474568,0.0],[-75.685970882190716,45.422823118111737,0.0],[-75.685960812974685,45.42280721122544,0.0],[-75.685950653028812,45.422791332707185,0.0],[-75.685940393369947,45.422775486339965,0.0],[-75.685930030404833,45.42275967401536,0.0],[-75.685919553353685,45.422743897624862,0.0],[-75.685908959521527,45.422728160951543,0.0],[-75.68589823902694,45.422712466517375,0.0],[-75.685887387378301,45.422696817474971,0.0],[-75.685876396490798,45.422681216346348,0.0],[-75.685865260974552,45.422665665653575,0.0],[-75.685853973643006,45.422650169810176,0.0],[-75.685842529106282,45.422634731338185,0.0],[-75.68583092017785,45.422619352759725,0.0],[-75.68581914146786,45.422604039749302,0.0],[-75.685807186688066,45.422588793568011,0.0],[-75.685795050448576,45.422573619259914,0.0],[-75.685782725562859,45.422558521238571,0.0],[-75.685770206641067,45.42254350139558,0.0],[-75.685757489191587,45.422528564775071,0.0],[-75.685695934268594,45.422460532947447,0.0],[-75.685630099888158,45.422394504308421,0.0],[-75.685560118176483,45.422330611381305,0.0],[-75.685486129583197,45.422268982403359,0.0],[-75.685408282599624,45.422209741068343,0.0],[-75.685390998115238,45.422197284773965,0.0],[-75.685373547442524,45.422184943859655,0.0],[-75.685355939564644,45.422172714542455,0.0],[-75.68533818076979,45.422160594300344,0.0],[-75.68532027824449,45.422148579980941,0.0],[-75.685302236480325,45.422136667170655,0.0],[-75.685284064460447,45.422124855239154,0.0],[-75.685265765778112,45.422113138511854,0.0],[-75.685247349416457,45.422101515097289,0.0],[-75.685228818968781,45.422089981843023,0.0],[-75.685210183418221,45.422078533074533,0.0],[-75.685191445459708,45.422067167530791,0.0],[-75.685172611381461,45.422055879537353,0.0],[-75.685153688370008,45.422044666572155,0.0],[-75.685134680916903,45.422033524852246,0.0],[-75.685115595310364,45.422022449964096,0.0],[-75.685096436940313,45.422011437494135,0.0],[-75.685077208501653,45.422000484920417,0.0],[-75.685057918079252,45.421989586568372,0.0],[-75.685038569266339,45.4219787392855,0.0],[-75.685019169249472,45.421967939919227,0.0],[-75.684999719825242,45.421957182795097,0.0],[-75.684980228180223,45.421946462868917,0.0],[-75.684960698805952,45.421935778879806,0.0],[-75.684941135295674,45.421925123892166,0.0],[-75.684921544835973,45.421914495383923,0.0],[-75.684901929223415,45.421903888310993,0.0],[-75.68488229564457,45.421893297629353,0.0],[-75.684862649489304,45.421882721447467,0.0],[-75.684842991655955,45.421872153460249,0.0],[-75.684823331127646,45.421861589254121,0.0],[-75.683991689702211,45.421414796240427,0.0],[-75.683823601090722,45.42132751372359,0.0],[-75.683651533636748,45.421244138078315,0.0],[-75.683304527917201,45.421081814867804,0.0]]]}},
{"type":"Feature","properties":{"OBJECTID":152,"STATUS":"Active","LEGAL_NAME":null,"COMMON_NAM":"O-Train Confederation Line","RAIL_TYPE":"LRT","MISC":null,"COMMONNAME":"Ligne de la Confédération de l'O-Train","LABEL_BIL":null,"GIS_UNIQUE":null,"GLOBALID":"{A56221A9-BF25-4644-95B3-5190D2EF6016}","CREATED_DA":"2022-07-04T10:57:17Z","LAST_EDITE":"2022-07-04T11:17:02Z","Shape_Leng":83.68837814595814},"geometry":{"type":"MultiLineString","coordinates":[[[-75.673292323477014,45.417437100105111,0.0],[-75.673513785154768,45.41751940835416,0.0],[-75.673737991834386,45.417597969563303,0.0],[-75.67396481487512,45.417672738673019,0.0]]]}},
{"type":"Feature","properties":{"OBJECTID":153,"STATUS":"Active","LEGAL_NAME":null,"COMMON_NAM":"O-Train Confederation Line","RAIL_TYPE":"LRT","MISC":null,"COMMONNAME":"Ligne de la Confédération de l'O-Train","LABEL_BIL":null,"GIS_UNIQUE":null,"GLOBALID":"{83EF9C4D-B16A-4000-8639-C5B7794A94D8}","CREATED_DA":"2022-07-04T10:57:17Z","LAST_EDITE":"2022-07-04T11:17:02Z","Shape_Leng":426.73384272648809},"geometry":{"type":"MultiLineString","coordinates":[[[-75.673267397922828,45.417468524691046,0.0],[-75.673253244067212,45.417463100615549,0.0],[-75.673239102788017,45.417457662036689,0.0],[-75.673224972288594,45.417452208954373,0.0],[-75.673210853467282,45.417446741999242,0.0],[-75.673196742730795,45.417441262432412,0.0],[-75.673182643672419,45.417435768992675,0.0],[-75.673168552698868,45.417430264202316,0.0],[-75.673154472505104,45.417424748061386,0.0],[-75.673140401294489,45.417419219939248,0.0],[-75.673126337270389,45.417413681097052,0.0],[-75.673112283127764,45.417408131534742,0.0],[-75.673098235273358,45.417402573144081,0.0],[-75.673084196402101,45.41739700529444,0.0],[-75.673070162920737,45.417391427985869,0.0],[-75.673056137524199,45.417385842479426,0.0],[-75.673042116619257,45.417380250036274,0.0],[-75.673028103799126,45.417374649395278,0.0],[-75.673014094572281,45.417369043078679,0.0],[-75.673000091633611,45.417363429194808,0.0],[-75.672986093186552,45.417357809635327,0.0],[-75.672972098332735,45.417352185030801,0.0],[-75.672958107970516,45.417346556011765,0.0],[-75.672944121201539,45.417340921947684,0.0],[-75.672930138025819,45.417335284099657,0.0],[-75.672916156646735,45.417329643098299,0.0],[-75.672902178860923,45.417323998943516,0.0],[-75.672888201075097,45.41731835226598,0.0],[-75.672874225984231,45.417312704326726,0.0],[-75.672860252689972,45.417307054495247,0.0],[-75.672846280294053,45.417301402771479,0.0],[-75.672832307898119,45.417295752308291,0.0],[-75.672522170834483,45.417170310114344,0.0],[-75.672263820178642,45.417066749070145,0.0],[-75.672004331599055,45.416964599244736,0.0],[-75.670241877435799,45.416277073201741,0.0],[-75.670231608793799,45.416273067170785,0.0],[-75.670221341948405,45.416269059247831,0.0],[-75.670211078696283,45.416265047541181,0.0],[-75.670200817240811,45.416261030789627,0.0],[-75.670190563870165,45.416257005840336,0.0],[-75.670180317686018,45.416252972693307,0.0],[-75.670170078688415,45.416248929456827,0.0],[-75.670159849572272,45.416244872347448,0.0],[-75.670149633032551,45.416240801995698,0.0],[-75.670139429069224,45.416236713987622,0.0],[-75.670129239478968,45.416232609584341,0.0],[-75.670119065160065,45.416228485632978,0.0],[-75.670108909705775,45.416224338980662,0.0],[-75.670098772217798,45.416220170257944,0.0],[-75.670088657187691,45.416215976311975,0.0],[-75.670078561920533,45.416211755251034,0.0],[-75.670068492704516,45.416207507075114,0.0],[-75.670058448641328,45.41620322800074,0.0],[-75.670048432425901,45.416198917397331,0.0],[-75.67003844405825,45.416194573373168,0.0],[-75.670028487131646,45.416190195297659,0.0],[-75.670018562544371,45.416185779387376,0.0],[-75.67000867209309,45.416181326272905,0.0],[-75.669998819371074,45.416176832801312,0.0],[-75.66998900437828,45.41617229708087,0.0],[-75.669979228911345,45.416167719742212,0.0],[-75.669969497461878,45.416163097632356,0.0],[-75.669959809131555,45.416158428859603,0.0],[-75.669950167513605,45.416153713423981,0.0],[-75.669940574404677,45.416148948803162,0.0],[-75.669931031601408,45.416144133105384,0.0]]]}},
{"type":"Feature","properties":{"OBJECTID":154,"STATUS":"Active","LEGAL_NAME":null,"COMMON_NAM":"O-Train Confederation Line","RAIL_TYPE":"LRT","MISC":null,"COMMONNAME":"Ligne de la Confédération de l'O-Train","LABEL_BIL":null,"GIS_UNIQUE":null,"GLOBALID":"{D59B1A5F-99BE-44E7-8C87-D296B55F3E56}","CREATED_DA":"2022-07-04T10:57:17Z","LAST_EDITE":"2022-07-04T11:17:02Z","Shape_Leng":809.14173309366527},"geometry":{"type":"MultiLineString","coordinates":[[[-75.659332833643504,45.415251741338849,0.0],[-75.659317012514734,45.41525500335252,0.0],[-75.659301139283656,45.415258138618576,0.0],[-75.659285219340177,45.415261150920443,0.0],[-75.659269254480947,45.415264044672341,0.0],[-75.659253247400912,45.415266822396525,0.0],[-75.659237203489923,45.415269489137742,0.0],[-75.659221124544672,45.415272049940697,0.0],[-75.659205012361724,45.41527450669706,0.0],[-75.659188871432718,45.415276865082248,0.0],[-75.659172702655908,45.415279128879661,0.0],[-75.659156507827973,45.415281301872859,0.0],[-75.659140291440465,45.415283388475942,0.0],[-75.659124054391697,45.415285393733619,0.0],[-75.659107796681695,45.415287320168197,0.0],[-75.659091523700326,45.41528917282433,0.0],[-75.659075233650952,45.415290956116216,0.0],[-75.659058931025172,45.415292674457852,0.0],[-75.659042614924672,45.415294332893922,0.0],[-75.659026286247737,45.41529593268568,0.0],[-75.659009948587681,45.41529748203061,0.0],[-75.658993601944459,45.415298982820588,0.0],[-75.658977246318088,45.415300440100218,0.0],[-75.658960885301809,45.415301857652992,0.0],[-75.658944516200705,45.415303240523642,0.0],[-75.65892814350633,45.415304593126187,0.0],[-75.658911767218697,45.415305919244197,0.0],[-75.658895385541186,45.415307223922333,0.0],[-75.658879002067039,45.415308511574665,0.0],[-75.658862616796242,45.415309784723583,0.0],[-75.658846229728837,45.415311050935969,0.0],[-75.658829842661433,45.415312311473123,0.0],[-75.656865378052018,45.415463350608377,0.0],[-75.656848809524917,45.415464625014934,0.0],[-75.656832240997829,45.415465901943747,0.0],[-75.656815673369039,45.415467183917272,0.0],[-75.656799106638573,45.415468473457686,0.0],[-75.656782541704715,45.415469774979151,0.0],[-75.656765979465817,45.415471089112209,0.0],[-75.656749419023555,45.415472419009809,0.0],[-75.656732862174565,45.415473767824842,0.0],[-75.656716308918831,45.415475138710207,0.0],[-75.656699760154666,45.415476532927094,0.0],[-75.656683214085447,45.415477953628368,0.0],[-75.656666675202757,45.415479403966991,0.0],[-75.65665013991331,45.415480885834654,0.0],[-75.656633612708717,45.415482403014842,0.0],[-75.656617091792327,45.415483956138168,0.0],[-75.656600578960763,45.415485550249315,0.0],[-75.656584075112377,45.415487186609397,0.0],[-75.656567579348803,45.415488868371312,0.0],[-75.656551093466717,45.415490598687953,0.0],[-75.656534619262729,45.41549237818996,0.0],[-75.656518155838512,45.415494211291382,0.0],[-75.656501705889028,45.415496099883889,0.0],[-75.656485268515965,45.415498046489901,0.0],[-75.656468847312567,45.415500054262239,0.0],[-75.656452440482212,45.415502125092708,0.0],[-75.656436051618172,45.41550426276477,0.0],[-75.656419681618743,45.415506468539547,0.0],[-75.656403331382265,45.415508745570001,0.0],[-75.656387000908708,45.415511096378395,0.0],[-75.656370693791359,45.4155135228565,0.0],[-75.656354410928529,45.415516029418306,0.0],[-75.656236548325296,45.415536737962732,0.0],[-75.656120370911211,45.415561701614934,0.0],[-75.656006190222428,45.415590853427886,0.0],[-75.655894312440921,45.415624115222947,0.0],[-75.65578503757321,45.415661397799589,0.0],[-75.655678658645925,45.415702601174615,0.0],[-75.655664295482865,45.415708556367072,0.0],[-75.655649990710273,45.415714581553225,0.0],[-75.655635743429869,45.41572067358014,0.0],[-75.655621550946691,45.415726828664354,0.0],[-75.655607414159064,45.415733045544627,0.0],[-75.655593328575407,45.415739322329209,0.0],[-75.655579294195718,45.415745655234673,0.0],[-75.655565311020013,45.415752042999749,0.0],[-75.655551373658383,45.41575848184101,0.0],[-75.655537483907452,45.415764969236115,0.0],[-75.655523638173975,45.415771505185027,0.0],[-75.655509835559641,45.415778084643087,0.0],[-75.655496073369477,45.415784706979743,0.0],[-75.655482349806888,45.415791368411504,0.0],[-75.655468663075226,45.415798067677159,0.0],[-75.655455010479528,45.415804802254449,0.0],[-75.655441391121514,45.415811568990399,0.0],[-75.655427804102828,45.415818367885016,0.0],[-75.655414244033622,45.41582519389366,0.0],[-75.655400710913867,45.415832047016366,0.0],[-75.65538720294694,45.415838923469657,0.0],[-75.655373717437897,45.415845821361692,0.0],[-75.655360251691789,45.415852739431422,0.0],[-75.655346803911982,45.415859674525876,0.0],[-75.655333372301854,45.415866625383913,0.0],[-75.655319954166458,45.415873588222127,0.0],[-75.655306546810849,45.415880563040417,0.0],[-75.6552931493367,45.415887545424752,0.0],[-75.65527975725243,45.415894534744616,0.0],[-75.655266371456392,45.415901528477626,0.0],[-75.655252987456976,45.415908524101489,0.0],[-75.653016810321887,45.417077379538476,0.0],[-75.653010852694933,45.41708049389468,0.0],[-75.653004894169655,45.41708360698965,0.0],[-75.652998936542701,45.417086719453827,0.0],[-75.652992977119112,45.417089831287299,0.0],[-75.652987017695509,45.417092941859451,0.0],[-75.652981054678648,45.417096051800918,0.0],[-75.652975091661801,45.417099159850473,0.0],[-75.652969126848305,45.417102266008193,0.0],[-75.652963159339862,45.417105369643444,0.0],[-75.652957188238176,45.41710847012574,0.0],[-75.652951214441543,45.417111568085609,0.0],[-75.652945238848275,45.417114663523066,0.0],[-75.652939256966803,45.417117755176953,0.0],[-75.652933273288681,45.417120843047265,0.0],[-75.652927286017302,45.417123927764635,0.0],[-75.652921293356059,45.417127007437294,0.0],[-75.652915296203219,45.417130082695856,0.0],[-75.652909293660485,45.417133153540284,0.0],[-75.652903285727874,45.417136218709508,0.0],[-75.652897273303665,45.417139278834021,0.0],[-75.652891253692943,45.417142333283358,0.0],[-75.652885229590666,45.417145381426863,0.0],[-75.652879198301832,45.417148423895092,0.0],[-75.652873160724809,45.417151459427025,0.0],[-75.652867115062961,45.417154488653118,0.0],[-75.65286106311288,45.417157510312286,0.0],[-75.652855003976299,45.417160523774029,0.0],[-75.652848936754864,45.41716353156049,0.0],[-75.65284286144859,45.417166529888377,0.0],[-75.652836778057491,45.417169519388146,0.0],[-75.652830686581552,45.417172501321083,0.0]]]}},
{"type":"Feature","properties":{"OBJECTID":155,"STATUS":"Active","LEGAL_NAME":null,"COMMON_NAM":"O-Train Confederation Line","RAIL_TYPE":"LRT","MISC":null,"COMMONNAME":"Ligne de la Confédération de l'O-Train","LABEL_BIL":null,"GIS_UNIQUE":null,"GLOBALID":"{F6FE9C62-12B0-4CBF-966F-1C81625E64AF}","CREATED_DA":"2022-07-04T10:57:17Z","LAST_EDITE":"2022-07-04T11:17:02Z","Shape_Leng":24.269901619169882},"geometry":{"type":"MultiLineString","coordinates":[[[-75.652648038423038,45.417256022492722,0.0],[-75.652740269361274,45.41721523906358,0.0],[-75.652830686581552,45.417172501321083,0.0]]]}},
{"type":"Feature","properties":{"OBJECTID":156,"STATUS":"Active","LEGAL_NAME":null,"COMMON_NAM":"O-Train Confederation Line","RAIL_TYPE":"LRT","MISC":null,"COMMONNAME":"Ligne de la Confédération de l'O-Train","LABEL_BIL":null,"GIS_UNIQUE":null,"GLOBALID":"{56CCAEAA-6CE3-4BBA-B065-0A6E2B38A998}","CREATED_DA":"2022-07-04T10:57:17Z","LAST_EDITE":"2022-07-04T11:17:02Z","Shape_Leng":67.644502747326399},"geometry":{"type":"MultiLineString","coordinates":[[[-75.71857153616547,45.412018865760309,0.0],[-75.718673337429962,45.411972279452769,0.0],[-75.718771936194798,45.4119224139925,0.0],[-75.718867118302697,45.411869377679174,0.0],[-75.718958677017312,45.411813285699296,0.0],[-75.719046413472427,45.411754259876204,0.0]]]}},
{"type":"Feature","properties":{"OBJECTID":157,"STATUS":"Active","LEGAL_NAME":null,"COMMON_NAM":"O-Train Confederation Line","RAIL_TYPE":"LRT","MISC":null,"COMMONNAME":"Ligne de la Confédération de l'O-Train","LABEL_BIL":null,"GIS_UNIQUE":null,"GLOBALID":"{AFAFC423-9FA4-49C1-81EC-BAA201619172}","CREATED_DA":"2022-07-04T10:57:17Z","LAST_EDITE":"2022-07-04T11:17:02Z","Shape_Leng":136.68054711140894},"geometry":{"type":"MultiLineString","coordinates":[[[-75.659342978318023,45.415287166936238,0.0],[-75.659439957264297,45.415264314107731,0.0],[-75.659534414374107,45.415236743494717,0.0],[-75.659625884535501,45.415204590849562,0.0],[-75.659713917344448,45.415168014485971,0.0],[-75.659798079322641,45.415127194499533,0.0],[-75.659877956051957,45.415082331881081,0.0],[-75.659953154215046,45.415033647527238,0.0],[-75.6600233035321,45.414981381152828,0.0],[-75.660088058584066,45.414925790110743,0.0],[-75.660147100513598,45.414867148124863,0.0],[-75.660200138595002,45.414805743942487,0.0],[-75.660246911665922,45.414741879912604,0.0]]]}},
{"type":"Feature","properties":{"OBJECTID":158,"STATUS":"Active","LEGAL_NAME":null,"COMMON_NAM":"O-Train Confederation Line","RAIL_TYPE":"LRT","MISC":null,"COMMONNAME":"Ligne de la Confédération de l'O-Train","LABEL_BIL":null,"GIS_UNIQUE":null,"GLOBALID":"{2C7B7E24-8106-4992-A716-42804237EB6D}","CREATED_DA":"2022-07-04T10:57:17Z","LAST_EDITE":"2022-07-04T11:17:02Z","Shape_Leng":843.89095099469569},"geometry":{"type":"MultiLineString","coordinates":[[[-75.669479694646483,45.415779942958387,0.0],[-75.669474210431659,45.415772632659738,0.0],[-75.669468805268593,45.415765293984201,0.0],[-75.669463473767394,45.415757928192768,0.0],[-75.669458215928032,45.415750536546639,0.0],[-75.6694530299539,45.415743120306949,0.0],[-75.669447910455091,45.415735680734848,0.0],[-75.669442858329944,45.415728218460949,0.0],[-75.669437869086835,45.41572073474633,0.0],[-75.669432940929198,45.415713230852219,0.0],[-75.669428071162045,45.415705708670281,0.0],[-75.669423256192118,45.415698168831149,0.0],[-75.669418496019432,45.415690611334753,0.0],[-75.669413786152404,45.415683039333999,0.0],[-75.669409124794385,45.415675450937172,0.0],[-75.669404508352144,45.415667849297144,0.0],[-75.669399935927345,45.41566023567507,0.0],[-75.669395403028417,45.415652610070971,0.0],[-75.669390907858741,45.415644972484806,0.0],[-75.669386448621665,45.415637324808309,0.0],[-75.669382021723948,45.415629667672079,0.0],[-75.669377624470627,45.41562200233728,0.0],[-75.669373254166771,45.41561432880389,0.0],[-75.669368909015745,45.415606649594231,0.0],[-75.669364585424276,45.415598962816532,0.0],[-75.669360279799122,45.415591272254332,0.0],[-75.669355991241957,45.415583576015848,0.0],[-75.669351716159525,45.415575875992857,0.0],[-75.669347451856865,45.415568174077052,0.0],[-75.669343196537355,45.415560469007282,0.0],[-75.669338946607766,45.415552762044726,0.0],[-75.669334698474771,45.415545055711668,0.0],[-75.668003980026967,45.413130189999045,0.0],[-75.667996524010107,45.413116660928587,0.0],[-75.667989058111772,45.413103134377316,0.0],[-75.667981576942097,45.413089611606516,0.0],[-75.667974069721268,45.413076095138493,0.0],[-75.667966530161081,45.41306258875705,0.0],[-75.667958948380075,45.413049093092688,0.0],[-75.667951317191751,45.413035612559732,0.0],[-75.667943628511225,45.413022147788787,0.0],[-75.667935872457065,45.413008702563538,0.0],[-75.667928042741053,45.412995278145218,0.0],[-75.66792013038004,45.412981877056254,0.0],[-75.66791212639086,45.412968503710943,0.0],[-75.667904024485296,45.412955159370561,0.0],[-75.667895815680225,45.41294184781875,0.0],[-75.667887492789134,45.412928570947365,0.0],[-75.667879047727141,45.412915333170758,0.0],[-75.667870472409447,45.412902137011308,0.0],[-75.667861757852862,45.412888984991589,0.0],[-75.667852899565858,45.412875881525835,0.0],[-75.667843887666919,45.412862830397756,0.0],[-75.667834714969558,45.412849835391093,0.0],[-75.667825375185544,45.412836898397693,0.0],[-75.667815860230064,45.412824025093094,0.0],[-75.667806163814873,45.412811219260995,0.0],[-75.667796278753499,45.412798485315797,0.0],[-75.667786197859371,45.412785827671804,0.0],[-75.667775916640949,45.4127732507433,0.0],[-75.667765425216743,45.412760760205892,0.0],[-75.667754719993511,45.412748359212706,0.0],[-75.667743794683005,45.412736054069889,0.0],[-75.66773264209877,45.412723851083705,0.0],[-75.667672799480428,45.412663806739303,0.0],[-75.667607272348846,45.412606761756187,0.0],[-75.667536364790962,45.412552980868305,0.0],[-75.667460405862244,45.412502713662334,0.0],[-75.667379748059773,45.412456193419281,0.0],[-75.667294765686236,45.412413636031744,0.0],[-75.667205853113146,45.412375239001832,0.0],[-75.667113422950521,45.412341180524464,0.0],[-75.667017904132223,45.412311618660311,0.0],[-75.666919739925461,45.412286690602109,0.0],[-75.666819385873609,45.41226651203786,0.0],[-75.666717307682418,45.412251176613871,0.0],[-75.66661397905861,45.412240755500093,0.0],[-75.666593478605492,45.412239290574107,0.0],[-75.666572953897898,45.412238013572299,0.0],[-75.666552406732407,45.412236917557891,0.0],[-75.666531843397237,45.412235997485908,0.0],[-75.666511265689024,45.41223524768084,0.0],[-75.666490676302715,45.412234661205929,0.0],[-75.666470080628187,45.412234231124302,0.0],[-75.666449479563767,45.412233953021662,0.0],[-75.666428874906103,45.412233818699953,0.0],[-75.666408269350114,45.412233823114306,0.0],[-75.666387664692436,45.412233959958435,0.0],[-75.666367063628044,45.412234222295645,0.0],[-75.666346465258584,45.412234605080904,0.0],[-75.666325872278989,45.412235100746805,0.0],[-75.666305283791004,45.412235702356568,0.0],[-75.66628470248952,45.412236405495882,0.0],[-75.666264129272889,45.412237201966668,0.0],[-75.666243561446151,45.412238087354609,0.0],[-75.66622300260255,45.412239054092289,0.0],[-75.666202449148855,45.412240095242886,0.0],[-75.666181904678297,45.412241206392046,0.0],[-75.66616136649597,45.412242379972447,0.0],[-75.666140835500158,45.41224361030838,0.0],[-75.666120310792536,45.412244890463171,0.0],[-75.666099790576496,45.41224621476119,0.0],[-75.666079276648674,45.412247576896242,0.0],[-75.666058766314109,45.412248969300983,0.0],[-75.666038258674476,45.412250388191559,0.0],[-75.666017754628129,45.412251824739478,0.0],[-75.665997252378389,45.412253273899701,0.0],[-75.665976751026975,45.412254729996654,0.0],[-75.665090509998592,45.412317695907511,0.0]]]}},
{"type":"Feature","properties":{"OBJECTID":159,"STATUS":"Active","LEGAL_NAME":null,"COMMON_NAM":"O-Train Confederation Line","RAIL_TYPE":"LRT","MISC":null,"COMMONNAME":"Ligne de la Confédération de l'O-Train","LABEL_BIL":null,"GIS_UNIQUE":null,"GLOBALID":"{38C774E0-7C6E-400C-94F0-7299C3712526}","CREATED_DA":"2022-07-04T10:57:17Z","LAST_EDITE":"2022-07-04T11:17:02Z","Shape_Leng":263.90962891172023},"geometry":{"type":"MultiLineString","coordinates":[[[-75.623101634854706,45.424847449548132,0.0],[-75.62324675381717,45.424826496515173,0.0],[-75.623390331576033,45.424800841080668,0.0],[-75.623532058969758,45.424770538481297,0.0],[-75.623671630821136,45.424735653959281,0.0],[-75.623808746594392,45.424696262621978,0.0],[-75.623943111042394,45.42465244928021,0.0],[-75.624074434842299,45.424604308265678,0.0],[-75.624202435218635,45.424551943228039,0.0],[-75.624326836552171,45.424495466911708,0.0],[-75.624447370973314,45.424435000913256,0.0],[-75.624563778939049,45.424370675419638,0.0],[-75.624675809791725,45.424302628927997,0.0],[-75.624783222298703,45.424231007947583,0.0],[-75.624885785172012,45.424155966684317,0.0],[-75.624983277566159,45.424077666708939,0.0],[-75.625075489553765,45.423996276609159,0.0]]]}},
{"type":"Feature","properties":{"OBJECTID":403,"STATUS":"Active","LEGAL_NAME":null,"COMMON_NAM":"O-Train Confederation Line","RAIL_TYPE":"LRT","MISC":null,"COMMONNAME":"Ligne de la Confédération de l'O-Train","LABEL_BIL":null,"GIS_UNIQUE":null,"GLOBALID":"{4ECDD982-8F53-497D-A028-2336E7D450B2}","CREATED_DA":"2022-07-07T09:56:37Z","LAST_EDITE":"2026-06-09T15:32:02Z","Shape_Leng":49.031011981457439},"geometry":{"type":"MultiLineString","coordinates":[[[-75.715220642289282,45.413067894700731,0.0],[-75.715357374996742,45.413030361823424,0.0],[-75.715492840332075,45.412990628710283,0.0],[-75.715626966461969,45.412948716426001,0.0]]]}},
{"type":"Feature","properties":{"OBJECTID":723,"STATUS":"Non-Active","LEGAL_NAME":"Trillium Rail Corridor","COMMON_NAM":"Trillium Rail Corridor","RAIL_TYPE":null,"MISC":"Prescott","COMMONNAME":"corridor ferroviaire Prescott","LABEL_BIL":"corridor ferroviaire Prescott rail corridor","GIS_UNIQUE":null,"GLOBALID":"{54AE5AC0-9B4C-4134-8365-7F50A35461D6}","CREATED_DA":"2025-04-25T09:11:59Z","LAST_EDITE":"2025-04-25T09:37:14Z","Shape_Leng":12685.043493713127},"geometry":{"type":"MultiLineString","coordinates":[[[-75.627803386509058,45.297153130322307,0.0],[-75.627815677258781,45.29724049828075,0.0],[-75.628286484299181,45.300618441639507,0.0],[-75.628609459186535,45.302834580571229,0.0],[-75.629310958981819,45.307807197172139,0.0],[-75.629513089802202,45.308762596947631,0.0],[-75.629755415739979,45.309592321774304,0.0],[-75.629902223813602,45.309998380497291,0.0],[-75.630221486862226,45.310801695259286,0.0],[-75.630617271999981,45.311605590576946,0.0],[-75.633203290835951,45.315971612822416,0.0],[-75.633337551241667,45.316199344981463,0.0]],[[-75.612442439578061,45.105044511076279,0.0],[-75.612427494221009,45.105093710201977,0.0],[-75.611293911062276,45.10882725149331,0.0],[-75.610516565609274,45.111475866684593,0.0],[-75.607986125539952,45.119879151207428,0.0],[-75.607702265995002,45.120983812463372,0.0],[-75.607618833166356,45.121451110831423,0.0],[-75.607517575965844,45.122251232351012,0.0],[-75.607456650426641,45.122907685990654,0.0],[-75.607432469575826,45.12365441778018,0.0],[-75.607465609324976,45.124806554478099,0.0],[-75.607552902214394,45.125743139574496,0.0],[-75.607668659121913,45.126481967511573,0.0],[-75.608440601208486,45.130015636728686,0.0]]]}},
{"type":"Feature","properties":{"OBJECTID":724,"STATUS":"Active","LEGAL_NAME":"O-Train Line 4","COMMON_NAM":"Line 4","RAIL_TYPE":"Heavy","MISC":"Line 4","COMMONNAME":"ligne 4","LABEL_BIL":"Line/Ligne 4","GIS_UNIQUE":null,"GLOBALID":"{BA36B2DD-796A-471E-8A12-2B2A2E5ADF55}","CREATED_DA":"2025-04-25T09:25:42Z","LAST_EDITE":"2025-04-25T09:25:42Z","Shape_Leng":1915.4960706578397},"geometry":{"type":"MultiLineString","coordinates":[[[-75.649640175221251,45.343540429392178,0.0],[-75.649447578220958,45.343101886751896,0.0],[-75.649401769531366,45.342914110514471,0.0],[-75.649313019574549,45.342563724240613,0.0],[-75.649299154078136,45.342191038548258,0.0],[-75.649323732882621,45.34184835408162,0.0],[-75.64939685754338,45.341510601358799,0.0],[-75.649484954424977,45.341255250143341,0.0],[-75.649622106507607,45.340970547791862,0.0],[-75.650028673225421,45.340226122211327,0.0],[-75.650496871558246,45.339477581916022,0.0],[-75.650804041486495,45.338876418109535,0.0],[-75.652351641091684,45.336162352386914,0.0],[-75.653088251539813,45.334851158958124,0.0],[-75.65342863847232,45.334408983639527,0.0],[-75.653905254917674,45.333950376612961,0.0],[-75.654404768521289,45.333614012166073,0.0],[-75.654853406038825,45.333373183899184,0.0],[-75.656007373767949,45.332923041995222,0.0]]]}},
{"type":"Feature","properties":{"OBJECTID":725,"STATUS":"Active","LEGAL_NAME":"O-Train Line 4","COMMON_NAM":"Line 4","RAIL_TYPE":"Heavy","MISC":"Line 4","COMMONNAME":"ligne 4","LABEL_BIL":"Line/Ligne 4","GIS_UNIQUE":null,"GLOBALID":"{1DCB6272-A999-49F8-AB68-E9F3F5F831C1}","CREATED_DA":"2025-04-25T09:25:42Z","LAST_EDITE":"2025-04-25T09:25:42Z","Shape_Leng":2174.1894368991775},"geometry":{"type":"MultiLineString","coordinates":[[[-75.656007373767949,45.332923041995222,0.0],[-75.658162029689308,45.33201120402191,0.0],[-75.659990042901995,45.331283497648414,0.0],[-75.661641616213117,45.330781176284873,0.0],[-75.662287970229713,45.330541770807358,0.0],[-75.663009638101414,45.330224436320727,0.0],[-75.66456803904957,45.32932900786745,0.0],[-75.666400616602203,45.328278607137918,0.0],[-75.666899752015098,45.327959623603306,0.0],[-75.667350080161981,45.327596684690754,0.0],[-75.66777644844359,45.327181251398677,0.0],[-75.668154392141517,45.326695706119381,0.0],[-75.66843498271713,45.326104816940017,0.0],[-75.668551067509711,45.325774316250886,0.0],[-75.668636703905747,45.32499017600761,0.0],[-75.668737118486533,45.32404046894068,0.0],[-75.668686776898014,45.323734468196726,0.0]]]}},
{"type":"Feature","properties":{"OBJECTID":726,"STATUS":"Active","LEGAL_NAME":"Trillium Rail Corridor","COMMON_NAM":"Trillium Rail Corridor","RAIL_TYPE":null,"MISC":"Prescott","COMMONNAME":"corridor ferroviaire Prescott","LABEL_BIL":"corridor ferroviaire Prescott rail corridor","GIS_UNIQUE":null,"GLOBALID":"{E65D0E72-483D-4C97-91AC-9FA66D93C2A8}","CREATED_DA":"2025-04-25T09:30:29Z","LAST_EDITE":"2025-04-25T09:30:29Z","Shape_Leng":865.62041053211533},"geometry":{"type":"MultiLineString","coordinates":[[[-75.627803386509058,45.297153130322307,0.0],[-75.627905782773368,45.296129634571969,0.0],[-75.628399573210302,45.295348636118284,0.0],[-75.628975280119704,45.294864727108106,0.0],[-75.629896050590986,45.294435763661319,0.0],[-75.632620511490316,45.293394033420512,0.0]]]}},
{"type":"Feature","properties":{"OBJECTID":727,"STATUS":"Active","LEGAL_NAME":"Trillium Rail Corridor","COMMON_NAM":"Trillium Rail Corridor","RAIL_TYPE":null,"MISC":"Prescott","COMMONNAME":"corridor ferroviaire Prescott","LABEL_BIL":"corridor ferroviaire Prescott rail corridor","GIS_UNIQUE":null,"GLOBALID":"{8B18C920-1EA9-4C80-87F3-CC6086ABCEBE}","CREATED_DA":"2025-04-25T09:30:29Z","LAST_EDITE":"2025-04-25T09:30:29Z","Shape_Leng":3143.506339260593},"geometry":{"type":"MultiLineString","coordinates":[[[-75.632620511490316,45.293394033420512,0.0],[-75.6354431357923,45.292295796047341,0.0],[-75.636628311892736,45.29178703184796,0.0],[-75.637796851194111,45.291101011750371,0.0],[-75.639083840552203,45.29023875502461,0.0],[-75.640681843729666,45.28922895421308,0.0],[-75.641654208040961,45.288745786139124,0.0],[-75.650800854263878,45.28501293412662,0.0],[-75.651946335608528,45.284558213132556,0.0],[-75.652740183113309,45.28438698693283,0.0],[-75.654037790558078,45.284083242749496,0.0],[-75.655046729776146,45.283722850608953,0.0],[-75.655811258965031,45.283293640451838,0.0],[-75.656271767719005,45.282841803046139,0.0]]]}},
{"type":"Feature","properties":{"OBJECTID":728,"STATUS":"Active","LEGAL_NAME":"Trillium Rail Corridor","COMMON_NAM":"Trillium Rail Corridor","RAIL_TYPE":null,"MISC":"Prescott","COMMONNAME":"corridor ferroviaire Prescott","LABEL_BIL":"corridor ferroviaire Prescott rail corridor","GIS_UNIQUE":null,"GLOBALID":"{82A3B21E-44B8-4291-B552-5B6838E85400}","CREATED_DA":"2025-04-25T09:30:29Z","LAST_EDITE":"2025-04-25T09:30:29Z","Shape_Leng":1523.7665703007042},"geometry":{"type":"MultiLineString","coordinates":[[[-75.667243106981317,45.277298698270073,0.0],[-75.66565709092302,45.277952532982873,0.0],[-75.665437822043629,45.278051919209744,0.0],[-75.662717878771858,45.279182325732201,0.0],[-75.659197814161374,45.280653874632982,0.0],[-75.658186154844572,45.281103561426718,0.0],[-75.657763989780179,45.281371875916889,0.0],[-75.656614780427105,45.282453863290336,0.0],[-75.656519087391459,45.282538869745643,0.0],[-75.656271767719005,45.282841803046139,0.0]]]}},
{"type":"Feature","properties":{"OBJECTID":729,"STATUS":"Non-Active","LEGAL_NAME":"Riverside South Rail Corridor","COMMON_NAM":"Riverside South Rail Corridor","RAIL_TYPE":null,"MISC":"Riverside South","COMMONNAME":"corridor ferroviaire Riverside South","LABEL_BIL":"corridor ferroviaire Riverside South rail corridor","GIS_UNIQUE":null,"GLOBALID":"{E93165F0-659C-4C03-B96F-E91B923F7752}","CREATED_DA":"2025-04-25T09:30:29Z","LAST_EDITE":"2025-04-25T09:30:29Z","Shape_Leng":1336.7931795959166},"geometry":{"type":"MultiLineString","coordinates":[[[-75.673850142234159,45.270583240249621,0.0],[-75.673054083975458,45.271673399525909,0.0],[-75.672205285626433,45.272953909058778,0.0],[-75.671645424998644,45.273887939897961,0.0],[-75.670932192307461,45.2751637083025,0.0],[-75.670561305774442,45.275622916311299,0.0],[-75.670158290995246,45.275972368291065,0.0],[-75.669732935114965,45.276234751070703,0.0],[-75.669350732504284,45.276428398345679,0.0],[-75.668829087107014,45.276644840220101,0.0],[-75.667243106981317,45.277298698270073,0.0]]]}}
]
}
